Workbook
Name List1: #REF!
Name List10: #REF!
Name List11: #REF!
Name List12: #REF!
Name List13: #REF!
Name List14: #REF!
Name List15: #REF!
Name List16: #REF!
Name List17: #REF!
Name List18: #REF!
Name List19: #REF!
Name List2: #REF!
Name List20: #REF!
Name List21: #REF!
Name List3: #REF!
Name List3b: #REF!
Name List4: #REF!
Name List5: #REF!
Name List7: #REF!
Name List8: #REF!
Name List9: #REF!
Name Plantas: [1]BACK!$J$3:$J$7
Name Slicer_DPTO: #N/A
Name table1: #REF!
Name Table2: '[2]C2018 PROD Volumes Planned'!$B$2:$S$311

Sheet Sheet1
A1: DPTO | B1: MEDIO AMBIENTE
A3: Etiquetas de fila | B3: Count of SHARP
A4: CHAVOS AMBIENTALES | B4: 4
A5: ROBERTO CARLOS SANCHEZ DE SANTIAGO | B5: 4
A6: GERENTES DE HIERRO | B6: 6
A7: EDGAR OSWALDO MARTINEZ HUITRADO | B7: 6
A8: LOS ESPECIALISTAS | B8: 4
A9: NANCY ERENDIRA TEJEDOR SANTOS | B9: 4
A10: LOS PUMAS | B10: 4
A11: ALEJANDRO SALCEDO BRAVO | B11: 4
A12: LAS ESTRELLAS | B12: 7
A13: ISAI FLORES ORTIZ | B13: 7
A14: Grand Total | B14: 25

Sheet ZACATECAS
O1: * ESTA BASE DE DATOS ESTÁ SUJETA A CAMBIOS POR ENTRADAS Y SALIDAS DE PERSONAL | V1: * ESTA BASE DE DATOS ESTÁ SUJETA A CAMBIOS POR ENTRADAS Y SALIDAS DE PERSONAL | AD1: * ESTA BASE DE DATOS ESTÁ SUJETA A CAMBIOS POR ENTRADAS Y SALIDAS DE PERSONAL | AL1: * ESTA BASE DE DATOS ESTÁ SUJETA A CAMBIOS POR ENTRADAS Y SALIDAS DE PERSONAL | AT1: * ESTA BASE DE DATOS ESTÁ SUJETA A CAMBIOS POR ENTRADAS Y SALIDAS DE PERSONAL | BB1: * ESTA BASE DE DATOS ESTÁ SUJETA A CAMBIOS POR ENTRADAS Y SALIDAS DE PERSONAL | BJ1: * ESTA BASE DE DATOS ESTÁ SUJETA A CAMBIOS POR ENTRADAS Y SALIDAS DE PERSONAL | BR1: * ESTA BASE DE DATOS ESTÁ SUJETA A CAMBIOS POR ENTRADAS Y SALIDAS DE PERSONAL | BZ1: * ESTA BASE DE DATOS ESTÁ SUJETA A CAMBIOS POR ENTRADAS Y SALIDAS DE PERSONAL | CH1: * ESTA BASE DE DATOS ESTÁ SUJETA A CAMBIOS POR ENTRADAS Y SALIDAS DE PERSONAL | CP1: * ESTA BASE DE DATOS ESTÁ SUJETA A CAMBIOS POR ENTRADAS Y SALIDAS DE PERSONAL | CX1: * ESTA BASE DE DATOS ESTÁ SUJETA A CAMBIOS POR ENTRADAS Y SALIDAS DE PERSONAL | DF1: * ESTA BASE DE DATOS ESTÁ SUJETA A CAMBIOS POR ENTRADAS Y SALIDAS DE PERSONAL | DN1: * ESTA BASE DE DATOS ESTÁ SUJETA A CAMBIOS POR ENTRADAS Y SALIDAS DE PERSONAL | DV1: * ESTA BASE DE DATOS ESTÁ SUJETA A CAMBIOS POR ENTRADAS Y SALIDAS DE PERSONAL | ED1: * ESTA BASE DE DATOS ESTÁ SUJETA A CAMBIOS POR ENTRADAS Y SALIDAS DE PERSONAL | EL1: * ESTA BASE DE DATOS ESTÁ SUJETA A CAMBIOS POR ENTRADAS Y SALIDAS DE PERSONAL | ET1: * ESTA BASE DE DATOS ESTÁ SUJETA A CAMBIOS POR ENTRADAS Y SALIDAS DE PERSONAL | FB1: * ESTA BASE DE DATOS ESTÁ SUJETA A CAMBIOS POR ENTRADAS Y SALIDAS DE PERSONAL | FJ1: * ESTA BASE DE DATOS ESTÁ SUJETA A CAMBIOS POR ENTRADAS Y SALIDAS DE PERSONAL | FR1: * ESTA BASE DE DATOS ESTÁ SUJETA A CAMBIOS POR ENTRADAS Y SALIDAS DE PERSONAL | FZ1: * ESTA BASE DE DATOS ESTÁ SUJETA A CAMBIOS POR ENTRADAS Y SALIDAS DE PERSONAL | GH1: * ESTA BASE DE DATOS ESTÁ SUJETA A CAMBIOS POR ENTRADAS Y SALIDAS DE PERSONAL | GP1: * ESTA BASE DE DATOS ESTÁ SUJETA A CAMBIOS POR ENTRADAS Y SALIDAS DE PERSONAL | GX1: * ESTA BASE DE DATOS ESTÁ SUJETA A CAMBIOS POR ENTRADAS Y SALIDAS DE PERSONAL | HF1: * ESTA BASE DE DATOS ESTÁ SUJETA A CAMBIOS POR ENTRADAS Y SALIDAS DE PERSONAL | HN1: * ESTA BASE DE DATOS ESTÁ SUJETA A CAMBIOS POR ENTRADAS Y SALIDAS DE PERSONAL | HV1: * ESTA BASE DE DATOS ESTÁ SUJETA A CAMBIOS POR ENTRADAS Y SALIDAS DE PERSONAL | ID1: * ESTA BASE DE DATOS ESTÁ SUJETA A CAMBIOS POR ENTRADAS Y SALIDAS DE PERSONAL | IL1: * ESTA BASE DE DATOS ESTÁ SUJETA A CAMBIOS POR ENTRADAS Y SALIDAS DE PERSONAL | IT1: * ESTA BASE DE DATOS ESTÁ SUJETA A CAMBIOS POR ENTRADAS Y SALIDAS DE PERSONAL | JB1: * ESTA BASE DE DATOS ESTÁ SUJETA A CAMBIOS POR ENTRADAS Y SALIDAS DE PERSONAL | JJ1: * ESTA BASE DE DATOS ESTÁ SUJETA A CAMBIOS POR ENTRADAS Y SALIDAS DE PERSONAL | JR1: * ESTA BASE DE DATOS ESTÁ SUJETA A CAMBIOS POR ENTRADAS Y SALIDAS DE PERSONAL | JZ1: * ESTA BASE DE DATOS ESTÁ SUJETA A CAMBIOS POR ENTRADAS Y SALIDAS DE PERSONAL | KH1: * ESTA BASE DE DATOS ESTÁ SUJETA A CAMBIOS POR ENTRADAS Y SALIDAS DE PERSONAL | KP1: * ESTA BASE DE DATOS ESTÁ SUJETA A CAMBIOS POR ENTRADAS Y SALIDAS DE PERSONAL | KX1: * ESTA BASE DE DATOS ESTÁ SUJETA A CAMBIOS POR ENTRADAS Y SALIDAS DE PERSONAL | LF1: * ESTA BASE DE DATOS ESTÁ SUJETA A CAMBIOS POR ENTRADAS Y SALIDAS DE PERSONAL | LN1: * ESTA BASE DE DATOS ESTÁ SUJETA A CAMBIOS POR ENTRADAS Y SALIDAS DE PERSONAL | LV1: * ESTA BASE DE DATOS ESTÁ SUJETA A CAMBIOS POR ENTRADAS Y SALIDAS DE PERSONAL | MD1: * ESTA BASE DE DATOS ESTÁ SUJETA A CAMBIOS POR ENTRADAS Y SALIDAS DE PERSONAL | ML1: * ESTA BASE DE DATOS ESTÁ SUJETA A CAMBIOS POR ENTRADAS Y SALIDAS DE PERSONAL | MT1: * ESTA BASE DE DATOS ESTÁ SUJETA A CAMBIOS POR ENTRADAS Y SALIDAS DE PERSONAL | NB1: * ESTA BASE DE DATOS ESTÁ SUJETA A CAMBIOS POR ENTRADAS Y SALIDAS DE PERSONAL | NJ1: * ESTA BASE DE DATOS ESTÁ SUJETA A CAMBIOS POR ENTRADAS Y SALIDAS DE PERSONAL | NR1: * ESTA BASE DE DATOS ESTÁ SUJETA A CAMBIOS POR ENTRADAS Y SALIDAS DE PERSONAL | NZ1: * ESTA BASE DE DATOS ESTÁ SUJETA A CAMBIOS POR ENTRADAS Y SALIDAS DE PERSONAL | OH1: * ESTA BASE DE DATOS ESTÁ SUJETA A CAMBIOS POR ENTRADAS Y SALIDAS DE PERSONAL | OP1: * ESTA BASE DE DATOS ESTÁ SUJETA A CAMBIOS POR ENTRADAS Y SALIDAS DE PERSONAL | OX1: * ESTA BASE DE DATOS ESTÁ SUJETA A CAMBIOS POR ENTRADAS Y SALIDAS DE PERSONAL | PF1: * ESTA BASE DE DATOS ESTÁ SUJETA A CAMBIOS POR ENTRADAS Y SALIDAS DE PERSONAL | PN1: * ESTA BASE DE DATOS ESTÁ SUJETA A CAMBIOS POR ENTRADAS Y SALIDAS DE PERSONAL | PV1: * ESTA BASE DE DATOS ESTÁ SUJETA A CAMBIOS POR ENTRADAS Y SALIDAS DE PERSONAL | QD1: * ESTA BASE DE DATOS ESTÁ SUJETA A CAMBIOS POR ENTRADAS Y SALIDAS DE PERSONAL | QL1: * ESTA BASE DE DATOS ESTÁ SUJETA A CAMBIOS POR ENTRADAS Y SALIDAS DE PERSONAL | QT1: * ESTA BASE DE DATOS ESTÁ SUJETA A CAMBIOS POR ENTRADAS Y SALIDAS DE PERSONAL | RB1: * ESTA BASE DE DATOS ESTÁ SUJETA A CAMBIOS POR ENTRADAS Y SALIDAS DE PERSONAL | RJ1: * ESTA BASE DE DATOS ESTÁ SUJETA A CAMBIOS POR ENTRADAS Y SALIDAS DE PERSONAL | RR1: * ESTA BASE DE DATOS ESTÁ SUJETA A CAMBIOS POR ENTRADAS Y SALIDAS DE PERSONAL | RZ1: * ESTA BASE DE DATOS ESTÁ SUJETA A CAMBIOS POR ENTRADAS Y SALIDAS DE PERSONAL | SH1: * ESTA BASE DE DATOS ESTÁ SUJETA A CAMBIOS POR ENTRADAS Y SALIDAS DE PERSONAL | SP1: * ESTA BASE DE DATOS ESTÁ SUJETA A CAMBIOS POR ENTRADAS Y SALIDAS DE PERSONAL | SX1: * ESTA BASE DE DATOS ESTÁ SUJETA A CAMBIOS POR ENTRADAS Y SALIDAS DE PERSONAL | TF1: * ESTA BASE DE DATOS ESTÁ SUJETA A CAMBIOS POR ENTRADAS Y SALIDAS DE PERSONAL | TN1: * ESTA BASE DE DATOS ESTÁ SUJETA A CAMBIOS POR ENTRADAS Y SALIDAS DE PERSONAL | TV1: * ESTA BASE DE DATOS ESTÁ SUJETA A CAMBIOS POR ENTRADAS Y SALIDAS DE PERSONAL | UD1: * ESTA BASE DE DATOS ESTÁ SUJETA A CAMBIOS POR ENTRADAS Y SALIDAS DE PERSONAL | UL1: * ESTA BASE DE DATOS ESTÁ SUJETA A CAMBIOS POR ENTRADAS Y SALIDAS DE PERSONAL | UT1: * ESTA BASE DE DATOS ESTÁ SUJETA A CAMBIOS POR ENTRADAS Y SALIDAS DE PERSONAL | VB1: * ESTA BASE DE DATOS ESTÁ SUJETA A CAMBIOS POR ENTRADAS Y SALIDAS DE PERSONAL | VJ1: * ESTA BASE DE DATOS ESTÁ SUJETA A CAMBIOS POR ENTRADAS Y SALIDAS DE PERSONAL | VR1: * ESTA BASE DE DATOS ESTÁ SUJETA A CAMBIOS POR ENTRADAS Y SALIDAS DE PERSONAL | VZ1: * ESTA BASE DE DATOS ESTÁ SUJETA A CAMBIOS POR ENTRADAS Y SALIDAS DE PERSONAL | WH1: * ESTA BASE DE DATOS ESTÁ SUJETA A CAMBIOS POR ENTRADAS Y SALIDAS DE PERSONAL | WP1: * ESTA BASE DE DATOS ESTÁ SUJETA A CAMBIOS POR ENTRADAS Y SALIDAS DE PERSONAL | WX1: * ESTA BASE DE DATOS ESTÁ SUJETA A CAMBIOS POR ENTRADAS Y SALIDAS DE PERSONAL | XF1: * ESTA BASE DE DATOS ESTÁ SUJETA A CAMBIOS POR ENTRADAS Y SALIDAS DE PERSONAL | XN1: * ESTA BASE DE DATOS ESTÁ SUJETA A CAMBIOS POR ENTRADAS Y SALIDAS DE PERSONAL | XV1: * ESTA BASE DE DATOS ESTÁ SUJETA A CAMBIOS POR ENTRADAS Y SALIDAS DE PERSONAL | YD1: * ESTA BASE DE DATOS ESTÁ SUJETA A CAMBIOS POR ENTRADAS Y SALIDAS DE PERSONAL | YL1: * ESTA BASE DE DATOS ESTÁ SUJETA A CAMBIOS POR ENTRADAS Y SALIDAS DE PERSONAL | YT1: * ESTA BASE DE DATOS ESTÁ SUJETA A CAMBIOS POR ENTRADAS Y SALIDAS DE PERSONAL | ZB1: * ESTA BASE DE DATOS ESTÁ SUJETA A CAMBIOS POR ENTRADAS Y SALIDAS DE PERSONAL | ZJ1: * ESTA BASE DE DATOS ESTÁ SUJETA A CAMBIOS POR ENTRADAS Y SALIDAS DE PERSONAL | ZR1: * ESTA BASE DE DATOS ESTÁ SUJETA A CAMBIOS POR ENTRADAS Y SALIDAS DE PERSONAL | ZZ1: * ESTA BASE DE DATOS ESTÁ SUJETA A CAMBIOS POR ENTRADAS Y SALIDAS DE PERSONAL | AAH1: * ESTA BASE DE DATOS ESTÁ SUJETA A CAMBIOS POR ENTRADAS Y SALIDAS DE PERSONAL | AAP1: * ESTA BASE DE DATOS ESTÁ SUJETA A CAMBIOS POR ENTRADAS Y SALIDAS DE PERSONAL | AAX1: * ESTA BASE DE DATOS ESTÁ SUJETA A CAMBIOS POR ENTRADAS Y SALIDAS DE PERSONAL | ABF1: * ESTA BASE DE DATOS ESTÁ SUJETA A CAMBIOS POR ENTRADAS Y SALIDAS DE PERSONAL | ABN1: * ESTA BASE DE DATOS ESTÁ SUJETA A CAMBIOS POR ENTRADAS Y SALIDAS DE PERSONAL | ABV1: * ESTA BASE DE DATOS ESTÁ SUJETA A CAMBIOS POR ENTRADAS Y SALIDAS DE PERSONAL | ACD1: * ESTA BASE DE DATOS ESTÁ SUJETA A CAMBIOS POR ENTRADAS Y SALIDAS DE PERSONAL | ACL1: * ESTA BASE DE DATOS ESTÁ SUJETA A CAMBIOS POR ENTRADAS Y SALIDAS DE PERSONAL | ACT1: * ESTA BASE DE DATOS ESTÁ SUJETA A CAMBIOS POR ENTRADAS Y SALIDAS DE PERSONAL | ADB1: * ESTA BASE DE DATOS ESTÁ SUJETA A CAMBIOS POR ENTRADAS Y SALIDAS DE PERSONAL | ADJ1: * ESTA BASE DE DATOS ESTÁ SUJETA A CAMBIOS POR ENTRADAS Y SALIDAS DE PERSONAL | ADR1: * ESTA BASE DE DATOS ESTÁ SUJETA A CAMBIOS POR ENTRADAS Y SALIDAS DE PERSONAL | ADZ1: * ESTA BASE DE DATOS ESTÁ SUJETA A CAMBIOS POR ENTRADAS Y SALIDAS DE PERSONAL | AEH1: * ESTA BASE DE DATOS ESTÁ SUJETA A CAMBIOS POR ENTRADAS Y SALIDAS DE PERSONAL | AEP1: * ESTA BASE DE DATOS ESTÁ SUJETA A CAMBIOS POR ENTRADAS Y SALIDAS DE PERSONAL | AEX1: * ESTA BASE DE DATOS ESTÁ SUJETA A CAMBIOS POR ENTRADAS Y SALIDAS DE PERSONAL | AFF1: * ESTA BASE DE DATOS ESTÁ SUJETA A CAMBIOS POR ENTRADAS Y SALIDAS DE PERSONAL | AFN1: * ESTA BASE DE DATOS ESTÁ SUJETA A CAMBIOS POR ENTRADAS Y SALIDAS DE PERSONAL | AFV1: * ESTA BASE DE DATOS ESTÁ SUJETA A CAMBIOS POR ENTRADAS Y SALIDAS DE PERSONAL | AGD1: * ESTA BASE DE DATOS ESTÁ SUJETA A CAMBIOS POR ENTRADAS Y SALIDAS DE PERSONAL | AGL1: * ESTA BASE DE DATOS ESTÁ SUJETA A CAMBIOS POR ENTRADAS Y SALIDAS DE PERSONAL | AGT1: * ESTA BASE DE DATOS ESTÁ SUJETA A CAMBIOS POR ENTRADAS Y SALIDAS DE PERSONAL | AHB1: * ESTA BASE DE DATOS ESTÁ SUJETA A CAMBIOS POR ENTRADAS Y SALIDAS DE PERSONAL | AHJ1: * ESTA BASE DE DATOS ESTÁ SUJETA A CAMBIOS POR ENTRADAS Y SALIDAS DE PERSONAL | AHR1: * ESTA BASE DE DATOS ESTÁ SUJETA A CAMBIOS POR ENTRADAS Y SALIDAS DE PERSONAL | AHZ1: * ESTA BASE DE DATOS ESTÁ SUJETA A CAMBIOS POR ENTRADAS Y SALIDAS DE PERSONAL | AIH1: * ESTA BASE DE DATOS ESTÁ SUJETA A CAMBIOS POR ENTRADAS Y SALIDAS DE PERSONAL | AIP1: * ESTA BASE DE DATOS ESTÁ SUJETA A CAMBIOS POR ENTRADAS Y SALIDAS DE PERSONAL | AIX1: * ESTA BASE DE DATOS ESTÁ SUJETA A CAMBIOS POR ENTRADAS Y SALIDAS DE PERSONAL | AJF1: * ESTA BASE DE DATOS ESTÁ SUJETA A CAMBIOS POR ENTRADAS Y SALIDAS DE PERSONAL | AJN1: * ESTA BASE DE DATOS ESTÁ SUJETA A CAMBIOS POR ENTRADAS Y SALIDAS DE PERSONAL | AJV1: * ESTA BASE DE DATOS ESTÁ SUJETA A CAMBIOS POR ENTRADAS Y SALIDAS DE PERSONAL | AKD1: * ESTA BASE DE DATOS ESTÁ SUJETA A CAMBIOS POR ENTRADAS Y SALIDAS DE PERSONAL | AKL1: * ESTA BASE DE DATOS ESTÁ SUJETA A CAMBIOS POR ENTRADAS Y SALIDAS DE PERSONAL | AKT1: * ESTA BASE DE DATOS ESTÁ SUJETA A CAMBIOS POR ENTRADAS Y SALIDAS DE PERSONAL | ALB1: * ESTA BASE DE DATOS ESTÁ SUJETA A CAMBIOS POR ENTRADAS Y SALIDAS DE PERSONAL | ALJ1: * ESTA BASE DE DATOS ESTÁ SUJETA A CAMBIOS POR ENTRADAS Y SALIDAS DE PERSONAL | ALR1: * ESTA BASE DE DATOS ESTÁ SUJETA A CAMBIOS POR ENTRADAS Y SALIDAS DE PERSONAL | ALZ1: * ESTA BASE DE DATOS ESTÁ SUJETA A CAMBIOS POR ENTRADAS Y SALIDAS DE PERSONAL | AMH1: * ESTA BASE DE DATOS ESTÁ SUJETA A CAMBIOS POR ENTRADAS Y SALIDAS DE PERSONAL | AMP1: * ESTA BASE DE DATOS ESTÁ SUJETA A CAMBIOS POR ENTRADAS Y SALIDAS DE PERSONAL | AMX1: * ESTA BASE DE DATOS ESTÁ SUJETA A CAMBIOS POR ENTRADAS Y SALIDAS DE PERSONAL | ANF1: * ESTA BASE DE DATOS ESTÁ SUJETA A CAMBIOS POR ENTRADAS Y SALIDAS DE PERSONAL | ANN1: * ESTA BASE DE DATOS ESTÁ SUJETA A CAMBIOS POR ENTRADAS Y SALIDAS DE PERSONAL | ANV1: * ESTA BASE DE DATOS ESTÁ SUJETA A CAMBIOS POR ENTRADAS Y SALIDAS DE PERSONAL | AOD1: * ESTA BASE DE DATOS ESTÁ SUJETA A CAMBIOS POR ENTRADAS Y SALIDAS DE PERSONAL | AOL1: * ESTA BASE DE DATOS ESTÁ SUJETA A CAMBIOS POR ENTRADAS Y SALIDAS DE PERSONAL | AOT1: * ESTA BASE DE DATOS ESTÁ SUJETA A CAMBIOS POR ENTRADAS Y SALIDAS DE PERSONAL | APB1: * ESTA BASE DE DATOS ESTÁ SUJETA A CAMBIOS POR ENTRADAS Y SALIDAS DE PERSONAL | APJ1: * ESTA BASE DE DATOS ESTÁ SUJETA A CAMBIOS POR ENTRADAS Y SALIDAS DE PERSONAL | APR1: * ESTA BASE DE DATOS ESTÁ SUJETA A CAMBIOS POR ENTRADAS Y SALIDAS DE PERSONAL | APZ1: * ESTA BASE DE DATOS ESTÁ SUJETA A CAMBIOS POR ENTRADAS Y SALIDAS DE PERSONAL | AQH1: * ESTA BASE DE DATOS ESTÁ SUJETA A CAMBIOS POR ENTRADAS Y SALIDAS DE PERSONAL | AQP1: * ESTA BASE DE DATOS ESTÁ SUJETA A CAMBIOS POR ENTRADAS Y SALIDAS DE PERSONAL | AQX1: * ESTA BASE DE DATOS ESTÁ SUJETA A CAMBIOS POR ENTRADAS Y SALIDAS DE PERSONAL | ARF1: * ESTA BASE DE DATOS ESTÁ SUJETA A CAMBIOS POR ENTRADAS Y SALIDAS DE PERSONAL | ARN1: * ESTA BASE DE DATOS ESTÁ SUJETA A CAMBIOS POR ENTRADAS Y SALIDAS DE PERSONAL | ARV1: * ESTA BASE DE DATOS ESTÁ SUJETA A CAMBIOS POR ENTRADAS Y SALIDAS DE PERSONAL | ASD1: * ESTA BASE DE DATOS ESTÁ SUJETA A CAMBIOS POR ENTRADAS Y SALIDAS DE PERSONAL | ASL1: * ESTA BASE DE DATOS ESTÁ SUJETA A CAMBIOS POR ENTRADAS Y SALIDAS DE PERSONAL | AST1: * ESTA BASE DE DATOS ESTÁ SUJETA A CAMBIOS POR ENTRADAS Y SALIDAS DE PERSONAL | ATB1: * ESTA BASE DE DATOS ESTÁ SUJETA A CAMBIOS POR ENTRADAS Y SALIDAS DE PERSONAL | ATJ1: * ESTA BASE DE DATOS ESTÁ SUJETA A CAMBIOS POR ENTRADAS Y SALIDAS DE PERSONAL | ATR1: * ESTA BASE DE DATOS ESTÁ SUJETA A CAMBIOS POR ENTRADAS Y SALIDAS DE PERSONAL | ATZ1: * ESTA BASE DE DATOS ESTÁ SUJETA A CAMBIOS POR ENTRADAS Y SALIDAS DE PERSONAL | AUH1: * ESTA BASE DE DATOS ESTÁ SUJETA A CAMBIOS POR ENTRADAS Y SALIDAS DE PERSONAL | AUP1: * ESTA BASE DE DATOS ESTÁ SUJETA A CAMBIOS POR ENTRADAS Y SALIDAS DE PERSONAL | AUX1: * ESTA BASE DE DATOS ESTÁ SUJETA A CAMBIOS POR ENTRADAS Y SALIDAS DE PERSONAL | AVF1: * ESTA BASE DE DATOS ESTÁ SUJETA A CAMBIOS POR ENTRADAS Y SALIDAS DE PERSONAL | AVN1: * ESTA BASE DE DATOS ESTÁ SUJETA A CAMBIOS POR ENTRADAS Y SALIDAS DE PERSONAL | AVV1: * ESTA BASE DE DATOS ESTÁ SUJETA A CAMBIOS POR ENTRADAS Y SALIDAS DE PERSONAL | AWD1: * ESTA BASE DE DATOS ESTÁ SUJETA A CAMBIOS POR ENTRADAS Y SALIDAS DE PERSONAL | AWL1: * ESTA BASE DE DATOS ESTÁ SUJETA A CAMBIOS POR ENTRADAS Y SALIDAS DE PERSONAL | AWT1: * ESTA BASE DE DATOS ESTÁ SUJETA A CAMBIOS POR ENTRADAS Y SALIDAS DE PERSONAL | AXB1: * ESTA BASE DE DATOS ESTÁ SUJETA A CAMBIOS POR ENTRADAS Y SALIDAS DE PERSONAL | AXJ1: * ESTA BASE DE DATOS ESTÁ SUJETA A CAMBIOS POR ENTRADAS Y SALIDAS DE PERSONAL | AXR1: * ESTA BASE DE DATOS ESTÁ SUJETA A CAMBIOS POR ENTRADAS Y SALIDAS DE PERSONAL | AXZ1: * ESTA BASE DE DATOS ESTÁ SUJETA A CAMBIOS POR ENTRADAS Y SALIDAS DE PERSONAL | AYH1: * ESTA BASE DE DATOS ESTÁ SUJETA A CAMBIOS POR ENTRADAS Y SALIDAS DE PERSONAL | AYP1: * ESTA BASE DE DATOS ESTÁ SUJETA A CAMBIOS POR ENTRADAS Y SALIDAS DE PERSONAL | AYX1: * ESTA BASE DE DATOS ESTÁ SUJETA A CAMBIOS POR ENTRADAS Y SALIDAS DE PERSONAL | AZF1: * ESTA BASE DE DATOS ESTÁ SUJETA A CAMBIOS POR ENTRADAS Y SALIDAS DE PERSONAL | AZN1: * ESTA BASE DE DATOS ESTÁ SUJETA A CAMBIOS POR ENTRADAS Y SALIDAS DE PERSONAL | AZV1: * ESTA BASE DE DATOS ESTÁ SUJETA A CAMBIOS POR ENTRADAS Y SALIDAS DE PERSONAL | BAD1: * ESTA BASE DE DATOS ESTÁ SUJETA A CAMBIOS POR ENTRADAS Y SALIDAS DE PERSONAL | BAL1: * ESTA BASE DE DATOS ESTÁ SUJETA A CAMBIOS POR ENTRADAS Y SALIDAS DE PERSONAL | BAT1: * ESTA BASE DE DATOS ESTÁ SUJETA A CAMBIOS POR ENTRADAS Y SALIDAS DE PERSONAL | BBB1: * ESTA BASE DE DATOS ESTÁ SUJETA A CAMBIOS POR ENTRADAS Y SALIDAS DE PERSONAL | BBJ1: * ESTA BASE DE DATOS ESTÁ SUJETA A CAMBIOS POR ENTRADAS Y SALIDAS DE PERSONAL | BBR1: * ESTA BASE DE DATOS ESTÁ SUJETA A CAMBIOS POR ENTRADAS Y SALIDAS DE PERSONAL | BBZ1: * ESTA BASE DE DATOS ESTÁ SUJETA A CAMBIOS POR ENTRADAS Y SALIDAS DE PERSONAL | BCH1: * ESTA BASE DE DATOS ESTÁ SUJETA A CAMBIOS POR ENTRADAS Y SALIDAS DE PERSONAL | BCP1: * ESTA BASE DE DATOS ESTÁ SUJETA A CAMBIOS POR ENTRADAS Y SALIDAS DE PERSONAL | BCX1: * ESTA BASE DE DATOS ESTÁ SUJETA A CAMBIOS POR ENTRADAS Y SALIDAS DE PERSONAL | BDF1: * ESTA BASE DE DATOS ESTÁ SUJETA A CAMBIOS POR ENTRADAS Y SALIDAS DE PERSONAL | BDN1: * ESTA BASE DE DATOS ESTÁ SUJETA A CAMBIOS POR ENTRADAS Y SALIDAS DE PERSONAL | BDV1: * ESTA BASE DE DATOS ESTÁ SUJETA A CAMBIOS POR ENTRADAS Y SALIDAS DE PERSONAL | BED1: * ESTA BASE DE DATOS ESTÁ SUJETA A CAMBIOS POR ENTRADAS Y SALIDAS DE PERSONAL | BEL1: * ESTA BASE DE DATOS ESTÁ SUJETA A CAMBIOS POR ENTRADAS Y SALIDAS DE PERSONAL | BET1: * ESTA BASE DE DATOS ESTÁ SUJETA A CAMBIOS POR ENTRADAS Y SALIDAS DE PERSONAL | BFB1: * ESTA BASE DE DATOS ESTÁ SUJETA A CAMBIOS POR ENTRADAS Y SALIDAS DE PERSONAL | BFJ1: * ESTA BASE DE DATOS ESTÁ SUJETA A CAMBIOS POR ENTRADAS Y SALIDAS DE PERSONAL | BFR1: * ESTA BASE DE DATOS ESTÁ SUJETA A CAMBIOS POR ENTRADAS Y SALIDAS DE PERSONAL | BFZ1: * ESTA BASE DE DATOS ESTÁ SUJETA A CAMBIOS POR ENTRADAS Y SALIDAS DE PERSONAL | BGH1: * ESTA BASE DE DATOS ESTÁ SUJETA A CAMBIOS POR ENTRADAS Y SALIDAS DE PERSONAL | BGP1: * ESTA BASE DE DATOS ESTÁ SUJETA A CAMBIOS POR ENTRADAS Y SALIDAS DE PERSONAL | BGX1: * ESTA BASE DE DATOS ESTÁ SUJETA A CAMBIOS POR ENTRADAS Y SALIDAS DE PERSONAL | BHF1: * ESTA BASE DE DATOS ESTÁ SUJETA A CAMBIOS POR ENTRADAS Y SALIDAS DE PERSONAL | BHN1: * ESTA BASE DE DATOS ESTÁ SUJETA A CAMBIOS POR ENTRADAS Y SALIDAS DE PERSONAL | BHV1: * ESTA BASE DE DATOS ESTÁ SUJETA A CAMBIOS POR ENTRADAS Y SALIDAS DE PERSONAL | BID1: * ESTA BASE DE DATOS ESTÁ SUJETA A CAMBIOS POR ENTRADAS Y SALIDAS DE PERSONAL | BIL1: * ESTA BASE DE DATOS ESTÁ SUJETA A CAMBIOS POR ENTRADAS Y SALIDAS DE PERSONAL | BIT1: * ESTA BASE DE DATOS ESTÁ SUJETA A CAMBIOS POR ENTRADAS Y SALIDAS DE PERSONAL | BJB1: * ESTA BASE DE DATOS ESTÁ SUJETA A CAMBIOS POR ENTRADAS Y SALIDAS DE PERSONAL | BJJ1: * ESTA BASE DE DATOS ESTÁ SUJETA A CAMBIOS POR ENTRADAS Y SALIDAS DE PERSONAL | BJR1: * ESTA BASE DE DATOS ESTÁ SUJETA A CAMBIOS POR ENTRADAS Y SALIDAS DE PERSONAL | BJZ1: * ESTA BASE DE DATOS ESTÁ SUJETA A CAMBIOS POR ENTRADAS Y SALIDAS DE PERSONAL | BKH1: * ESTA BASE DE DATOS ESTÁ SUJETA A CAMBIOS POR ENTRADAS Y SALIDAS DE PERSONAL | BKP1: * ESTA BASE DE DATOS ESTÁ SUJETA A CAMBIOS POR ENTRADAS Y SALIDAS DE PERSONAL | BKX1: * ESTA BASE DE DATOS ESTÁ SUJETA A CAMBIOS POR ENTRADAS Y SALIDAS DE PERSONAL | BLF1: * ESTA BASE DE DATOS ESTÁ SUJETA A CAMBIOS POR ENTRADAS Y SALIDAS DE PERSONAL | BLN1: * ESTA BASE DE DATOS ESTÁ SUJETA A CAMBIOS POR ENTRADAS Y SALIDAS DE PERSONAL | BLV1: * ESTA BASE DE DATOS ESTÁ SUJETA A CAMBIOS POR ENTRADAS Y SALIDAS DE PERSONAL | BMD1: * ESTA BASE DE DATOS ESTÁ SUJETA A CAMBIOS POR ENTRADAS Y SALIDAS DE PERSONAL | BML1: * ESTA BASE DE DATOS ESTÁ SUJETA A CAMBIOS POR ENTRADAS Y SALIDAS DE PERSONAL | BMT1: * ESTA BASE DE DATOS ESTÁ SUJETA A CAMBIOS POR ENTRADAS Y SALIDAS DE PERSONAL | BNB1: * ESTA BASE DE DATOS ESTÁ SUJETA A CAMBIOS POR ENTRADAS Y SALIDAS DE PERSONAL | BNJ1: * ESTA BASE DE DATOS ESTÁ SUJETA A CAMBIOS POR ENTRADAS Y SALIDAS DE PERSONAL | BNR1: * ESTA BASE DE DATOS ESTÁ SUJETA A CAMBIOS POR ENTRADAS Y SALIDAS DE PERSONAL | BNZ1: * ESTA BASE DE DATOS ESTÁ SUJETA A CAMBIOS POR ENTRADAS Y SALIDAS DE PERSONAL | BOH1: * ESTA BASE DE DATOS ESTÁ SUJETA A CAMBIOS POR ENTRADAS Y SALIDAS DE PERSONAL | BOP1: * ESTA BASE DE DATOS ESTÁ SUJETA A CAMBIOS POR ENTRADAS Y SALIDAS DE PERSONAL | BOX1: * ESTA BASE DE DATOS ESTÁ SUJETA A CAMBIOS POR ENTRADAS Y SALIDAS DE PERSONAL | BPF1: * ESTA BASE DE DATOS ESTÁ SUJETA A CAMBIOS POR ENTRADAS Y SALIDAS DE PERSONAL | BPN1: * ESTA BASE DE DATOS ESTÁ SUJETA A CAMBIOS POR ENTRADAS Y SALIDAS DE PERSONAL | BPV1: * ESTA BASE DE DATOS ESTÁ SUJETA A CAMBIOS POR ENTRADAS Y SALIDAS DE PERSONAL | BQD1: * ESTA BASE DE DATOS ESTÁ SUJETA A CAMBIOS POR ENTRADAS Y SALIDAS DE PERSONAL | BQL1: * ESTA BASE DE DATOS ESTÁ SUJETA A CAMBIOS POR ENTRADAS Y SALIDAS DE PERSONAL | BQT1: * ESTA BASE DE DATOS ESTÁ SUJETA A CAMBIOS POR ENTRADAS Y SALIDAS DE PERSONAL | BRB1: * ESTA BASE DE DATOS ESTÁ SUJETA A CAMBIOS POR ENTRADAS Y SALIDAS DE PERSONAL | BRJ1: * ESTA BASE DE DATOS ESTÁ SUJETA A CAMBIOS POR ENTRADAS Y SALIDAS DE PERSONAL | BRR1: * ESTA BASE DE DATOS ESTÁ SUJETA A CAMBIOS POR ENTRADAS Y SALIDAS DE PERSONAL | BRZ1: * ESTA BASE DE DATOS ESTÁ SUJETA A CAMBIOS POR ENTRADAS Y SALIDAS DE PERSONAL | BSH1: * ESTA BASE DE DATOS ESTÁ SUJETA A CAMBIOS POR ENTRADAS Y SALIDAS DE PERSONAL | BSP1: * ESTA BASE DE DATOS ESTÁ SUJETA A CAMBIOS POR ENTRADAS Y SALIDAS DE PERSONAL | BSX1: * ESTA BASE DE DATOS ESTÁ SUJETA A CAMBIOS POR ENTRADAS Y SALIDAS DE PERSONAL | BTF1: * ESTA BASE DE DATOS ESTÁ SUJETA A CAMBIOS POR ENTRADAS Y SALIDAS DE PERSONAL | BTN1: * ESTA BASE DE DATOS ESTÁ SUJETA A CAMBIOS POR ENTRADAS Y SALIDAS DE PERSONAL | BTV1: * ESTA BASE DE DATOS ESTÁ SUJETA A CAMBIOS POR ENTRADAS Y SALIDAS DE PERSONAL | BUD1: * ESTA BASE DE DATOS ESTÁ SUJETA A CAMBIOS POR ENTRADAS Y SALIDAS DE PERSONAL | BUL1: * ESTA BASE DE DATOS ESTÁ SUJETA A CAMBIOS POR ENTRADAS Y SALIDAS DE PERSONAL | BUT1: * ESTA BASE DE DATOS ESTÁ SUJETA A CAMBIOS POR ENTRADAS Y SALIDAS DE PERSONAL | BVB1: * ESTA BASE DE DATOS ESTÁ SUJETA A CAMBIOS POR ENTRADAS Y SALIDAS DE PERSONAL | BVJ1: * ESTA BASE DE DATOS ESTÁ SUJETA A CAMBIOS POR ENTRADAS Y SALIDAS DE PERSONAL | BVR1: * ESTA BASE DE DATOS ESTÁ SUJETA A CAMBIOS POR ENTRADAS Y SALIDAS DE PERSONAL | BVZ1: * ESTA BASE DE DATOS ESTÁ SUJETA A CAMBIOS POR ENTRADAS Y SALIDAS DE PERSONAL | BWH1: * ESTA BASE DE DATOS ESTÁ SUJETA A CAMBIOS POR ENTRADAS Y SALIDAS DE PERSONAL | BWP1: * ESTA BASE DE DATOS ESTÁ SUJETA A CAMBIOS POR ENTRADAS Y SALIDAS DE PERSONAL | BWX1: * ESTA BASE DE DATOS ESTÁ SUJETA A CAMBIOS POR ENTRADAS Y SALIDAS DE PERSONAL | BXF1: * ESTA BASE DE DATOS ESTÁ SUJETA A CAMBIOS POR ENTRADAS Y SALIDAS DE PERSONAL | BXN1: * ESTA BASE DE DATOS ESTÁ SUJETA A CAMBIOS POR ENTRADAS Y SALIDAS DE PERSONAL | BXV1: * ESTA BASE DE DATOS ESTÁ SUJETA A CAMBIOS POR ENTRADAS Y SALIDAS DE PERSONAL | BYD1: * ESTA BASE DE DATOS ESTÁ SUJETA A CAMBIOS POR ENTRADAS Y SALIDAS DE PERSONAL | BYL1: * ESTA BASE DE DATOS ESTÁ SUJETA A CAMBIOS POR ENTRADAS Y SALIDAS DE PERSONAL | BYT1: * ESTA BASE DE DATOS ESTÁ SUJETA A CAMBIOS POR ENTRADAS Y SALIDAS DE PERSONAL | BZB1: * ESTA BASE DE DATOS ESTÁ SUJETA A CAMBIOS POR ENTRADAS Y SALIDAS DE PERSONAL | BZJ1: * ESTA BASE DE DATOS ESTÁ SUJETA A CAMBIOS POR ENTRADAS Y SALIDAS DE PERSONAL | BZR1: * ESTA BASE DE DATOS ESTÁ SUJETA A CAMBIOS POR ENTRADAS Y SALIDAS DE PERSONAL | BZZ1: * ESTA BASE DE DATOS ESTÁ SUJETA A CAMBIOS POR ENTRADAS Y SALIDAS DE PERSONAL | CAH1: * ESTA BASE DE DATOS ESTÁ SUJETA A CAMBIOS POR ENTRADAS Y SALIDAS DE PERSONAL | CAP1: * ESTA BASE DE DATOS ESTÁ SUJETA A CAMBIOS POR ENTRADAS Y SALIDAS DE PERSONAL | CAX1: * ESTA BASE DE DATOS ESTÁ SUJETA A CAMBIOS POR ENTRADAS Y SALIDAS DE PERSONAL | CBF1: * ESTA BASE DE DATOS ESTÁ SUJETA A CAMBIOS POR ENTRADAS Y SALIDAS DE PERSONAL | CBN1: * ESTA BASE DE DATOS ESTÁ SUJETA A CAMBIOS POR ENTRADAS Y SALIDAS DE PERSONAL | CBV1: * ESTA BASE DE DATOS ESTÁ SUJETA A CAMBIOS POR ENTRADAS Y SALIDAS DE PERSONAL | CCD1: * ESTA BASE DE DATOS ESTÁ SUJETA A CAMBIOS POR ENTRADAS Y SALIDAS DE PERSONAL | CCL1: * ESTA BASE DE DATOS ESTÁ SUJETA A CAMBIOS POR ENTRADAS Y SALIDAS DE PERSONAL | CCT1: * ESTA BASE DE DATOS ESTÁ SUJETA A CAMBIOS POR ENTRADAS Y SALIDAS DE PERSONAL | CDB1: * ESTA BASE DE DATOS ESTÁ SUJETA A CAMBIOS POR ENTRADAS Y SALIDAS DE PERSONAL | CDJ1: * ESTA BASE DE DATOS ESTÁ SUJETA A CAMBIOS POR ENTRADAS Y SALIDAS DE PERSONAL | CDR1: * ESTA BASE DE DATOS ESTÁ SUJETA A CAMBIOS POR ENTRADAS Y SALIDAS DE PERSONAL | CDZ1: * ESTA BASE DE DATOS ESTÁ SUJETA A CAMBIOS POR ENTRADAS Y SALIDAS DE PERSONAL | CEH1: * ESTA BASE DE DATOS ESTÁ SUJETA A CAMBIOS POR ENTRADAS Y SALIDAS DE PERSONAL | CEP1: * ESTA BASE DE DATOS ESTÁ SUJETA A CAMBIOS POR ENTRADAS Y SALIDAS DE PERSONAL | CEX1: * ESTA BASE DE DATOS ESTÁ SUJETA A CAMBIOS POR ENTRADAS Y SALIDAS DE PERSONAL | CFF1: * ESTA BASE DE DATOS ESTÁ SUJETA A CAMBIOS POR ENTRADAS Y SALIDAS DE PERSONAL | CFN1: * ESTA BASE DE DATOS ESTÁ SUJETA A CAMBIOS POR ENTRADAS Y SALIDAS DE PERSONAL | CFV1: * ESTA BASE DE DATOS ESTÁ SUJETA A CAMBIOS POR ENTRADAS Y SALIDAS DE PERSONAL | CGD1: * ESTA BASE DE DATOS ESTÁ SUJETA A CAMBIOS POR ENTRADAS Y SALIDAS DE PERSONAL | CGL1: * ESTA BASE DE DATOS ESTÁ SUJETA A CAMBIOS POR ENTRADAS Y SALIDAS DE PERSONAL | CGT1: * ESTA BASE DE DATOS ESTÁ SUJETA A CAMBIOS POR ENTRADAS Y SALIDAS DE PERSONAL | CHB1: * ESTA BASE DE DATOS ESTÁ SUJETA A CAMBIOS POR ENTRADAS Y SALIDAS DE PERSONAL | CHJ1: * ESTA BASE DE DATOS ESTÁ SUJETA A CAMBIOS POR ENTRADAS Y SALIDAS DE PERSONAL | CHR1: * ESTA BASE DE DATOS ESTÁ SUJETA A CAMBIOS POR ENTRADAS Y SALIDAS DE PERSONAL | CHZ1: * ESTA BASE DE DATOS ESTÁ SUJETA A CAMBIOS POR ENTRADAS Y SALIDAS DE PERSONAL | CIH1: * ESTA BASE DE DATOS ESTÁ SUJETA A CAMBIOS POR ENTRADAS Y SALIDAS DE PERSONAL | CIP1: * ESTA BASE DE DATOS ESTÁ SUJETA A CAMBIOS POR ENTRADAS Y SALIDAS DE PERSONAL | CIX1: * ESTA BASE DE DATOS ESTÁ SUJETA A CAMBIOS POR ENTRADAS Y SALIDAS DE PERSONAL | CJF1: * ESTA BASE DE DATOS ESTÁ SUJETA A CAMBIOS POR ENTRADAS Y SALIDAS DE PERSONAL | CJN1: * ESTA BASE DE DATOS ESTÁ SUJETA A CAMBIOS POR ENTRADAS Y SALIDAS DE PERSONAL | CJV1: * ESTA BASE DE DATOS ESTÁ SUJETA A CAMBIOS POR ENTRADAS Y SALIDAS DE PERSONAL | CKD1: * ESTA BASE DE DATOS ESTÁ SUJETA A CAMBIOS POR ENTRADAS Y SALIDAS DE PERSONAL | CKL1: * ESTA BASE DE DATOS ESTÁ SUJETA A CAMBIOS POR ENTRADAS Y SALIDAS DE PERSONAL | CKT1: * ESTA BASE DE DATOS ESTÁ SUJETA A CAMBIOS POR ENTRADAS Y SALIDAS DE PERSONAL | CLB1: * ESTA BASE DE DATOS ESTÁ SUJETA A CAMBIOS POR ENTRADAS Y SALIDAS DE PERSONAL | CLJ1: * ESTA BASE DE DATOS ESTÁ SUJETA A CAMBIOS POR ENTRADAS Y SALIDAS DE PERSONAL | CLR1: * ESTA BASE DE DATOS ESTÁ SUJETA A CAMBIOS POR ENTRADAS Y SALIDAS DE PERSONAL | CLZ1: * ESTA BASE DE DATOS ESTÁ SUJETA A CAMBIOS POR ENTRADAS Y SALIDAS DE PERSONAL | CMH1: * ESTA BASE DE DATOS ESTÁ SUJETA A CAMBIOS POR ENTRADAS Y SALIDAS DE PERSONAL | CMP1: * ESTA BASE DE DATOS ESTÁ SUJETA A CAMBIOS POR ENTRADAS Y SALIDAS DE PERSONAL | CMX1: * ESTA BASE DE DATOS ESTÁ SUJETA A CAMBIOS POR ENTRADAS Y SALIDAS DE PERSONAL | CNF1: * ESTA BASE DE DATOS ESTÁ SUJETA A CAMBIOS POR ENTRADAS Y SALIDAS DE PERSONAL | CNN1: * ESTA BASE DE DATOS ESTÁ SUJETA A CAMBIOS POR ENTRADAS Y SALIDAS DE PERSONAL | CNV1: * ESTA BASE DE DATOS ESTÁ SUJETA A CAMBIOS POR ENTRADAS Y SALIDAS DE PERSONAL | COD1: * ESTA BASE DE DATOS ESTÁ SUJETA A CAMBIOS POR ENTRADAS Y SALIDAS DE PERSONAL | COL1: * ESTA BASE DE DATOS ESTÁ SUJETA A CAMBIOS POR ENTRADAS Y SALIDAS DE PERSONAL | COT1: * ESTA BASE DE DATOS ESTÁ SUJETA A CAMBIOS POR ENTRADAS Y SALIDAS DE PERSONAL | CPB1: * ESTA BASE DE DATOS ESTÁ SUJETA A CAMBIOS POR ENTRADAS Y SALIDAS DE PERSONAL | CPJ1: * ESTA BASE DE DATOS ESTÁ SUJETA A CAMBIOS POR ENTRADAS Y SALIDAS DE PERSONAL | CPR1: * ESTA BASE DE DATOS ESTÁ SUJETA A CAMBIOS POR ENTRADAS Y SALIDAS DE PERSONAL | CPZ1: * ESTA BASE DE DATOS ESTÁ SUJETA A CAMBIOS POR ENTRADAS Y SALIDAS DE PERSONAL | CQH1: * ESTA BASE DE DATOS ESTÁ SUJETA A CAMBIOS POR ENTRADAS Y SALIDAS DE PERSONAL | CQP1: * ESTA BASE DE DATOS ESTÁ SUJETA A CAMBIOS POR ENTRADAS Y SALIDAS DE PERSONAL | CQX1: * ESTA BASE DE DATOS ESTÁ SUJETA A CAMBIOS POR ENTRADAS Y SALIDAS DE PERSONAL | CRF1: * ESTA BASE DE DATOS ESTÁ SUJETA A CAMBIOS POR ENTRADAS Y SALIDAS DE PERSONAL | CRN1: * ESTA BASE DE DATOS ESTÁ SUJETA A CAMBIOS POR ENTRADAS Y SALIDAS DE PERSONAL | CRV1: * ESTA BASE DE DATOS ESTÁ SUJETA A CAMBIOS POR ENTRADAS Y SALIDAS DE PERSONAL | CSD1: * ESTA BASE DE DATOS ESTÁ SUJETA A CAMBIOS POR ENTRADAS Y SALIDAS DE PERSONAL | CSL1: * ESTA BASE DE DATOS ESTÁ SUJETA A CAMBIOS POR ENTRADAS Y SALIDAS DE PERSONAL | CST1: * ESTA BASE DE DATOS ESTÁ SUJETA A CAMBIOS POR ENTRADAS Y SALIDAS DE PERSONAL | CTB1: * ESTA BASE DE DATOS ESTÁ SUJETA A CAMBIOS POR ENTRADAS Y SALIDAS DE PERSONAL | CTJ1: * ESTA BASE DE DATOS ESTÁ SUJETA A CAMBIOS POR ENTRADAS Y SALIDAS DE PERSONAL | CTR1: * ESTA BASE DE DATOS ESTÁ SUJETA A CAMBIOS POR ENTRADAS Y SALIDAS DE PERSONAL | CTZ1: * ESTA BASE DE DATOS ESTÁ SUJETA A CAMBIOS POR ENTRADAS Y SALIDAS DE PERSONAL | CUH1: * ESTA BASE DE DATOS ESTÁ SUJETA A CAMBIOS POR ENTRADAS Y SALIDAS DE PERSONAL | CUP1: * ESTA BASE DE DATOS ESTÁ SUJETA A CAMBIOS POR ENTRADAS Y SALIDAS DE PERSONAL | CUX1: * ESTA BASE DE DATOS ESTÁ SUJETA A CAMBIOS POR ENTRADAS Y SALIDAS DE PERSONAL | CVF1: * ESTA BASE DE DATOS ESTÁ SUJETA A CAMBIOS POR ENTRADAS Y SALIDAS DE PERSONAL | CVN1: * ESTA BASE DE DATOS ESTÁ SUJETA A CAMBIOS POR ENTRADAS Y SALIDAS DE PERSONAL | CVV1: * ESTA BASE DE DATOS ESTÁ SUJETA A CAMBIOS POR ENTRADAS Y SALIDAS DE PERSONAL | CWD1: * ESTA BASE DE DATOS ESTÁ SUJETA A CAMBIOS POR ENTRADAS Y SALIDAS DE PERSONAL | CWL1: * ESTA BASE DE DATOS ESTÁ SUJETA A CAMBIOS POR ENTRADAS Y SALIDAS DE PERSONAL | CWT1: * ESTA BASE DE DATOS ESTÁ SUJETA A CAMBIOS POR ENTRADAS Y SALIDAS DE PERSONAL | CXB1: * ESTA BASE DE DATOS ESTÁ SUJETA A CAMBIOS POR ENTRADAS Y SALIDAS DE PERSONAL | CXJ1: * ESTA BASE DE DATOS ESTÁ SUJETA A CAMBIOS POR ENTRADAS Y SALIDAS DE PERSONAL | CXR1: * ESTA BASE DE DATOS ESTÁ SUJETA A CAMBIOS POR ENTRADAS Y SALIDAS DE PERSONAL | CXZ1: * ESTA BASE DE DATOS ESTÁ SUJETA A CAMBIOS POR ENTRADAS Y SALIDAS DE PERSONAL | CYH1: * ESTA BASE DE DATOS ESTÁ SUJETA A CAMBIOS POR ENTRADAS Y SALIDAS DE PERSONAL | CYP1: * ESTA BASE DE DATOS ESTÁ SUJETA A CAMBIOS POR ENTRADAS Y SALIDAS DE PERSONAL | CYX1: * ESTA BASE DE DATOS ESTÁ SUJETA A CAMBIOS POR ENTRADAS Y SALIDAS DE PERSONAL | CZF1: * ESTA BASE DE DATOS ESTÁ SUJETA A CAMBIOS POR ENTRADAS Y SALIDAS DE PERSONAL | CZN1: * ESTA BASE DE DATOS ESTÁ SUJETA A CAMBIOS POR ENTRADAS Y SALIDAS DE PERSONAL | CZV1: * ESTA BASE DE DATOS ESTÁ SUJETA A CAMBIOS POR ENTRADAS Y SALIDAS DE PERSONAL | DAD1: * ESTA BASE DE DATOS ESTÁ SUJETA A CAMBIOS POR ENTRADAS Y SALIDAS DE PERSONAL | DAL1: * ESTA BASE DE DATOS ESTÁ SUJETA A CAMBIOS POR ENTRADAS Y SALIDAS DE PERSONAL | DAT1: * ESTA BASE DE DATOS ESTÁ SUJETA A CAMBIOS POR ENTRADAS Y SALIDAS DE PERSONAL | DBB1: * ESTA BASE DE DATOS ESTÁ SUJETA A CAMBIOS POR ENTRADAS Y SALIDAS DE PERSONAL | DBJ1: * ESTA BASE DE DATOS ESTÁ SUJETA A CAMBIOS POR ENTRADAS Y SALIDAS DE PERSONAL | DBR1: * ESTA BASE DE DATOS ESTÁ SUJETA A CAMBIOS POR ENTRADAS Y SALIDAS DE PERSONAL | DBZ1: * ESTA BASE DE DATOS ESTÁ SUJETA A CAMBIOS POR ENTRADAS Y SALIDAS DE PERSONAL | DCH1: * ESTA BASE DE DATOS ESTÁ SUJETA A CAMBIOS POR ENTRADAS Y SALIDAS DE PERSONAL | DCP1: * ESTA BASE DE DATOS ESTÁ SUJETA A CAMBIOS POR ENTRADAS Y SALIDAS DE PERSONAL | DCX1: * ESTA BASE DE DATOS ESTÁ SUJETA A CAMBIOS POR ENTRADAS Y SALIDAS DE PERSONAL | DDF1: * ESTA BASE DE DATOS ESTÁ SUJETA A CAMBIOS POR ENTRADAS Y SALIDAS DE PERSONAL | DDN1: * ESTA BASE DE DATOS ESTÁ SUJETA A CAMBIOS POR ENTRADAS Y SALIDAS DE PERSONAL | DDV1: * ESTA BASE DE DATOS ESTÁ SUJETA A CAMBIOS POR ENTRADAS Y SALIDAS DE PERSONAL | DED1: * ESTA BASE DE DATOS ESTÁ SUJETA A CAMBIOS POR ENTRADAS Y SALIDAS DE PERSONAL | DEL1: * ESTA BASE DE DATOS ESTÁ SUJETA A CAMBIOS POR ENTRADAS Y SALIDAS DE PERSONAL | DET1: * ESTA BASE DE DATOS ESTÁ SUJETA A CAMBIOS POR ENTRADAS Y SALIDAS DE PERSONAL | DFB1: * ESTA BASE DE DATOS ESTÁ SUJETA A CAMBIOS POR ENTRADAS Y SALIDAS DE PERSONAL | DFJ1: * ESTA BASE DE DATOS ESTÁ SUJETA A CAMBIOS POR ENTRADAS Y SALIDAS DE PERSONAL | DFR1: * ESTA BASE DE DATOS ESTÁ SUJETA A CAMBIOS POR ENTRADAS Y SALIDAS DE PERSONAL | DFZ1: * ESTA BASE DE DATOS ESTÁ SUJETA A CAMBIOS POR ENTRADAS Y SALIDAS DE PERSONAL | DGH1: * ESTA BASE DE DATOS ESTÁ SUJETA A CAMBIOS POR ENTRADAS Y SALIDAS DE PERSONAL | DGP1: * ESTA BASE DE DATOS ESTÁ SUJETA A CAMBIOS POR ENTRADAS Y SALIDAS DE PERSONAL | DGX1: * ESTA BASE DE DATOS ESTÁ SUJETA A CAMBIOS POR ENTRADAS Y SALIDAS DE PERSONAL | DHF1: * ESTA BASE DE DATOS ESTÁ SUJETA A CAMBIOS POR ENTRADAS Y SALIDAS DE PERSONAL | DHN1: * ESTA BASE DE DATOS ESTÁ SUJETA A CAMBIOS POR ENTRADAS Y SALIDAS DE PERSONAL | DHV1: * ESTA BASE DE DATOS ESTÁ SUJETA A CAMBIOS POR ENTRADAS Y SALIDAS DE PERSONAL | DID1: * ESTA BASE DE DATOS ESTÁ SUJETA A CAMBIOS POR ENTRADAS Y SALIDAS DE PERSONAL | DIL1: * ESTA BASE DE DATOS ESTÁ SUJETA A CAMBIOS POR ENTRADAS Y SALIDAS DE PERSONAL | DIT1: * ESTA BASE DE DATOS ESTÁ SUJETA A CAMBIOS POR ENTRADAS Y SALIDAS DE PERSONAL | DJB1: * ESTA BASE DE DATOS ESTÁ SUJETA A CAMBIOS POR ENTRADAS Y SALIDAS DE PERSONAL | DJJ1: * ESTA BASE DE DATOS ESTÁ SUJETA A CAMBIOS POR ENTRADAS Y SALIDAS DE PERSONAL | DJR1: * ESTA BASE DE DATOS ESTÁ SUJETA A CAMBIOS POR ENTRADAS Y SALIDAS DE PERSONAL | DJZ1: * ESTA BASE DE DATOS ESTÁ SUJETA A CAMBIOS POR ENTRADAS Y SALIDAS DE PERSONAL | DKH1: * ESTA BASE DE DATOS ESTÁ SUJETA A CAMBIOS POR ENTRADAS Y SALIDAS DE PERSONAL | DKP1: * ESTA BASE DE DATOS ESTÁ SUJETA A CAMBIOS POR ENTRADAS Y SALIDAS DE PERSONAL | DKX1: * ESTA BASE DE DATOS ESTÁ SUJETA A CAMBIOS POR ENTRADAS Y SALIDAS DE PERSONAL | DLF1: * ESTA BASE DE DATOS ESTÁ SUJETA A CAMBIOS POR ENTRADAS Y SALIDAS DE PERSONAL | DLN1: * ESTA BASE DE DATOS ESTÁ SUJETA A CAMBIOS POR ENTRADAS Y SALIDAS DE PERSONAL | DLV1: * ESTA BASE DE DATOS ESTÁ SUJETA A CAMBIOS POR ENTRADAS Y SALIDAS DE PERSONAL | DMD1: * ESTA BASE DE DATOS ESTÁ SUJETA A CAMBIOS POR ENTRADAS Y SALIDAS DE PERSONAL | DML1: * ESTA BASE DE DATOS ESTÁ SUJETA A CAMBIOS POR ENTRADAS Y SALIDAS DE PERSONAL | DMT1: * ESTA BASE DE DATOS ESTÁ SUJETA A CAMBIOS POR ENTRADAS Y SALIDAS DE PERSONAL | DNB1: * ESTA BASE DE DATOS ESTÁ SUJETA A CAMBIOS POR ENTRADAS Y SALIDAS DE PERSONAL | DNJ1: * ESTA BASE DE DATOS ESTÁ SUJETA A CAMBIOS POR ENTRADAS Y SALIDAS DE PERSONAL | DNR1: * ESTA BASE DE DATOS ESTÁ SUJETA A CAMBIOS POR ENTRADAS Y SALIDAS DE PERSONAL | DNZ1: * ESTA BASE DE DATOS ESTÁ SUJETA A CAMBIOS POR ENTRADAS Y SALIDAS DE PERSONAL | DOH1: * ESTA BASE DE DATOS ESTÁ SUJETA A CAMBIOS POR ENTRADAS Y SALIDAS DE PERSONAL | DOP1: * ESTA BASE DE DATOS ESTÁ SUJETA A CAMBIOS POR ENTRADAS Y SALIDAS DE PERSONAL | DOX1: * ESTA BASE DE DATOS ESTÁ SUJETA A CAMBIOS POR ENTRADAS Y SALIDAS DE PERSONAL | DPF1: * ESTA BASE DE DATOS ESTÁ SUJETA A CAMBIOS POR ENTRADAS Y SALIDAS DE PERSONAL | DPN1: * ESTA BASE DE DATOS ESTÁ SUJETA A CAMBIOS POR ENTRADAS Y SALIDAS DE PERSONAL | DPV1: * ESTA BASE DE DATOS ESTÁ SUJETA A CAMBIOS POR ENTRADAS Y SALIDAS DE PERSONAL | DQD1: * ESTA BASE DE DATOS ESTÁ SUJETA A CAMBIOS POR ENTRADAS Y SALIDAS DE PERSONAL | DQL1: * ESTA BASE DE DATOS ESTÁ SUJETA A CAMBIOS POR ENTRADAS Y SALIDAS DE PERSONAL | DQT1: * ESTA BASE DE DATOS ESTÁ SUJETA A CAMBIOS POR ENTRADAS Y SALIDAS DE PERSONAL | DRB1: * ESTA BASE DE DATOS ESTÁ SUJETA A CAMBIOS POR ENTRADAS Y SALIDAS DE PERSONAL | DRJ1: * ESTA BASE DE DATOS ESTÁ SUJETA A CAMBIOS POR ENTRADAS Y SALIDAS DE PERSONAL | DRR1: * ESTA BASE DE DATOS ESTÁ SUJETA A CAMBIOS POR ENTRADAS Y SALIDAS DE PERSONAL | DRZ1: * ESTA BASE DE DATOS ESTÁ SUJETA A CAMBIOS POR ENTRADAS Y SALIDAS DE PERSONAL | DSH1: * ESTA BASE DE DATOS ESTÁ SUJETA A CAMBIOS POR ENTRADAS Y SALIDAS DE PERSONAL | DSP1: * ESTA BASE DE DATOS ESTÁ SUJETA A CAMBIOS POR ENTRADAS Y SALIDAS DE PERSONAL | DSX1: * ESTA BASE DE DATOS ESTÁ SUJETA A CAMBIOS POR ENTRADAS Y SALIDAS DE PERSONAL | DTF1: * ESTA BASE DE DATOS ESTÁ SUJETA A CAMBIOS POR ENTRADAS Y SALIDAS DE PERSONAL | DTN1: * ESTA BASE DE DATOS ESTÁ SUJETA A CAMBIOS POR ENTRADAS Y SALIDAS DE PERSONAL | DTV1: * ESTA BASE DE DATOS ESTÁ SUJETA A CAMBIOS POR ENTRADAS Y SALIDAS DE PERSONAL | DUD1: * ESTA BASE DE DATOS ESTÁ SUJETA A CAMBIOS POR ENTRADAS Y SALIDAS DE PERSONAL | DUL1: * ESTA BASE DE DATOS ESTÁ SUJETA A CAMBIOS POR ENTRADAS Y SALIDAS DE PERSONAL | DUT1: * ESTA BASE DE DATOS ESTÁ SUJETA A CAMBIOS POR ENTRADAS Y SALIDAS DE PERSONAL | DVB1: * ESTA BASE DE DATOS ESTÁ SUJETA A CAMBIOS POR ENTRADAS Y SALIDAS DE PERSONAL | DVJ1: * ESTA BASE DE DATOS ESTÁ SUJETA A CAMBIOS POR ENTRADAS Y SALIDAS DE PERSONAL | DVR1: * ESTA BASE DE DATOS ESTÁ SUJETA A CAMBIOS POR ENTRADAS Y SALIDAS DE PERSONAL | DVZ1: * ESTA BASE DE DATOS ESTÁ SUJETA A CAMBIOS POR ENTRADAS Y SALIDAS DE PERSONAL | DWH1: * ESTA BASE DE DATOS ESTÁ SUJETA A CAMBIOS POR ENTRADAS Y SALIDAS DE PERSONAL | DWP1: * ESTA BASE DE DATOS ESTÁ SUJETA A CAMBIOS POR ENTRADAS Y SALIDAS DE PERSONAL | DWX1: * ESTA BASE DE DATOS ESTÁ SUJETA A CAMBIOS POR ENTRADAS Y SALIDAS DE PERSONAL | DXF1: * ESTA BASE DE DATOS ESTÁ SUJETA A CAMBIOS POR ENTRADAS Y SALIDAS DE PERSONAL | DXN1: * ESTA BASE DE DATOS ESTÁ SUJETA A CAMBIOS POR ENTRADAS Y SALIDAS DE PERSONAL | DXV1: * ESTA BASE DE DATOS ESTÁ SUJETA A CAMBIOS POR ENTRADAS Y SALIDAS DE PERSONAL | DYD1: * ESTA BASE DE DATOS ESTÁ SUJETA A CAMBIOS POR ENTRADAS Y SALIDAS DE PERSONAL | DYL1: * ESTA BASE DE DATOS ESTÁ SUJETA A CAMBIOS POR ENTRADAS Y SALIDAS DE PERSONAL | DYT1: * ESTA BASE DE DATOS ESTÁ SUJETA A CAMBIOS POR ENTRADAS Y SALIDAS DE PERSONAL | DZB1: * ESTA BASE DE DATOS ESTÁ SUJETA A CAMBIOS POR ENTRADAS Y SALIDAS DE PERSONAL | DZJ1: * ESTA BASE DE DATOS ESTÁ SUJETA A CAMBIOS POR ENTRADAS Y SALIDAS DE PERSONAL | DZR1: * ESTA BASE DE DATOS ESTÁ SUJETA A CAMBIOS POR ENTRADAS Y SALIDAS DE PERSONAL | DZZ1: * ESTA BASE DE DATOS ESTÁ SUJETA A CAMBIOS POR ENTRADAS Y SALIDAS DE PERSONAL | EAH1: * ESTA BASE DE DATOS ESTÁ SUJETA A CAMBIOS POR ENTRADAS Y SALIDAS DE PERSONAL | EAP1: * ESTA BASE DE DATOS ESTÁ SUJETA A CAMBIOS POR ENTRADAS Y SALIDAS DE PERSONAL | EAX1: * ESTA BASE DE DATOS ESTÁ SUJETA A CAMBIOS POR ENTRADAS Y SALIDAS DE PERSONAL | EBF1: * ESTA BASE DE DATOS ESTÁ SUJETA A CAMBIOS POR ENTRADAS Y SALIDAS DE PERSONAL | EBN1: * ESTA BASE DE DATOS ESTÁ SUJETA A CAMBIOS POR ENTRADAS Y SALIDAS DE PERSONAL | EBV1: * ESTA BASE DE DATOS ESTÁ SUJETA A CAMBIOS POR ENTRADAS Y SALIDAS DE PERSONAL | ECD1: * ESTA BASE DE DATOS ESTÁ SUJETA A CAMBIOS POR ENTRADAS Y SALIDAS DE PERSONAL | ECL1: * ESTA BASE DE DATOS ESTÁ SUJETA A CAMBIOS POR ENTRADAS Y SALIDAS DE PERSONAL | ECT1: * ESTA BASE DE DATOS ESTÁ SUJETA A CAMBIOS POR ENTRADAS Y SALIDAS DE PERSONAL | EDB1: * ESTA BASE DE DATOS ESTÁ SUJETA A CAMBIOS POR ENTRADAS Y SALIDAS DE PERSONAL | EDJ1: * ESTA BASE DE DATOS ESTÁ SUJETA A CAMBIOS POR ENTRADAS Y SALIDAS DE PERSONAL | EDR1: * ESTA BASE DE DATOS ESTÁ SUJETA A CAMBIOS POR ENTRADAS Y SALIDAS DE PERSONAL | EDZ1: * ESTA BASE DE DATOS ESTÁ SUJETA A CAMBIOS POR ENTRADAS Y SALIDAS DE PERSONAL | EEH1: * ESTA BASE DE DATOS ESTÁ SUJETA A CAMBIOS POR ENTRADAS Y SALIDAS DE PERSONAL | EEP1: * ESTA BASE DE DATOS ESTÁ SUJETA A CAMBIOS POR ENTRADAS Y SALIDAS DE PERSONAL | EEX1: * ESTA BASE DE DATOS ESTÁ SUJETA A CAMBIOS POR ENTRADAS Y SALIDAS DE PERSONAL | EFF1: * ESTA BASE DE DATOS ESTÁ SUJETA A CAMBIOS POR ENTRADAS Y SALIDAS DE PERSONAL | EFN1: * ESTA BASE DE DATOS ESTÁ SUJETA A CAMBIOS POR ENTRADAS Y SALIDAS DE PERSONAL | EFV1: * ESTA BASE DE DATOS ESTÁ SUJETA A CAMBIOS POR ENTRADAS Y SALIDAS DE PERSONAL | EGD1: * ESTA BASE DE DATOS ESTÁ SUJETA A CAMBIOS POR ENTRADAS Y SALIDAS DE PERSONAL | EGL1: * ESTA BASE DE DATOS ESTÁ SUJETA A CAMBIOS POR ENTRADAS Y SALIDAS DE PERSONAL | EGT1: * ESTA BASE DE DATOS ESTÁ SUJETA A CAMBIOS POR ENTRADAS Y SALIDAS DE PERSONAL | EHB1: * ESTA BASE DE DATOS ESTÁ SUJETA A CAMBIOS POR ENTRADAS Y SALIDAS DE PERSONAL | EHJ1: * ESTA BASE DE DATOS ESTÁ SUJETA A CAMBIOS POR ENTRADAS Y SALIDAS DE PERSONAL | EHR1: * ESTA BASE DE DATOS ESTÁ SUJETA A CAMBIOS POR ENTRADAS Y SALIDAS DE PERSONAL | EHZ1: * ESTA BASE DE DATOS ESTÁ SUJETA A CAMBIOS POR ENTRADAS Y SALIDAS DE PERSONAL | EIH1: * ESTA BASE DE DATOS ESTÁ SUJETA A CAMBIOS POR ENTRADAS Y SALIDAS DE PERSONAL | EIP1: * ESTA BASE DE DATOS ESTÁ SUJETA A CAMBIOS POR ENTRADAS Y SALIDAS DE PERSONAL | EIX1: * ESTA BASE DE DATOS ESTÁ SUJETA A CAMBIOS POR ENTRADAS Y SALIDAS DE PERSONAL | EJF1: * ESTA BASE DE DATOS ESTÁ SUJETA A CAMBIOS POR ENTRADAS Y SALIDAS DE PERSONAL | EJN1: * ESTA BASE DE DATOS ESTÁ SUJETA A CAMBIOS POR ENTRADAS Y SALIDAS DE PERSONAL | EJV1: * ESTA BASE DE DATOS ESTÁ SUJETA A CAMBIOS POR ENTRADAS Y SALIDAS DE PERSONAL | EKD1: * ESTA BASE DE DATOS ESTÁ SUJETA A CAMBIOS POR ENTRADAS Y SALIDAS DE PERSONAL | EKL1: * ESTA BASE DE DATOS ESTÁ SUJETA A CAMBIOS POR ENTRADAS Y SALIDAS DE PERSONAL | EKT1: * ESTA BASE DE DATOS ESTÁ SUJETA A CAMBIOS POR ENTRADAS Y SALIDAS DE PERSONAL | ELB1: * ESTA BASE DE DATOS ESTÁ SUJETA A CAMBIOS POR ENTRADAS Y SALIDAS DE PERSONAL | ELJ1: * ESTA BASE DE DATOS ESTÁ SUJETA A CAMBIOS POR ENTRADAS Y SALIDAS DE PERSONAL | ELR1: * ESTA BASE DE DATOS ESTÁ SUJETA A CAMBIOS POR ENTRADAS Y SALIDAS DE PERSONAL | ELZ1: * ESTA BASE DE DATOS ESTÁ SUJETA A CAMBIOS POR ENTRADAS Y SALIDAS DE PERSONAL | EMH1: * ESTA BASE DE DATOS ESTÁ SUJETA A CAMBIOS POR ENTRADAS Y SALIDAS DE PERSONAL | EMP1: * ESTA BASE DE DATOS ESTÁ SUJETA A CAMBIOS POR ENTRADAS Y SALIDAS DE PERSONAL | EMX1: * ESTA BASE DE DATOS ESTÁ SUJETA A CAMBIOS POR ENTRADAS Y SALIDAS DE PERSONAL | ENF1: * ESTA BASE DE DATOS ESTÁ SUJETA A CAMBIOS POR ENTRADAS Y SALIDAS DE PERSONAL | ENN1: * ESTA BASE DE DATOS ESTÁ SUJETA A CAMBIOS POR ENTRADAS Y SALIDAS DE PERSONAL | ENV1: * ESTA BASE DE DATOS ESTÁ SUJETA A CAMBIOS POR ENTRADAS Y SALIDAS DE PERSONAL | EOD1: * ESTA BASE DE DATOS ESTÁ SUJETA A CAMBIOS POR ENTRADAS Y SALIDAS DE PERSONAL | EOL1: * ESTA BASE DE DATOS ESTÁ SUJETA A CAMBIOS POR ENTRADAS Y SALIDAS DE PERSONAL | EOT1: * ESTA BASE DE DATOS ESTÁ SUJETA A CAMBIOS POR ENTRADAS Y SALIDAS DE PERSONAL | EPB1: * ESTA BASE DE DATOS ESTÁ SUJETA A CAMBIOS POR ENTRADAS Y SALIDAS DE PERSONAL | EPJ1: * ESTA BASE DE DATOS ESTÁ SUJETA A CAMBIOS POR ENTRADAS Y SALIDAS DE PERSONAL | EPR1: * ESTA BASE DE DATOS ESTÁ SUJETA A CAMBIOS POR ENTRADAS Y SALIDAS DE PERSONAL | EPZ1: * ESTA BASE DE DATOS ESTÁ SUJETA A CAMBIOS POR ENTRADAS Y SALIDAS DE PERSONAL | EQH1: * ESTA BASE DE DATOS ESTÁ SUJETA A CAMBIOS POR ENTRADAS Y SALIDAS DE PERSONAL | EQP1: * ESTA BASE DE DATOS ESTÁ SUJETA A CAMBIOS POR ENTRADAS Y SALIDAS DE PERSONAL | EQX1: * ESTA BASE DE DATOS ESTÁ SUJETA A CAMBIOS POR ENTRADAS Y SALIDAS DE PERSONAL | ERF1: * ESTA BASE DE DATOS ESTÁ SUJETA A CAMBIOS POR ENTRADAS Y SALIDAS DE PERSONAL | ERN1: * ESTA BASE DE DATOS ESTÁ SUJETA A CAMBIOS POR ENTRADAS Y SALIDAS DE PERSONAL | ERV1: * ESTA BASE DE DATOS ESTÁ SUJETA A CAMBIOS POR ENTRADAS Y SALIDAS DE PERSONAL | ESD1: * ESTA BASE DE DATOS ESTÁ SUJETA A CAMBIOS POR ENTRADAS Y SALIDAS DE PERSONAL | ESL1: * ESTA BASE DE DATOS ESTÁ SUJETA A CAMBIOS POR ENTRADAS Y SALIDAS DE PERSONAL | EST1: * ESTA BASE DE DATOS ESTÁ SUJETA A CAMBIOS POR ENTRADAS Y SALIDAS DE PERSONAL | ETB1: * ESTA BASE DE DATOS ESTÁ SUJETA A CAMBIOS POR ENTRADAS Y SALIDAS DE PERSONAL | ETJ1: * ESTA BASE DE DATOS ESTÁ SUJETA A CAMBIOS POR ENTRADAS Y SALIDAS DE PERSONAL | ETR1: * ESTA BASE DE DATOS ESTÁ SUJETA A CAMBIOS POR ENTRADAS Y SALIDAS DE PERSONAL | ETZ1: * ESTA BASE DE DATOS ESTÁ SUJETA A CAMBIOS POR ENTRADAS Y SALIDAS DE PERSONAL | EUH1: * ESTA BASE DE DATOS ESTÁ SUJETA A CAMBIOS POR ENTRADAS Y SALIDAS DE PERSONAL | EUP1: * ESTA BASE DE DATOS ESTÁ SUJETA A CAMBIOS POR ENTRADAS Y SALIDAS DE PERSONAL | EUX1: * ESTA BASE DE DATOS ESTÁ SUJETA A CAMBIOS POR ENTRADAS Y SALIDAS DE PERSONAL | EVF1: * ESTA BASE DE DATOS ESTÁ SUJETA A CAMBIOS POR ENTRADAS Y SALIDAS DE PERSONAL | EVN1: * ESTA BASE DE DATOS ESTÁ SUJETA A CAMBIOS POR ENTRADAS Y SALIDAS DE PERSONAL | EVV1: * ESTA BASE DE DATOS ESTÁ SUJETA A CAMBIOS POR ENTRADAS Y SALIDAS DE PERSONAL | EWD1: * ESTA BASE DE DATOS ESTÁ SUJETA A CAMBIOS POR ENTRADAS Y SALIDAS DE PERSONAL | EWL1: * ESTA BASE DE DATOS ESTÁ SUJETA A CAMBIOS POR ENTRADAS Y SALIDAS DE PERSONAL | EWT1: * ESTA BASE DE DATOS ESTÁ SUJETA A CAMBIOS POR ENTRADAS Y SALIDAS DE PERSONAL | EXB1: * ESTA BASE DE DATOS ESTÁ SUJETA A CAMBIOS POR ENTRADAS Y SALIDAS DE PERSONAL | EXJ1: * ESTA BASE DE DATOS ESTÁ SUJETA A CAMBIOS POR ENTRADAS Y SALIDAS DE PERSONAL | EXR1: * ESTA BASE DE DATOS ESTÁ SUJETA A CAMBIOS POR ENTRADAS Y SALIDAS DE PERSONAL | EXZ1: * ESTA BASE DE DATOS ESTÁ SUJETA A CAMBIOS POR ENTRADAS Y SALIDAS DE PERSONAL | EYH1: * ESTA BASE DE DATOS ESTÁ SUJETA A CAMBIOS POR ENTRADAS Y SALIDAS DE PERSONAL | EYP1: * ESTA BASE DE DATOS ESTÁ SUJETA A CAMBIOS POR ENTRADAS Y SALIDAS DE PERSONAL | EYX1: * ESTA BASE DE DATOS ESTÁ SUJETA A CAMBIOS POR ENTRADAS Y SALIDAS DE PERSONAL | EZF1: * ESTA BASE DE DATOS ESTÁ SUJETA A CAMBIOS POR ENTRADAS Y SALIDAS DE PERSONAL | EZN1: * ESTA BASE DE DATOS ESTÁ SUJETA A CAMBIOS POR ENTRADAS Y SALIDAS DE PERSONAL | EZV1: * ESTA BASE DE DATOS ESTÁ SUJETA A CAMBIOS POR ENTRADAS Y SALIDAS DE PERSONAL | FAD1: * ESTA BASE DE DATOS ESTÁ SUJETA A CAMBIOS POR ENTRADAS Y SALIDAS DE PERSONAL | FAL1: * ESTA BASE DE DATOS ESTÁ SUJETA A CAMBIOS POR ENTRADAS Y SALIDAS DE PERSONAL | FAT1: * ESTA BASE DE DATOS ESTÁ SUJETA A CAMBIOS POR ENTRADAS Y SALIDAS DE PERSONAL | FBB1: * ESTA BASE DE DATOS ESTÁ SUJETA A CAMBIOS POR ENTRADAS Y SALIDAS DE PERSONAL | FBJ1: * ESTA BASE DE DATOS ESTÁ SUJETA A CAMBIOS POR ENTRADAS Y SALIDAS DE PERSONAL | FBR1: * ESTA BASE DE DATOS ESTÁ SUJETA A CAMBIOS POR ENTRADAS Y SALIDAS DE PERSONAL | FBZ1: * ESTA BASE DE DATOS ESTÁ SUJETA A CAMBIOS POR ENTRADAS Y SALIDAS DE PERSONAL | FCH1: * ESTA BASE DE DATOS ESTÁ SUJETA A CAMBIOS POR ENTRADAS Y SALIDAS DE PERSONAL | FCP1: * ESTA BASE DE DATOS ESTÁ SUJETA A CAMBIOS POR ENTRADAS Y SALIDAS DE PERSONAL | FCX1: * ESTA BASE DE DATOS ESTÁ SUJETA A CAMBIOS POR ENTRADAS Y SALIDAS DE PERSONAL | FDF1: * ESTA BASE DE DATOS ESTÁ SUJETA A CAMBIOS POR ENTRADAS Y SALIDAS DE PERSONAL | FDN1: * ESTA BASE DE DATOS ESTÁ SUJETA A CAMBIOS POR ENTRADAS Y SALIDAS DE PERSONAL | FDV1: * ESTA BASE DE DATOS ESTÁ SUJETA A CAMBIOS POR ENTRADAS Y SALIDAS DE PERSONAL | FED1: * ESTA BASE DE DATOS ESTÁ SUJETA A CAMBIOS POR ENTRADAS Y SALIDAS DE PERSONAL | FEL1: * ESTA BASE DE DATOS ESTÁ SUJETA A CAMBIOS POR ENTRADAS Y SALIDAS DE PERSONAL | FET1: * ESTA BASE DE DATOS ESTÁ SUJETA A CAMBIOS POR ENTRADAS Y SALIDAS DE PERSONAL | FFB1: * ESTA BASE DE DATOS ESTÁ SUJETA A CAMBIOS POR ENTRADAS Y SALIDAS DE PERSONAL | FFJ1: * ESTA BASE DE DATOS ESTÁ SUJETA A CAMBIOS POR ENTRADAS Y SALIDAS DE PERSONAL | FFR1: * ESTA BASE DE DATOS ESTÁ SUJETA A CAMBIOS POR ENTRADAS Y SALIDAS DE PERSONAL | FFZ1: * ESTA BASE DE DATOS ESTÁ SUJETA A CAMBIOS POR ENTRADAS Y SALIDAS DE PERSONAL | FGH1: * ESTA BASE DE DATOS ESTÁ SUJETA A CAMBIOS POR ENTRADAS Y SALIDAS DE PERSONAL | FGP1: * ESTA BASE DE DATOS ESTÁ SUJETA A CAMBIOS POR ENTRADAS Y SALIDAS DE PERSONAL | FGX1: * ESTA BASE DE DATOS ESTÁ SUJETA A CAMBIOS POR ENTRADAS Y SALIDAS DE PERSONAL | FHF1: * ESTA BASE DE DATOS ESTÁ SUJETA A CAMBIOS POR ENTRADAS Y SALIDAS DE PERSONAL | FHN1: * ESTA BASE DE DATOS ESTÁ SUJETA A CAMBIOS POR ENTRADAS Y SALIDAS DE PERSONAL | FHV1: * ESTA BASE DE DATOS ESTÁ SUJETA A CAMBIOS POR ENTRADAS Y SALIDAS DE PERSONAL | FID1: * ESTA BASE DE DATOS ESTÁ SUJETA A CAMBIOS POR ENTRADAS Y SALIDAS DE PERSONAL | FIL1: * ESTA BASE DE DATOS ESTÁ SUJETA A CAMBIOS POR ENTRADAS Y SALIDAS DE PERSONAL | FIT1: * ESTA BASE DE DATOS ESTÁ SUJETA A CAMBIOS POR ENTRADAS Y SALIDAS DE PERSONAL | FJB1: * ESTA BASE DE DATOS ESTÁ SUJETA A CAMBIOS POR ENTRADAS Y SALIDAS DE PERSONAL | FJJ1: * ESTA BASE DE DATOS ESTÁ SUJETA A CAMBIOS POR ENTRADAS Y SALIDAS DE PERSONAL | FJR1: * ESTA BASE DE DATOS ESTÁ SUJETA A CAMBIOS POR ENTRADAS Y SALIDAS DE PERSONAL | FJZ1: * ESTA BASE DE DATOS ESTÁ SUJETA A CAMBIOS POR ENTRADAS Y SALIDAS DE PERSONAL | FKH1: * ESTA BASE DE DATOS ESTÁ SUJETA A CAMBIOS POR ENTRADAS Y SALIDAS DE PERSONAL | FKP1: * ESTA BASE DE DATOS ESTÁ SUJETA A CAMBIOS POR ENTRADAS Y SALIDAS DE PERSONAL | FKX1: * ESTA BASE DE DATOS ESTÁ SUJETA A CAMBIOS POR ENTRADAS Y SALIDAS DE PERSONAL | FLF1: * ESTA BASE DE DATOS ESTÁ SUJETA A CAMBIOS POR ENTRADAS Y SALIDAS DE PERSONAL | FLN1: * ESTA BASE DE DATOS ESTÁ SUJETA A CAMBIOS POR ENTRADAS Y SALIDAS DE PERSONAL | FLV1: * ESTA BASE DE DATOS ESTÁ SUJETA A CAMBIOS POR ENTRADAS Y SALIDAS DE PERSONAL | FMD1: * ESTA BASE DE DATOS ESTÁ SUJETA A CAMBIOS POR ENTRADAS Y SALIDAS DE PERSONAL | FML1: * ESTA BASE DE DATOS ESTÁ SUJETA A CAMBIOS POR ENTRADAS Y SALIDAS DE PERSONAL | FMT1: * ESTA BASE DE DATOS ESTÁ SUJETA A CAMBIOS POR ENTRADAS Y SALIDAS DE PERSONAL | FNB1: * ESTA BASE DE DATOS ESTÁ SUJETA A CAMBIOS POR ENTRADAS Y SALIDAS DE PERSONAL | FNJ1: * ESTA BASE DE DATOS ESTÁ SUJETA A CAMBIOS POR ENTRADAS Y SALIDAS DE PERSONAL | FNR1: * ESTA BASE DE DATOS ESTÁ SUJETA A CAMBIOS POR ENTRADAS Y SALIDAS DE PERSONAL | FNZ1: * ESTA BASE DE DATOS ESTÁ SUJETA A CAMBIOS POR ENTRADAS Y SALIDAS DE PERSONAL | FOH1: * ESTA BASE DE DATOS ESTÁ SUJETA A CAMBIOS POR ENTRADAS Y SALIDAS DE PERSONAL | FOP1: * ESTA BASE DE DATOS ESTÁ SUJETA A CAMBIOS POR ENTRADAS Y SALIDAS DE PERSONAL | FOX1: * ESTA BASE DE DATOS ESTÁ SUJETA A CAMBIOS POR ENTRADAS Y SALIDAS DE PERSONAL | FPF1: * ESTA BASE DE DATOS ESTÁ SUJETA A CAMBIOS POR ENTRADAS Y SALIDAS DE PERSONAL | FPN1: * ESTA BASE DE DATOS ESTÁ SUJETA A CAMBIOS POR ENTRADAS Y SALIDAS DE PERSONAL | FPV1: * ESTA BASE DE DATOS ESTÁ SUJETA A CAMBIOS POR ENTRADAS Y SALIDAS DE PERSONAL | FQD1: * ESTA BASE DE DATOS ESTÁ SUJETA A CAMBIOS POR ENTRADAS Y SALIDAS DE PERSONAL | FQL1: * ESTA BASE DE DATOS ESTÁ SUJETA A CAMBIOS POR ENTRADAS Y SALIDAS DE PERSONAL | FQT1: * ESTA BASE DE DATOS ESTÁ SUJETA A CAMBIOS POR ENTRADAS Y SALIDAS DE PERSONAL | FRB1: * ESTA BASE DE DATOS ESTÁ SUJETA A CAMBIOS POR ENTRADAS Y SALIDAS DE PERSONAL | FRJ1: * ESTA BASE DE DATOS ESTÁ SUJETA A CAMBIOS POR ENTRADAS Y SALIDAS DE PERSONAL | FRR1: * ESTA BASE DE DATOS ESTÁ SUJETA A CAMBIOS POR ENTRADAS Y SALIDAS DE PERSONAL | FRZ1: * ESTA BASE DE DATOS ESTÁ SUJETA A CAMBIOS POR ENTRADAS Y SALIDAS DE PERSONAL | FSH1: * ESTA BASE DE DATOS ESTÁ SUJETA A CAMBIOS POR ENTRADAS Y SALIDAS DE PERSONAL | FSP1: * ESTA BASE DE DATOS ESTÁ SUJETA A CAMBIOS POR ENTRADAS Y SALIDAS DE PERSONAL | FSX1: * ESTA BASE DE DATOS ESTÁ SUJETA A CAMBIOS POR ENTRADAS Y SALIDAS DE PERSONAL | FTF1: * ESTA BASE DE DATOS ESTÁ SUJETA A CAMBIOS POR ENTRADAS Y SALIDAS DE PERSONAL | FTN1: * ESTA BASE DE DATOS ESTÁ SUJETA A CAMBIOS POR ENTRADAS Y SALIDAS DE PERSONAL | FTV1: * ESTA BASE DE DATOS ESTÁ SUJETA A CAMBIOS POR ENTRADAS Y SALIDAS DE PERSONAL | FUD1: * ESTA BASE DE DATOS ESTÁ SUJETA A CAMBIOS POR ENTRADAS Y SALIDAS DE PERSONAL | FUL1: * ESTA BASE DE DATOS ESTÁ SUJETA A CAMBIOS POR ENTRADAS Y SALIDAS DE PERSONAL | FUT1: * ESTA BASE DE DATOS ESTÁ SUJETA A CAMBIOS POR ENTRADAS Y SALIDAS DE PERSONAL | FVB1: * ESTA BASE DE DATOS ESTÁ SUJETA A CAMBIOS POR ENTRADAS Y SALIDAS DE PERSONAL | FVJ1: * ESTA BASE DE DATOS ESTÁ SUJETA A CAMBIOS POR ENTRADAS Y SALIDAS DE PERSONAL | FVR1: * ESTA BASE DE DATOS ESTÁ SUJETA A CAMBIOS POR ENTRADAS Y SALIDAS DE PERSONAL | FVZ1: * ESTA BASE DE DATOS ESTÁ SUJETA A CAMBIOS POR ENTRADAS Y SALIDAS DE PERSONAL | FWH1: * ESTA BASE DE DATOS ESTÁ SUJETA A CAMBIOS POR ENTRADAS Y SALIDAS DE PERSONAL | FWP1: * ESTA BASE DE DATOS ESTÁ SUJETA A CAMBIOS POR ENTRADAS Y SALIDAS DE PERSONAL | FWX1: * ESTA BASE DE DATOS ESTÁ SUJETA A CAMBIOS POR ENTRADAS Y SALIDAS DE PERSONAL | FXF1: * ESTA BASE DE DATOS ESTÁ SUJETA A CAMBIOS POR ENTRADAS Y SALIDAS DE PERSONAL | FXN1: * ESTA BASE DE DATOS ESTÁ SUJETA A CAMBIOS POR ENTRADAS Y SALIDAS DE PERSONAL | FXV1: * ESTA BASE DE DATOS ESTÁ SUJETA A CAMBIOS POR ENTRADAS Y SALIDAS DE PERSONAL | FYD1: * ESTA BASE DE DATOS ESTÁ SUJETA A CAMBIOS POR ENTRADAS Y SALIDAS DE PERSONAL | FYL1: * ESTA BASE DE DATOS ESTÁ SUJETA A CAMBIOS POR ENTRADAS Y SALIDAS DE PERSONAL | FYT1: * ESTA BASE DE DATOS ESTÁ SUJETA A CAMBIOS POR ENTRADAS Y SALIDAS DE PERSONAL | FZB1: * ESTA BASE DE DATOS ESTÁ SUJETA A CAMBIOS POR ENTRADAS Y SALIDAS DE PERSONAL | FZJ1: * ESTA BASE DE DATOS ESTÁ SUJETA A CAMBIOS POR ENTRADAS Y SALIDAS DE PERSONAL | FZR1: * ESTA BASE DE DATOS ESTÁ SUJETA A CAMBIOS POR ENTRADAS Y SALIDAS DE PERSONAL | FZZ1: * ESTA BASE DE DATOS ESTÁ SUJETA A CAMBIOS POR ENTRADAS Y SALIDAS DE PERSONAL | GAH1: * ESTA BASE DE DATOS ESTÁ SUJETA A CAMBIOS POR ENTRADAS Y SALIDAS DE PERSONAL | GAP1: * ESTA BASE DE DATOS ESTÁ SUJETA A CAMBIOS POR ENTRADAS Y SALIDAS DE PERSONAL | GAX1: * ESTA BASE DE DATOS ESTÁ SUJETA A CAMBIOS POR ENTRADAS Y SALIDAS DE PERSONAL | GBF1: * ESTA BASE DE DATOS ESTÁ SUJETA A CAMBIOS POR ENTRADAS Y SALIDAS DE PERSONAL | GBN1: * ESTA BASE DE DATOS ESTÁ SUJETA A CAMBIOS POR ENTRADAS Y SALIDAS DE PERSONAL | GBV1: * ESTA BASE DE DATOS ESTÁ SUJETA A CAMBIOS POR ENTRADAS Y SALIDAS DE PERSONAL | GCD1: * ESTA BASE DE DATOS ESTÁ SUJETA A CAMBIOS POR ENTRADAS Y SALIDAS DE PERSONAL | GCL1: * ESTA BASE DE DATOS ESTÁ SUJETA A CAMBIOS POR ENTRADAS Y SALIDAS DE PERSONAL | GCT1: * ESTA BASE DE DATOS ESTÁ SUJETA A CAMBIOS POR ENTRADAS Y SALIDAS DE PERSONAL | GDB1: * ESTA BASE DE DATOS ESTÁ SUJETA A CAMBIOS POR ENTRADAS Y SALIDAS DE PERSONAL | GDJ1: * ESTA BASE DE DATOS ESTÁ SUJETA A CAMBIOS POR ENTRADAS Y SALIDAS DE PERSONAL | GDR1: * ESTA BASE DE DATOS ESTÁ SUJETA A CAMBIOS POR ENTRADAS Y SALIDAS DE PERSONAL | GDZ1: * ESTA BASE DE DATOS ESTÁ SUJETA A CAMBIOS POR ENTRADAS Y SALIDAS DE PERSONAL | GEH1: * ESTA BASE DE DATOS ESTÁ SUJETA A CAMBIOS POR ENTRADAS Y SALIDAS DE PERSONAL | GEP1: * ESTA BASE DE DATOS ESTÁ SUJETA A CAMBIOS POR ENTRADAS Y SALIDAS DE PERSONAL | GEX1: * ESTA BASE DE DATOS ESTÁ SUJETA A CAMBIOS POR ENTRADAS Y SALIDAS DE PERSONAL | GFF1: * ESTA BASE DE DATOS ESTÁ SUJETA A CAMBIOS POR ENTRADAS Y SALIDAS DE PERSONAL | GFN1: * ESTA BASE DE DATOS ESTÁ SUJETA A CAMBIOS POR ENTRADAS Y SALIDAS DE PERSONAL | GFV1: * ESTA BASE DE DATOS ESTÁ SUJETA A CAMBIOS POR ENTRADAS Y SALIDAS DE PERSONAL | GGD1: * ESTA BASE DE DATOS ESTÁ SUJETA A CAMBIOS POR ENTRADAS Y SALIDAS DE PERSONAL | GGL1: * ESTA BASE DE DATOS ESTÁ SUJETA A CAMBIOS POR ENTRADAS Y SALIDAS DE PERSONAL | GGT1: * ESTA BASE DE DATOS ESTÁ SUJETA A CAMBIOS POR ENTRADAS Y SALIDAS DE PERSONAL | GHB1: * ESTA BASE DE DATOS ESTÁ SUJETA A CAMBIOS POR ENTRADAS Y SALIDAS DE PERSONAL | GHJ1: * ESTA BASE DE DATOS ESTÁ SUJETA A CAMBIOS POR ENTRADAS Y SALIDAS DE PERSONAL | GHR1: * ESTA BASE DE DATOS ESTÁ SUJETA A CAMBIOS POR ENTRADAS Y SALIDAS DE PERSONAL | GHZ1: * ESTA BASE DE DATOS ESTÁ SUJETA A CAMBIOS POR ENTRADAS Y SALIDAS DE PERSONAL | GIH1: * ESTA BASE DE DATOS ESTÁ SUJETA A CAMBIOS POR ENTRADAS Y SALIDAS DE PERSONAL | GIP1: * ESTA BASE DE DATOS ESTÁ SUJETA A CAMBIOS POR ENTRADAS Y SALIDAS DE PERSONAL | GIX1: * ESTA BASE DE DATOS ESTÁ SUJETA A CAMBIOS POR ENTRADAS Y SALIDAS DE PERSONAL | GJF1: * ESTA BASE DE DATOS ESTÁ SUJETA A CAMBIOS POR ENTRADAS Y SALIDAS DE PERSONAL | GJN1: * ESTA BASE DE DATOS ESTÁ SUJETA A CAMBIOS POR ENTRADAS Y SALIDAS DE PERSONAL | GJV1: * ESTA BASE DE DATOS ESTÁ SUJETA A CAMBIOS POR ENTRADAS Y SALIDAS DE PERSONAL | GKD1: * ESTA BASE DE DATOS ESTÁ SUJETA A CAMBIOS POR ENTRADAS Y SALIDAS DE PERSONAL | GKL1: * ESTA BASE DE DATOS ESTÁ SUJETA A CAMBIOS POR ENTRADAS Y SALIDAS DE PERSONAL | GKT1: * ESTA BASE DE DATOS ESTÁ SUJETA A CAMBIOS POR ENTRADAS Y SALIDAS DE PERSONAL | GLB1: * ESTA BASE DE DATOS ESTÁ SUJETA A CAMBIOS POR ENTRADAS Y SALIDAS DE PERSONAL | GLJ1: * ESTA BASE DE DATOS ESTÁ SUJETA A CAMBIOS POR ENTRADAS Y SALIDAS DE PERSONAL | GLR1: * ESTA BASE DE DATOS ESTÁ SUJETA A CAMBIOS POR ENTRADAS Y SALIDAS DE PERSONAL | GLZ1: * ESTA BASE DE DATOS ESTÁ SUJETA A CAMBIOS POR ENTRADAS Y SALIDAS DE PERSONAL | GMH1: * ESTA BASE DE DATOS ESTÁ SUJETA A CAMBIOS POR ENTRADAS Y SALIDAS DE PERSONAL | GMP1: * ESTA BASE DE DATOS ESTÁ SUJETA A CAMBIOS POR ENTRADAS Y SALIDAS DE PERSONAL | GMX1: * ESTA BASE DE DATOS ESTÁ SUJETA A CAMBIOS POR ENTRADAS Y SALIDAS DE PERSONAL | GNF1: * ESTA BASE DE DATOS ESTÁ SUJETA A CAMBIOS POR ENTRADAS Y SALIDAS DE PERSONAL | GNN1: * ESTA BASE DE DATOS ESTÁ SUJETA A CAMBIOS POR ENTRADAS Y SALIDAS DE PERSONAL | GNV1: * ESTA BASE DE DATOS ESTÁ SUJETA A CAMBIOS POR ENTRADAS Y SALIDAS DE PERSONAL | GOD1: * ESTA BASE DE DATOS ESTÁ SUJETA A CAMBIOS POR ENTRADAS Y SALIDAS DE PERSONAL | GOL1: * ESTA BASE DE DATOS ESTÁ SUJETA A CAMBIOS POR ENTRADAS Y SALIDAS DE PERSONAL | GOT1: * ESTA BASE DE DATOS ESTÁ SUJETA A CAMBIOS POR ENTRADAS Y SALIDAS DE PERSONAL | GPB1: * ESTA BASE DE DATOS ESTÁ SUJETA A CAMBIOS POR ENTRADAS Y SALIDAS DE PERSONAL | GPJ1: * ESTA BASE DE DATOS ESTÁ SUJETA A CAMBIOS POR ENTRADAS Y SALIDAS DE PERSONAL | GPR1: * ESTA BASE DE DATOS ESTÁ SUJETA A CAMBIOS POR ENTRADAS Y SALIDAS DE PERSONAL | GPZ1: * ESTA BASE DE DATOS ESTÁ SUJETA A CAMBIOS POR ENTRADAS Y SALIDAS DE PERSONAL | GQH1: * ESTA BASE DE DATOS ESTÁ SUJETA A CAMBIOS POR ENTRADAS Y SALIDAS DE PERSONAL | GQP1: * ESTA BASE DE DATOS ESTÁ SUJETA A CAMBIOS POR ENTRADAS Y SALIDAS DE PERSONAL | GQX1: * ESTA BASE DE DATOS ESTÁ SUJETA A CAMBIOS POR ENTRADAS Y SALIDAS DE PERSONAL | GRF1: * ESTA BASE DE DATOS ESTÁ SUJETA A CAMBIOS POR ENTRADAS Y SALIDAS DE PERSONAL | GRN1: * ESTA BASE DE DATOS ESTÁ SUJETA A CAMBIOS POR ENTRADAS Y SALIDAS DE PERSONAL | GRV1: * ESTA BASE DE DATOS ESTÁ SUJETA A CAMBIOS POR ENTRADAS Y SALIDAS DE PERSONAL | GSD1: * ESTA BASE DE DATOS ESTÁ SUJETA A CAMBIOS POR ENTRADAS Y SALIDAS DE PERSONAL | GSL1: * ESTA BASE DE DATOS ESTÁ SUJETA A CAMBIOS POR ENTRADAS Y SALIDAS DE PERSONAL | GST1: * ESTA BASE DE DATOS ESTÁ SUJETA A CAMBIOS POR ENTRADAS Y SALIDAS DE PERSONAL | GTB1: * ESTA BASE DE DATOS ESTÁ SUJETA A CAMBIOS POR ENTRADAS Y SALIDAS DE PERSONAL | GTJ1: * ESTA BASE DE DATOS ESTÁ SUJETA A CAMBIOS POR ENTRADAS Y SALIDAS DE PERSONAL | GTR1: * ESTA BASE DE DATOS ESTÁ SUJETA A CAMBIOS POR ENTRADAS Y SALIDAS DE PERSONAL | GTZ1: * ESTA BASE DE DATOS ESTÁ SUJETA A CAMBIOS POR ENTRADAS Y SALIDAS DE PERSONAL | GUH1: * ESTA BASE DE DATOS ESTÁ SUJETA A CAMBIOS POR ENTRADAS Y SALIDAS DE PERSONAL | GUP1: * ESTA BASE DE DATOS ESTÁ SUJETA A CAMBIOS POR ENTRADAS Y SALIDAS DE PERSONAL | GUX1: * ESTA BASE DE DATOS ESTÁ SUJETA A CAMBIOS POR ENTRADAS Y SALIDAS DE PERSONAL | GVF1: * ESTA BASE DE DATOS ESTÁ SUJETA A CAMBIOS POR ENTRADAS Y SALIDAS DE PERSONAL | GVN1: * ESTA BASE DE DATOS ESTÁ SUJETA A CAMBIOS POR ENTRADAS Y SALIDAS DE PERSONAL | GVV1: * ESTA BASE DE DATOS ESTÁ SUJETA A CAMBIOS POR ENTRADAS Y SALIDAS DE PERSONAL | GWD1: * ESTA BASE DE DATOS ESTÁ SUJETA A CAMBIOS POR ENTRADAS Y SALIDAS DE PERSONAL | GWL1: * ESTA BASE DE DATOS ESTÁ SUJETA A CAMBIOS POR ENTRADAS Y SALIDAS DE PERSONAL | GWT1: * ESTA BASE DE DATOS ESTÁ SUJETA A CAMBIOS POR ENTRADAS Y SALIDAS DE PERSONAL | GXB1: * ESTA BASE DE DATOS ESTÁ SUJETA A CAMBIOS POR ENTRADAS Y SALIDAS DE PERSONAL | GXJ1: * ESTA BASE DE DATOS ESTÁ SUJETA A CAMBIOS POR ENTRADAS Y SALIDAS DE PERSONAL | GXR1: * ESTA BASE DE DATOS ESTÁ SUJETA A CAMBIOS POR ENTRADAS Y SALIDAS DE PERSONAL | GXZ1: * ESTA BASE DE DATOS ESTÁ SUJETA A CAMBIOS POR ENTRADAS Y SALIDAS DE PERSONAL | GYH1: * ESTA BASE DE DATOS ESTÁ SUJETA A CAMBIOS POR ENTRADAS Y SALIDAS DE PERSONAL | GYP1: * ESTA BASE DE DATOS ESTÁ SUJETA A CAMBIOS POR ENTRADAS Y SALIDAS DE PERSONAL | GYX1: * ESTA BASE DE DATOS ESTÁ SUJETA A CAMBIOS POR ENTRADAS Y SALIDAS DE PERSONAL | GZF1: * ESTA BASE DE DATOS ESTÁ SUJETA A CAMBIOS POR ENTRADAS Y SALIDAS DE PERSONAL | GZN1: * ESTA BASE DE DATOS ESTÁ SUJETA A CAMBIOS POR ENTRADAS Y SALIDAS DE PERSONAL | GZV1: * ESTA BASE DE DATOS ESTÁ SUJETA A CAMBIOS POR ENTRADAS Y SALIDAS DE PERSONAL | HAD1: * ESTA BASE DE DATOS ESTÁ SUJETA A CAMBIOS POR ENTRADAS Y SALIDAS DE PERSONAL | HAL1: * ESTA BASE DE DATOS ESTÁ SUJETA A CAMBIOS POR ENTRADAS Y SALIDAS DE PERSONAL | HAT1: * ESTA BASE DE DATOS ESTÁ SUJETA A CAMBIOS POR ENTRADAS Y SALIDAS DE PERSONAL | HBB1: * ESTA BASE DE DATOS ESTÁ SUJETA A CAMBIOS POR ENTRADAS Y SALIDAS DE PERSONAL | HBJ1: * ESTA BASE DE DATOS ESTÁ SUJETA A CAMBIOS POR ENTRADAS Y SALIDAS DE PERSONAL | HBR1: * ESTA BASE DE DATOS ESTÁ SUJETA A CAMBIOS POR ENTRADAS Y SALIDAS DE PERSONAL | HBZ1: * ESTA BASE DE DATOS ESTÁ SUJETA A CAMBIOS POR ENTRADAS Y SALIDAS DE PERSONAL | HCH1: * ESTA BASE DE DATOS ESTÁ SUJETA A CAMBIOS POR ENTRADAS Y SALIDAS DE PERSONAL | HCP1: * ESTA BASE DE DATOS ESTÁ SUJETA A CAMBIOS POR ENTRADAS Y SALIDAS DE PERSONAL | HCX1: * ESTA BASE DE DATOS ESTÁ SUJETA A CAMBIOS POR ENTRADAS Y SALIDAS DE PERSONAL | HDF1: * ESTA BASE DE DATOS ESTÁ SUJETA A CAMBIOS POR ENTRADAS Y SALIDAS DE PERSONAL | HDN1: * ESTA BASE DE DATOS ESTÁ SUJETA A CAMBIOS POR ENTRADAS Y SALIDAS DE PERSONAL | HDV1: * ESTA BASE DE DATOS ESTÁ SUJETA A CAMBIOS POR ENTRADAS Y SALIDAS DE PERSONAL | HED1: * ESTA BASE DE DATOS ESTÁ SUJETA A CAMBIOS POR ENTRADAS Y SALIDAS DE PERSONAL | HEL1: * ESTA BASE DE DATOS ESTÁ SUJETA A CAMBIOS POR ENTRADAS Y SALIDAS DE PERSONAL | HET1: * ESTA BASE DE DATOS ESTÁ SUJETA A CAMBIOS POR ENTRADAS Y SALIDAS DE PERSONAL | HFB1: * ESTA BASE DE DATOS ESTÁ SUJETA A CAMBIOS POR ENTRADAS Y SALIDAS DE PERSONAL | HFJ1: * ESTA BASE DE DATOS ESTÁ SUJETA A CAMBIOS POR ENTRADAS Y SALIDAS DE PERSONAL | HFR1: * ESTA BASE DE DATOS ESTÁ SUJETA A CAMBIOS POR ENTRADAS Y SALIDAS DE PERSONAL | HFZ1: * ESTA BASE DE DATOS ESTÁ SUJETA A CAMBIOS POR ENTRADAS Y SALIDAS DE PERSONAL | HGH1: * ESTA BASE DE DATOS ESTÁ SUJETA A CAMBIOS POR ENTRADAS Y SALIDAS DE PERSONAL | HGP1: * ESTA BASE DE DATOS ESTÁ SUJETA A CAMBIOS POR ENTRADAS Y SALIDAS DE PERSONAL | HGX1: * ESTA BASE DE DATOS ESTÁ SUJETA A CAMBIOS POR ENTRADAS Y SALIDAS DE PERSONAL | HHF1: * ESTA BASE DE DATOS ESTÁ SUJETA A CAMBIOS POR ENTRADAS Y SALIDAS DE PERSONAL | HHN1: * ESTA BASE DE DATOS ESTÁ SUJETA A CAMBIOS POR ENTRADAS Y SALIDAS DE PERSONAL | HHV1: * ESTA BASE DE DATOS ESTÁ SUJETA A CAMBIOS POR ENTRADAS Y SALIDAS DE PERSONAL | HID1: * ESTA BASE DE DATOS ESTÁ SUJETA A CAMBIOS POR ENTRADAS Y SALIDAS DE PERSONAL | HIL1: * ESTA BASE DE DATOS ESTÁ SUJETA A CAMBIOS POR ENTRADAS Y SALIDAS DE PERSONAL | HIT1: * ESTA BASE DE DATOS ESTÁ SUJETA A CAMBIOS POR ENTRADAS Y SALIDAS DE PERSONAL | HJB1: * ESTA BASE DE DATOS ESTÁ SUJETA A CAMBIOS POR ENTRADAS Y SALIDAS DE PERSONAL | HJJ1: * ESTA BASE DE DATOS ESTÁ SUJETA A CAMBIOS POR ENTRADAS Y SALIDAS DE PERSONAL | HJR1: * ESTA BASE DE DATOS ESTÁ SUJETA A CAMBIOS POR ENTRADAS Y SALIDAS DE PERSONAL | HJZ1: * ESTA BASE DE DATOS ESTÁ SUJETA A CAMBIOS POR ENTRADAS Y SALIDAS DE PERSONAL | HKH1: * ESTA BASE DE DATOS ESTÁ SUJETA A CAMBIOS POR ENTRADAS Y SALIDAS DE PERSONAL | HKP1: * ESTA BASE DE DATOS ESTÁ SUJETA A CAMBIOS POR ENTRADAS Y SALIDAS DE PERSONAL | HKX1: * ESTA BASE DE DATOS ESTÁ SUJETA A CAMBIOS POR ENTRADAS Y SALIDAS DE PERSONAL | HLF1: * ESTA BASE DE DATOS ESTÁ SUJETA A CAMBIOS POR ENTRADAS Y SALIDAS DE PERSONAL | HLN1: * ESTA BASE DE DATOS ESTÁ SUJETA A CAMBIOS POR ENTRADAS Y SALIDAS DE PERSONAL | HLV1: * ESTA BASE DE DATOS ESTÁ SUJETA A CAMBIOS POR ENTRADAS Y SALIDAS DE PERSONAL | HMD1: * ESTA BASE DE DATOS ESTÁ SUJETA A CAMBIOS POR ENTRADAS Y SALIDAS DE PERSONAL | HML1: * ESTA BASE DE DATOS ESTÁ SUJETA A CAMBIOS POR ENTRADAS Y SALIDAS DE PERSONAL | HMT1: * ESTA BASE DE DATOS ESTÁ SUJETA A CAMBIOS POR ENTRADAS Y SALIDAS DE PERSONAL | HNB1: * ESTA BASE DE DATOS ESTÁ SUJETA A CAMBIOS POR ENTRADAS Y SALIDAS DE PERSONAL | HNJ1: * ESTA BASE DE DATOS ESTÁ SUJETA A CAMBIOS POR ENTRADAS Y SALIDAS DE PERSONAL | HNR1: * ESTA BASE DE DATOS ESTÁ SUJETA A CAMBIOS POR ENTRADAS Y SALIDAS DE PERSONAL | HNZ1: * ESTA BASE DE DATOS ESTÁ SUJETA A CAMBIOS POR ENTRADAS Y SALIDAS DE PERSONAL | HOH1: * ESTA BASE DE DATOS ESTÁ SUJETA A CAMBIOS POR ENTRADAS Y SALIDAS DE PERSONAL | HOP1: * ESTA BASE DE DATOS ESTÁ SUJETA A CAMBIOS POR ENTRADAS Y SALIDAS DE PERSONAL | HOX1: * ESTA BASE DE DATOS ESTÁ SUJETA A CAMBIOS POR ENTRADAS Y SALIDAS DE PERSONAL | HPF1: * ESTA BASE DE DATOS ESTÁ SUJETA A CAMBIOS POR ENTRADAS Y SALIDAS DE PERSONAL | HPN1: * ESTA BASE DE DATOS ESTÁ SUJETA A CAMBIOS POR ENTRADAS Y SALIDAS DE PERSONAL | HPV1: * ESTA BASE DE DATOS ESTÁ SUJETA A CAMBIOS POR ENTRADAS Y SALIDAS DE PERSONAL | HQD1: * ESTA BASE DE DATOS ESTÁ SUJETA A CAMBIOS POR ENTRADAS Y SALIDAS DE PERSONAL | HQL1: * ESTA BASE DE DATOS ESTÁ SUJETA A CAMBIOS POR ENTRADAS Y SALIDAS DE PERSONAL | HQT1: * ESTA BASE DE DATOS ESTÁ SUJETA A CAMBIOS POR ENTRADAS Y SALIDAS DE PERSONAL | HRB1: * ESTA BASE DE DATOS ESTÁ SUJETA A CAMBIOS POR ENTRADAS Y SALIDAS DE PERSONAL | HRJ1: * ESTA BASE DE DATOS ESTÁ SUJETA A CAMBIOS POR ENTRADAS Y SALIDAS DE PERSONAL | HRR1: * ESTA BASE DE DATOS ESTÁ SUJETA A CAMBIOS POR ENTRADAS Y SALIDAS DE PERSONAL | HRZ1: * ESTA BASE DE DATOS ESTÁ SUJETA A CAMBIOS POR ENTRADAS Y SALIDAS DE PERSONAL | HSH1: * ESTA BASE DE DATOS ESTÁ SUJETA A CAMBIOS POR ENTRADAS Y SALIDAS DE PERSONAL | HSP1: * ESTA BASE DE DATOS ESTÁ SUJETA A CAMBIOS POR ENTRADAS Y SALIDAS DE PERSONAL | HSX1: * ESTA BASE DE DATOS ESTÁ SUJETA A CAMBIOS POR ENTRADAS Y SALIDAS DE PERSONAL | HTF1: * ESTA BASE DE DATOS ESTÁ SUJETA A CAMBIOS POR ENTRADAS Y SALIDAS DE PERSONAL | HTN1: * ESTA BASE DE DATOS ESTÁ SUJETA A CAMBIOS POR ENTRADAS Y SALIDAS DE PERSONAL | HTV1: * ESTA BASE DE DATOS ESTÁ SUJETA A CAMBIOS POR ENTRADAS Y SALIDAS DE PERSONAL | HUD1: * ESTA BASE DE DATOS ESTÁ SUJETA A CAMBIOS POR ENTRADAS Y SALIDAS DE PERSONAL | HUL1: * ESTA BASE DE DATOS ESTÁ SUJETA A CAMBIOS POR ENTRADAS Y SALIDAS DE PERSONAL | HUT1: * ESTA BASE DE DATOS ESTÁ SUJETA A CAMBIOS POR ENTRADAS Y SALIDAS DE PERSONAL | HVB1: * ESTA BASE DE DATOS ESTÁ SUJETA A CAMBIOS POR ENTRADAS Y SALIDAS DE PERSONAL | HVJ1: * ESTA BASE DE DATOS ESTÁ SUJETA A CAMBIOS POR ENTRADAS Y SALIDAS DE PERSONAL | HVR1: * ESTA BASE DE DATOS ESTÁ SUJETA A CAMBIOS POR ENTRADAS Y SALIDAS DE PERSONAL | HVZ1: * ESTA BASE DE DATOS ESTÁ SUJETA A CAMBIOS POR ENTRADAS Y SALIDAS DE PERSONAL | HWH1: * ESTA BASE DE DATOS ESTÁ SUJETA A CAMBIOS POR ENTRADAS Y SALIDAS DE PERSONAL | HWP1: * ESTA BASE DE DATOS ESTÁ SUJETA A CAMBIOS POR ENTRADAS Y SALIDAS DE PERSONAL | HWX1: * ESTA BASE DE DATOS ESTÁ SUJETA A CAMBIOS POR ENTRADAS Y SALIDAS DE PERSONAL | HXF1: * ESTA BASE DE DATOS ESTÁ SUJETA A CAMBIOS POR ENTRADAS Y SALIDAS DE PERSONAL | HXN1: * ESTA BASE DE DATOS ESTÁ SUJETA A CAMBIOS POR ENTRADAS Y SALIDAS DE PERSONAL | HXV1: * ESTA BASE DE DATOS ESTÁ SUJETA A CAMBIOS POR ENTRADAS Y SALIDAS DE PERSONAL | HYD1: * ESTA BASE DE DATOS ESTÁ SUJETA A CAMBIOS POR ENTRADAS Y SALIDAS DE PERSONAL | HYL1: * ESTA BASE DE DATOS ESTÁ SUJETA A CAMBIOS POR ENTRADAS Y SALIDAS DE PERSONAL | HYT1: * ESTA BASE DE DATOS ESTÁ SUJETA A CAMBIOS POR ENTRADAS Y SALIDAS DE PERSONAL | HZB1: * ESTA BASE DE DATOS ESTÁ SUJETA A CAMBIOS POR ENTRADAS Y SALIDAS DE PERSONAL | HZJ1: * ESTA BASE DE DATOS ESTÁ SUJETA A CAMBIOS POR ENTRADAS Y SALIDAS DE PERSONAL | HZR1: * ESTA BASE DE DATOS ESTÁ SUJETA A CAMBIOS POR ENTRADAS Y SALIDAS DE PERSONAL | HZZ1: * ESTA BASE DE DATOS ESTÁ SUJETA A CAMBIOS POR ENTRADAS Y SALIDAS DE PERSONAL | IAH1: * ESTA BASE DE DATOS ESTÁ SUJETA A CAMBIOS POR ENTRADAS Y SALIDAS DE PERSONAL | IAP1: * ESTA BASE DE DATOS ESTÁ SUJETA A CAMBIOS POR ENTRADAS Y SALIDAS DE PERSONAL | IAX1: * ESTA BASE DE DATOS ESTÁ SUJETA A CAMBIOS POR ENTRADAS Y SALIDAS DE PERSONAL | IBF1: * ESTA BASE DE DATOS ESTÁ SUJETA A CAMBIOS POR ENTRADAS Y SALIDAS DE PERSONAL | IBN1: * ESTA BASE DE DATOS ESTÁ SUJETA A CAMBIOS POR ENTRADAS Y SALIDAS DE PERSONAL | IBV1: * ESTA BASE DE DATOS ESTÁ SUJETA A CAMBIOS POR ENTRADAS Y SALIDAS DE PERSONAL | ICD1: * ESTA BASE DE DATOS ESTÁ SUJETA A CAMBIOS POR ENTRADAS Y SALIDAS DE PERSONAL | ICL1: * ESTA BASE DE DATOS ESTÁ SUJETA A CAMBIOS POR ENTRADAS Y SALIDAS DE PERSONAL | ICT1: * ESTA BASE DE DATOS ESTÁ SUJETA A CAMBIOS POR ENTRADAS Y SALIDAS DE PERSONAL | IDB1: * ESTA BASE DE DATOS ESTÁ SUJETA A CAMBIOS POR ENTRADAS Y SALIDAS DE PERSONAL | IDJ1: * ESTA BASE DE DATOS ESTÁ SUJETA A CAMBIOS POR ENTRADAS Y SALIDAS DE PERSONAL | IDR1: * ESTA BASE DE DATOS ESTÁ SUJETA A CAMBIOS POR ENTRADAS Y SALIDAS DE PERSONAL | IDZ1: * ESTA BASE DE DATOS ESTÁ SUJETA A CAMBIOS POR ENTRADAS Y SALIDAS DE PERSONAL | IEH1: * ESTA BASE DE DATOS ESTÁ SUJETA A CAMBIOS POR ENTRADAS Y SALIDAS DE PERSONAL | IEP1: * ESTA BASE DE DATOS ESTÁ SUJETA A CAMBIOS POR ENTRADAS Y SALIDAS DE PERSONAL | IEX1: * ESTA BASE DE DATOS ESTÁ SUJETA A CAMBIOS POR ENTRADAS Y SALIDAS DE PERSONAL | IFF1: * ESTA BASE DE DATOS ESTÁ SUJETA A CAMBIOS POR ENTRADAS Y SALIDAS DE PERSONAL | IFN1: * ESTA BASE DE DATOS ESTÁ SUJETA A CAMBIOS POR ENTRADAS Y SALIDAS DE PERSONAL | IFV1: * ESTA BASE DE DATOS ESTÁ SUJETA A CAMBIOS POR ENTRADAS Y SALIDAS DE PERSONAL | IGD1: * ESTA BASE DE DATOS ESTÁ SUJETA A CAMBIOS POR ENTRADAS Y SALIDAS DE PERSONAL | IGL1: * ESTA BASE DE DATOS ESTÁ SUJETA A CAMBIOS POR ENTRADAS Y SALIDAS DE PERSONAL | IGT1: * ESTA BASE DE DATOS ESTÁ SUJETA A CAMBIOS POR ENTRADAS Y SALIDAS DE PERSONAL | IHB1: * ESTA BASE DE DATOS ESTÁ SUJETA A CAMBIOS POR ENTRADAS Y SALIDAS DE PERSONAL | IHJ1: * ESTA BASE DE DATOS ESTÁ SUJETA A CAMBIOS POR ENTRADAS Y SALIDAS DE PERSONAL | IHR1: * ESTA BASE DE DATOS ESTÁ SUJETA A CAMBIOS POR ENTRADAS Y SALIDAS DE PERSONAL | IHZ1: * ESTA BASE DE DATOS ESTÁ SUJETA A CAMBIOS POR ENTRADAS Y SALIDAS DE PERSONAL | IIH1: * ESTA BASE DE DATOS ESTÁ SUJETA A CAMBIOS POR ENTRADAS Y SALIDAS DE PERSONAL | IIP1: * ESTA BASE DE DATOS ESTÁ SUJETA A CAMBIOS POR ENTRADAS Y SALIDAS DE PERSONAL | IIX1: * ESTA BASE DE DATOS ESTÁ SUJETA A CAMBIOS POR ENTRADAS Y SALIDAS DE PERSONAL | IJF1: * ESTA BASE DE DATOS ESTÁ SUJETA A CAMBIOS POR ENTRADAS Y SALIDAS DE PERSONAL | IJN1: * ESTA BASE DE DATOS ESTÁ SUJETA A CAMBIOS POR ENTRADAS Y SALIDAS DE PERSONAL | IJV1: * ESTA BASE DE DATOS ESTÁ SUJETA A CAMBIOS POR ENTRADAS Y SALIDAS DE PERSONAL | IKD1: * ESTA BASE DE DATOS ESTÁ SUJETA A CAMBIOS POR ENTRADAS Y SALIDAS DE PERSONAL | IKL1: * ESTA BASE DE DATOS ESTÁ SUJETA A CAMBIOS POR ENTRADAS Y SALIDAS DE PERSONAL | IKT1: * ESTA BASE DE DATOS ESTÁ SUJETA A CAMBIOS POR ENTRADAS Y SALIDAS DE PERSONAL | ILB1: * ESTA BASE DE DATOS ESTÁ SUJETA A CAMBIOS POR ENTRADAS Y SALIDAS DE PERSONAL | ILJ1: * ESTA BASE DE DATOS ESTÁ SUJETA A CAMBIOS POR ENTRADAS Y SALIDAS DE PERSONAL | ILR1: * ESTA BASE DE DATOS ESTÁ SUJETA A CAMBIOS POR ENTRADAS Y SALIDAS DE PERSONAL | ILZ1: * ESTA BASE DE DATOS ESTÁ SUJETA A CAMBIOS POR ENTRADAS Y SALIDAS DE PERSONAL | IMH1: * ESTA BASE DE DATOS ESTÁ SUJETA A CAMBIOS POR ENTRADAS Y SALIDAS DE PERSONAL | IMP1: * ESTA BASE DE DATOS ESTÁ SUJETA A CAMBIOS POR ENTRADAS Y SALIDAS DE PERSONAL | IMX1: * ESTA BASE DE DATOS ESTÁ SUJETA A CAMBIOS POR ENTRADAS Y SALIDAS DE PERSONAL | INF1: * ESTA BASE DE DATOS ESTÁ SUJETA A CAMBIOS POR ENTRADAS Y SALIDAS DE PERSONAL | INN1: * ESTA BASE DE DATOS ESTÁ SUJETA A CAMBIOS POR ENTRADAS Y SALIDAS DE PERSONAL | INV1: * ESTA BASE DE DATOS ESTÁ SUJETA A CAMBIOS POR ENTRADAS Y SALIDAS DE PERSONAL | IOD1: * ESTA BASE DE DATOS ESTÁ SUJETA A CAMBIOS POR ENTRADAS Y SALIDAS DE PERSONAL | IOL1: * ESTA BASE DE DATOS ESTÁ SUJETA A CAMBIOS POR ENTRADAS Y SALIDAS DE PERSONAL | IOT1: * ESTA BASE DE DATOS ESTÁ SUJETA A CAMBIOS POR ENTRADAS Y SALIDAS DE PERSONAL | IPB1: * ESTA BASE DE DATOS ESTÁ SUJETA A CAMBIOS POR ENTRADAS Y SALIDAS DE PERSONAL | IPJ1: * ESTA BASE DE DATOS ESTÁ SUJETA A CAMBIOS POR ENTRADAS Y SALIDAS DE PERSONAL | IPR1: * ESTA BASE DE DATOS ESTÁ SUJETA A CAMBIOS POR ENTRADAS Y SALIDAS DE PERSONAL | IPZ1: * ESTA BASE DE DATOS ESTÁ SUJETA A CAMBIOS POR ENTRADAS Y SALIDAS DE PERSONAL | IQH1: * ESTA BASE DE DATOS ESTÁ SUJETA A CAMBIOS POR ENTRADAS Y SALIDAS DE PERSONAL | IQP1: * ESTA BASE DE DATOS ESTÁ SUJETA A CAMBIOS POR ENTRADAS Y SALIDAS DE PERSONAL | IQX1: * ESTA BASE DE DATOS ESTÁ SUJETA A CAMBIOS POR ENTRADAS Y SALIDAS DE PERSONAL | IRF1: * ESTA BASE DE DATOS ESTÁ SUJETA A CAMBIOS POR ENTRADAS Y SALIDAS DE PERSONAL | IRN1: * ESTA BASE DE DATOS ESTÁ SUJETA A CAMBIOS POR ENTRADAS Y SALIDAS DE PERSONAL | IRV1: * ESTA BASE DE DATOS ESTÁ SUJETA A CAMBIOS POR ENTRADAS Y SALIDAS DE PERSONAL | ISD1: * ESTA BASE DE DATOS ESTÁ SUJETA A CAMBIOS POR ENTRADAS Y SALIDAS DE PERSONAL | ISL1: * ESTA BASE DE DATOS ESTÁ SUJETA A CAMBIOS POR ENTRADAS Y SALIDAS DE PERSONAL | IST1: * ESTA BASE DE DATOS ESTÁ SUJETA A CAMBIOS POR ENTRADAS Y SALIDAS DE PERSONAL | ITB1: * ESTA BASE DE DATOS ESTÁ SUJETA A CAMBIOS POR ENTRADAS Y SALIDAS DE PERSONAL | ITJ1: * ESTA BASE DE DATOS ESTÁ SUJETA A CAMBIOS POR ENTRADAS Y SALIDAS DE PERSONAL | ITR1: * ESTA BASE DE DATOS ESTÁ SUJETA A CAMBIOS POR ENTRADAS Y SALIDAS DE PERSONAL | ITZ1: * ESTA BASE DE DATOS ESTÁ SUJETA A CAMBIOS POR ENTRADAS Y SALIDAS DE PERSONAL | IUH1: * ESTA BASE DE DATOS ESTÁ SUJETA A CAMBIOS POR ENTRADAS Y SALIDAS DE PERSONAL | IUP1: * ESTA BASE DE DATOS ESTÁ SUJETA A CAMBIOS POR ENTRADAS Y SALIDAS DE PERSONAL | IUX1: * ESTA BASE DE DATOS ESTÁ SUJETA A CAMBIOS POR ENTRADAS Y SALIDAS DE PERSONAL | IVF1: * ESTA BASE DE DATOS ESTÁ SUJETA A CAMBIOS POR ENTRADAS Y SALIDAS DE PERSONAL | IVN1: * ESTA BASE DE DATOS ESTÁ SUJETA A CAMBIOS POR ENTRADAS Y SALIDAS DE PERSONAL | IVV1: * ESTA BASE DE DATOS ESTÁ SUJETA A CAMBIOS POR ENTRADAS Y SALIDAS DE PERSONAL | IWD1: * ESTA BASE DE DATOS ESTÁ SUJETA A CAMBIOS POR ENTRADAS Y SALIDAS DE PERSONAL | IWL1: * ESTA BASE DE DATOS ESTÁ SUJETA A CAMBIOS POR ENTRADAS Y SALIDAS DE PERSONAL | IWT1: * ESTA BASE DE DATOS ESTÁ SUJETA A CAMBIOS POR ENTRADAS Y SALIDAS DE PERSONAL | IXB1: * ESTA BASE DE DATOS ESTÁ SUJETA A CAMBIOS POR ENTRADAS Y SALIDAS DE PERSONAL | IXJ1: * ESTA BASE DE DATOS ESTÁ SUJETA A CAMBIOS POR ENTRADAS Y SALIDAS DE PERSONAL | IXR1: * ESTA BASE DE DATOS ESTÁ SUJETA A CAMBIOS POR ENTRADAS Y SALIDAS DE PERSONAL | IXZ1: * ESTA BASE DE DATOS ESTÁ SUJETA A CAMBIOS POR ENTRADAS Y SALIDAS DE PERSONAL | IYH1: * ESTA BASE DE DATOS ESTÁ SUJETA A CAMBIOS POR ENTRADAS Y SALIDAS DE PERSONAL | IYP1: * ESTA BASE DE DATOS ESTÁ SUJETA A CAMBIOS POR ENTRADAS Y SALIDAS DE PERSONAL | IYX1: * ESTA BASE DE DATOS ESTÁ SUJETA A CAMBIOS POR ENTRADAS Y SALIDAS DE PERSONAL | IZF1: * ESTA BASE DE DATOS ESTÁ SUJETA A CAMBIOS POR ENTRADAS Y SALIDAS DE PERSONAL | IZN1: * ESTA BASE DE DATOS ESTÁ SUJETA A CAMBIOS POR ENTRADAS Y SALIDAS DE PERSONAL | IZV1: * ESTA BASE DE DATOS ESTÁ SUJETA A CAMBIOS POR ENTRADAS Y SALIDAS DE PERSONAL | JAD1: * ESTA BASE DE DATOS ESTÁ SUJETA A CAMBIOS POR ENTRADAS Y SALIDAS DE PERSONAL | JAL1: * ESTA BASE DE DATOS ESTÁ SUJETA A CAMBIOS POR ENTRADAS Y SALIDAS DE PERSONAL | JAT1: * ESTA BASE DE DATOS ESTÁ SUJETA A CAMBIOS POR ENTRADAS Y SALIDAS DE PERSONAL | JBB1: * ESTA BASE DE DATOS ESTÁ SUJETA A CAMBIOS POR ENTRADAS Y SALIDAS DE PERSONAL | JBJ1: * ESTA BASE DE DATOS ESTÁ SUJETA A CAMBIOS POR ENTRADAS Y SALIDAS DE PERSONAL | JBR1: * ESTA BASE DE DATOS ESTÁ SUJETA A CAMBIOS POR ENTRADAS Y SALIDAS DE PERSONAL | JBZ1: * ESTA BASE DE DATOS ESTÁ SUJETA A CAMBIOS POR ENTRADAS Y SALIDAS DE PERSONAL | JCH1: * ESTA BASE DE DATOS ESTÁ SUJETA A CAMBIOS POR ENTRADAS Y SALIDAS DE PERSONAL | JCP1: * ESTA BASE DE DATOS ESTÁ SUJETA A CAMBIOS POR ENTRADAS Y SALIDAS DE PERSONAL | JCX1: * ESTA BASE DE DATOS ESTÁ SUJETA A CAMBIOS POR ENTRADAS Y SALIDAS DE PERSONAL | JDF1: * ESTA BASE DE DATOS ESTÁ SUJETA A CAMBIOS POR ENTRADAS Y SALIDAS DE PERSONAL | JDN1: * ESTA BASE DE DATOS ESTÁ SUJETA A CAMBIOS POR ENTRADAS Y SALIDAS DE PERSONAL | JDV1: * ESTA BASE DE DATOS ESTÁ SUJETA A CAMBIOS POR ENTRADAS Y SALIDAS DE PERSONAL | JED1: * ESTA BASE DE DATOS ESTÁ SUJETA A CAMBIOS POR ENTRADAS Y SALIDAS DE PERSONAL | JEL1: * ESTA BASE DE DATOS ESTÁ SUJETA A CAMBIOS POR ENTRADAS Y SALIDAS DE PERSONAL | JET1: * ESTA BASE DE DATOS ESTÁ SUJETA A CAMBIOS POR ENTRADAS Y SALIDAS DE PERSONAL | JFB1: * ESTA BASE DE DATOS ESTÁ SUJETA A CAMBIOS POR ENTRADAS Y SALIDAS DE PERSONAL | JFJ1: * ESTA BASE DE DATOS ESTÁ SUJETA A CAMBIOS POR ENTRADAS Y SALIDAS DE PERSONAL | JFR1: * ESTA BASE DE DATOS ESTÁ SUJETA A CAMBIOS POR ENTRADAS Y SALIDAS DE PERSONAL | JFZ1: * ESTA BASE DE DATOS ESTÁ SUJETA A CAMBIOS POR ENTRADAS Y SALIDAS DE PERSONAL | JGH1: * ESTA BASE DE DATOS ESTÁ SUJETA A CAMBIOS POR ENTRADAS Y SALIDAS DE PERSONAL | JGP1: * ESTA BASE DE DATOS ESTÁ SUJETA A CAMBIOS POR ENTRADAS Y SALIDAS DE PERSONAL | JGX1: * ESTA BASE DE DATOS ESTÁ SUJETA A CAMBIOS POR ENTRADAS Y SALIDAS DE PERSONAL | JHF1: * ESTA BASE DE DATOS ESTÁ SUJETA A CAMBIOS POR ENTRADAS Y SALIDAS DE PERSONAL | JHN1: * ESTA BASE DE DATOS ESTÁ SUJETA A CAMBIOS POR ENTRADAS Y SALIDAS DE PERSONAL | JHV1: * ESTA BASE DE DATOS ESTÁ SUJETA A CAMBIOS POR ENTRADAS Y SALIDAS DE PERSONAL | JID1: * ESTA BASE DE DATOS ESTÁ SUJETA A CAMBIOS POR ENTRADAS Y SALIDAS DE PERSONAL | JIL1: * ESTA BASE DE DATOS ESTÁ SUJETA A CAMBIOS POR ENTRADAS Y SALIDAS DE PERSONAL | JIT1: * ESTA BASE DE DATOS ESTÁ SUJETA A CAMBIOS POR ENTRADAS Y SALIDAS DE PERSONAL | JJB1: * ESTA BASE DE DATOS ESTÁ SUJETA A CAMBIOS POR ENTRADAS Y SALIDAS DE PERSONAL | JJJ1: * ESTA BASE DE DATOS ESTÁ SUJETA A CAMBIOS POR ENTRADAS Y SALIDAS DE PERSONAL | JJR1: * ESTA BASE DE DATOS ESTÁ SUJETA A CAMBIOS POR ENTRADAS Y SALIDAS DE PERSONAL | JJZ1: * ESTA BASE DE DATOS ESTÁ SUJETA A CAMBIOS POR ENTRADAS Y SALIDAS DE PERSONAL | JKH1: * ESTA BASE DE DATOS ESTÁ SUJETA A CAMBIOS POR ENTRADAS Y SALIDAS DE PERSONAL | JKP1: * ESTA BASE DE DATOS ESTÁ SUJETA A CAMBIOS POR ENTRADAS Y SALIDAS DE PERSONAL | JKX1: * ESTA BASE DE DATOS ESTÁ SUJETA A CAMBIOS POR ENTRADAS Y SALIDAS DE PERSONAL | JLF1: * ESTA BASE DE DATOS ESTÁ SUJETA A CAMBIOS POR ENTRADAS Y SALIDAS DE PERSONAL | JLN1: * ESTA BASE DE DATOS ESTÁ SUJETA A CAMBIOS POR ENTRADAS Y SALIDAS DE PERSONAL | JLV1: * ESTA BASE DE DATOS ESTÁ SUJETA A CAMBIOS POR ENTRADAS Y SALIDAS DE PERSONAL | JMD1: * ESTA BASE DE DATOS ESTÁ SUJETA A CAMBIOS POR ENTRADAS Y SALIDAS DE PERSONAL | JML1: * ESTA BASE DE DATOS ESTÁ SUJETA A CAMBIOS POR ENTRADAS Y SALIDAS DE PERSONAL | JMT1: * ESTA BASE DE DATOS ESTÁ SUJETA A CAMBIOS POR ENTRADAS Y SALIDAS DE PERSONAL | JNB1: * ESTA BASE DE DATOS ESTÁ SUJETA A CAMBIOS POR ENTRADAS Y SALIDAS DE PERSONAL | JNJ1: * ESTA BASE DE DATOS ESTÁ SUJETA A CAMBIOS POR ENTRADAS Y SALIDAS DE PERSONAL | JNR1: * ESTA BASE DE DATOS ESTÁ SUJETA A CAMBIOS POR ENTRADAS Y SALIDAS DE PERSONAL | JNZ1: * ESTA BASE DE DATOS ESTÁ SUJETA A CAMBIOS POR ENTRADAS Y SALIDAS DE PERSONAL | JOH1: * ESTA BASE DE DATOS ESTÁ SUJETA A CAMBIOS POR ENTRADAS Y SALIDAS DE PERSONAL | JOP1: * ESTA BASE DE DATOS ESTÁ SUJETA A CAMBIOS POR ENTRADAS Y SALIDAS DE PERSONAL | JOX1: * ESTA BASE DE DATOS ESTÁ SUJETA A CAMBIOS POR ENTRADAS Y SALIDAS DE PERSONAL | JPF1: * ESTA BASE DE DATOS ESTÁ SUJETA A CAMBIOS POR ENTRADAS Y SALIDAS DE PERSONAL | JPN1: * ESTA BASE DE DATOS ESTÁ SUJETA A CAMBIOS POR ENTRADAS Y SALIDAS DE PERSONAL | JPV1: * ESTA BASE DE DATOS ESTÁ SUJETA A CAMBIOS POR ENTRADAS Y SALIDAS DE PERSONAL | JQD1: * ESTA BASE DE DATOS ESTÁ SUJETA A CAMBIOS POR ENTRADAS Y SALIDAS DE PERSONAL | JQL1: * ESTA BASE DE DATOS ESTÁ SUJETA A CAMBIOS POR ENTRADAS Y SALIDAS DE PERSONAL | JQT1: * ESTA BASE DE DATOS ESTÁ SUJETA A CAMBIOS POR ENTRADAS Y SALIDAS DE PERSONAL | JRB1: * ESTA BASE DE DATOS ESTÁ SUJETA A CAMBIOS POR ENTRADAS Y SALIDAS DE PERSONAL | JRJ1: * ESTA BASE DE DATOS ESTÁ SUJETA A CAMBIOS POR ENTRADAS Y SALIDAS DE PERSONAL | JRR1: * ESTA BASE DE DATOS ESTÁ SUJETA A CAMBIOS POR ENTRADAS Y SALIDAS DE PERSONAL | JRZ1: * ESTA BASE DE DATOS ESTÁ SUJETA A CAMBIOS POR ENTRADAS Y SALIDAS DE PERSONAL | JSH1: * ESTA BASE DE DATOS ESTÁ SUJETA A CAMBIOS POR ENTRADAS Y SALIDAS DE PERSONAL | JSP1: * ESTA BASE DE DATOS ESTÁ SUJETA A CAMBIOS POR ENTRADAS Y SALIDAS DE PERSONAL | JSX1: * ESTA BASE DE DATOS ESTÁ SUJETA A CAMBIOS POR ENTRADAS Y SALIDAS DE PERSONAL | JTF1: * ESTA BASE DE DATOS ESTÁ SUJETA A CAMBIOS POR ENTRADAS Y SALIDAS DE PERSONAL | JTN1: * ESTA BASE DE DATOS ESTÁ SUJETA A CAMBIOS POR ENTRADAS Y SALIDAS DE PERSONAL | JTV1: * ESTA BASE DE DATOS ESTÁ SUJETA A CAMBIOS POR ENTRADAS Y SALIDAS DE PERSONAL | JUD1: * ESTA BASE DE DATOS ESTÁ SUJETA A CAMBIOS POR ENTRADAS Y SALIDAS DE PERSONAL | JUL1: * ESTA BASE DE DATOS ESTÁ SUJETA A CAMBIOS POR ENTRADAS Y SALIDAS DE PERSONAL | JUT1: * ESTA BASE DE DATOS ESTÁ SUJETA A CAMBIOS POR ENTRADAS Y SALIDAS DE PERSONAL | JVB1: * ESTA BASE DE DATOS ESTÁ SUJETA A CAMBIOS POR ENTRADAS Y SALIDAS DE PERSONAL | JVJ1: * ESTA BASE DE DATOS ESTÁ SUJETA A CAMBIOS POR ENTRADAS Y SALIDAS DE PERSONAL | JVR1: * ESTA BASE DE DATOS ESTÁ SUJETA A CAMBIOS POR ENTRADAS Y SALIDAS DE PERSONAL | JVZ1: * ESTA BASE DE DATOS ESTÁ SUJETA A CAMBIOS POR ENTRADAS Y SALIDAS DE PERSONAL | JWH1: * ESTA BASE DE DATOS ESTÁ SUJETA A CAMBIOS POR ENTRADAS Y SALIDAS DE PERSONAL | JWP1: * ESTA BASE DE DATOS ESTÁ SUJETA A CAMBIOS POR ENTRADAS Y SALIDAS DE PERSONAL | JWX1: * ESTA BASE DE DATOS ESTÁ SUJETA A CAMBIOS POR ENTRADAS Y SALIDAS DE PERSONAL | JXF1: * ESTA BASE DE DATOS ESTÁ SUJETA A CAMBIOS POR ENTRADAS Y SALIDAS DE PERSONAL | JXN1: * ESTA BASE DE DATOS ESTÁ SUJETA A CAMBIOS POR ENTRADAS Y SALIDAS DE PERSONAL | JXV1: * ESTA BASE DE DATOS ESTÁ SUJETA A CAMBIOS POR ENTRADAS Y SALIDAS DE PERSONAL | JYD1: * ESTA BASE DE DATOS ESTÁ SUJETA A CAMBIOS POR ENTRADAS Y SALIDAS DE PERSONAL | JYL1: * ESTA BASE DE DATOS ESTÁ SUJETA A CAMBIOS POR ENTRADAS Y SALIDAS DE PERSONAL | JYT1: * ESTA BASE DE DATOS ESTÁ SUJETA A CAMBIOS POR ENTRADAS Y SALIDAS DE PERSONAL | JZB1: * ESTA BASE DE DATOS ESTÁ SUJETA A CAMBIOS POR ENTRADAS Y SALIDAS DE PERSONAL | JZJ1: * ESTA BASE DE DATOS ESTÁ SUJETA A CAMBIOS POR ENTRADAS Y SALIDAS DE PERSONAL | JZR1: * ESTA BASE DE DATOS ESTÁ SUJETA A CAMBIOS POR ENTRADAS Y SALIDAS DE PERSONAL | JZZ1: * ESTA BASE DE DATOS ESTÁ SUJETA A CAMBIOS POR ENTRADAS Y SALIDAS DE PERSONAL | KAH1: * ESTA BASE DE DATOS ESTÁ SUJETA A CAMBIOS POR ENTRADAS Y SALIDAS DE PERSONAL | KAP1: * ESTA BASE DE DATOS ESTÁ SUJETA A CAMBIOS POR ENTRADAS Y SALIDAS DE PERSONAL | KAX1: * ESTA BASE DE DATOS ESTÁ SUJETA A CAMBIOS POR ENTRADAS Y SALIDAS DE PERSONAL | KBF1: * ESTA BASE DE DATOS ESTÁ SUJETA A CAMBIOS POR ENTRADAS Y SALIDAS DE PERSONAL | KBN1: * ESTA BASE DE DATOS ESTÁ SUJETA A CAMBIOS POR ENTRADAS Y SALIDAS DE PERSONAL | KBV1: * ESTA BASE DE DATOS ESTÁ SUJETA A CAMBIOS POR ENTRADAS Y SALIDAS DE PERSONAL | KCD1: * ESTA BASE DE DATOS ESTÁ SUJETA A CAMBIOS POR ENTRADAS Y SALIDAS DE PERSONAL | KCL1: * ESTA BASE DE DATOS ESTÁ SUJETA A CAMBIOS POR ENTRADAS Y SALIDAS DE PERSONAL | KCT1: * ESTA BASE DE DATOS ESTÁ SUJETA A CAMBIOS POR ENTRADAS Y SALIDAS DE PERSONAL | KDB1: * ESTA BASE DE DATOS ESTÁ SUJETA A CAMBIOS POR ENTRADAS Y SALIDAS DE PERSONAL | KDJ1: * ESTA BASE DE DATOS ESTÁ SUJETA A CAMBIOS POR ENTRADAS Y SALIDAS DE PERSONAL | KDR1: * ESTA BASE DE DATOS ESTÁ SUJETA A CAMBIOS POR ENTRADAS Y SALIDAS DE PERSONAL | KDZ1: * ESTA BASE DE DATOS ESTÁ SUJETA A CAMBIOS POR ENTRADAS Y SALIDAS DE PERSONAL | KEH1: * ESTA BASE DE DATOS ESTÁ SUJETA A CAMBIOS POR ENTRADAS Y SALIDAS DE PERSONAL | KEP1: * ESTA BASE DE DATOS ESTÁ SUJETA A CAMBIOS POR ENTRADAS Y SALIDAS DE PERSONAL | KEX1: * ESTA BASE DE DATOS ESTÁ SUJETA A CAMBIOS POR ENTRADAS Y SALIDAS DE PERSONAL | KFF1: * ESTA BASE DE DATOS ESTÁ SUJETA A CAMBIOS POR ENTRADAS Y SALIDAS DE PERSONAL | KFN1: * ESTA BASE DE DATOS ESTÁ SUJETA A CAMBIOS POR ENTRADAS Y SALIDAS DE PERSONAL | KFV1: * ESTA BASE DE DATOS ESTÁ SUJETA A CAMBIOS POR ENTRADAS Y SALIDAS DE PERSONAL | KGD1: * ESTA BASE DE DATOS ESTÁ SUJETA A CAMBIOS POR ENTRADAS Y SALIDAS DE PERSONAL | KGL1: * ESTA BASE DE DATOS ESTÁ SUJETA A CAMBIOS POR ENTRADAS Y SALIDAS DE PERSONAL | KGT1: * ESTA BASE DE DATOS ESTÁ SUJETA A CAMBIOS POR ENTRADAS Y SALIDAS DE PERSONAL | KHB1: * ESTA BASE DE DATOS ESTÁ SUJETA A CAMBIOS POR ENTRADAS Y SALIDAS DE PERSONAL | KHJ1: * ESTA BASE DE DATOS ESTÁ SUJETA A CAMBIOS POR ENTRADAS Y SALIDAS DE PERSONAL | KHR1: * ESTA BASE DE DATOS ESTÁ SUJETA A CAMBIOS POR ENTRADAS Y SALIDAS DE PERSONAL | KHZ1: * ESTA BASE DE DATOS ESTÁ SUJETA A CAMBIOS POR ENTRADAS Y SALIDAS DE PERSONAL | KIH1: * ESTA BASE DE DATOS ESTÁ SUJETA A CAMBIOS POR ENTRADAS Y SALIDAS DE PERSONAL | KIP1: * ESTA BASE DE DATOS ESTÁ SUJETA A CAMBIOS POR ENTRADAS Y SALIDAS DE PERSONAL | KIX1: * ESTA BASE DE DATOS ESTÁ SUJETA A CAMBIOS POR ENTRADAS Y SALIDAS DE PERSONAL | KJF1: * ESTA BASE DE DATOS ESTÁ SUJETA A CAMBIOS POR ENTRADAS Y SALIDAS DE PERSONAL | KJN1: * ESTA BASE DE DATOS ESTÁ SUJETA A CAMBIOS POR ENTRADAS Y SALIDAS DE PERSONAL | KJV1: * ESTA BASE DE DATOS ESTÁ SUJETA A CAMBIOS POR ENTRADAS Y SALIDAS DE PERSONAL | KKD1: * ESTA BASE DE DATOS ESTÁ SUJETA A CAMBIOS POR ENTRADAS Y SALIDAS DE PERSONAL | KKL1: * ESTA BASE DE DATOS ESTÁ SUJETA A CAMBIOS POR ENTRADAS Y SALIDAS DE PERSONAL | KKT1: * ESTA BASE DE DATOS ESTÁ SUJETA A CAMBIOS POR ENTRADAS Y SALIDAS DE PERSONAL | KLB1: * ESTA BASE DE DATOS ESTÁ SUJETA A CAMBIOS POR ENTRADAS Y SALIDAS DE PERSONAL | KLJ1: * ESTA BASE DE DATOS ESTÁ SUJETA A CAMBIOS POR ENTRADAS Y SALIDAS DE PERSONAL | KLR1: * ESTA BASE DE DATOS ESTÁ SUJETA A CAMBIOS POR ENTRADAS Y SALIDAS DE PERSONAL | KLZ1: * ESTA BASE DE DATOS ESTÁ SUJETA A CAMBIOS POR ENTRADAS Y SALIDAS DE PERSONAL | KMH1: * ESTA BASE DE DATOS ESTÁ SUJETA A CAMBIOS POR ENTRADAS Y SALIDAS DE PERSONAL | KMP1: * ESTA BASE DE DATOS ESTÁ SUJETA A CAMBIOS POR ENTRADAS Y SALIDAS DE PERSONAL | KMX1: * ESTA BASE DE DATOS ESTÁ SUJETA A CAMBIOS POR ENTRADAS Y SALIDAS DE PERSONAL | KNF1: * ESTA BASE DE DATOS ESTÁ SUJETA A CAMBIOS POR ENTRADAS Y SALIDAS DE PERSONAL | KNN1: * ESTA BASE DE DATOS ESTÁ SUJETA A CAMBIOS POR ENTRADAS Y SALIDAS DE PERSONAL | KNV1: * ESTA BASE DE DATOS ESTÁ SUJETA A CAMBIOS POR ENTRADAS Y SALIDAS DE PERSONAL | KOD1: * ESTA BASE DE DATOS ESTÁ SUJETA A CAMBIOS POR ENTRADAS Y SALIDAS DE PERSONAL | KOL1: * ESTA BASE DE DATOS ESTÁ SUJETA A CAMBIOS POR ENTRADAS Y SALIDAS DE PERSONAL | KOT1: * ESTA BASE DE DATOS ESTÁ SUJETA A CAMBIOS POR ENTRADAS Y SALIDAS DE PERSONAL | KPB1: * ESTA BASE DE DATOS ESTÁ SUJETA A CAMBIOS POR ENTRADAS Y SALIDAS DE PERSONAL | KPJ1: * ESTA BASE DE DATOS ESTÁ SUJETA A CAMBIOS POR ENTRADAS Y SALIDAS DE PERSONAL | KPR1: * ESTA BASE DE DATOS ESTÁ SUJETA A CAMBIOS POR ENTRADAS Y SALIDAS DE PERSONAL | KPZ1: * ESTA BASE DE DATOS ESTÁ SUJETA A CAMBIOS POR ENTRADAS Y SALIDAS DE PERSONAL | KQH1: * ESTA BASE DE DATOS ESTÁ SUJETA A CAMBIOS POR ENTRADAS Y SALIDAS DE PERSONAL | KQP1: * ESTA BASE DE DATOS ESTÁ SUJETA A CAMBIOS POR ENTRADAS Y SALIDAS DE PERSONAL | KQX1: * ESTA BASE DE DATOS ESTÁ SUJETA A CAMBIOS POR ENTRADAS Y SALIDAS DE PERSONAL | KRF1: * ESTA BASE DE DATOS ESTÁ SUJETA A CAMBIOS POR ENTRADAS Y SALIDAS DE PERSONAL | KRN1: * ESTA BASE DE DATOS ESTÁ SUJETA A CAMBIOS POR ENTRADAS Y SALIDAS DE PERSONAL | KRV1: * ESTA BASE DE DATOS ESTÁ SUJETA A CAMBIOS POR ENTRADAS Y SALIDAS DE PERSONAL | KSD1: * ESTA BASE DE DATOS ESTÁ SUJETA A CAMBIOS POR ENTRADAS Y SALIDAS DE PERSONAL | KSL1: * ESTA BASE DE DATOS ESTÁ SUJETA A CAMBIOS POR ENTRADAS Y SALIDAS DE PERSONAL | KST1: * ESTA BASE DE DATOS ESTÁ SUJETA A CAMBIOS POR ENTRADAS Y SALIDAS DE PERSONAL | KTB1: * ESTA BASE DE DATOS ESTÁ SUJETA A CAMBIOS POR ENTRADAS Y SALIDAS DE PERSONAL | KTJ1: * ESTA BASE DE DATOS ESTÁ SUJETA A CAMBIOS POR ENTRADAS Y SALIDAS DE PERSONAL | KTR1: * ESTA BASE DE DATOS ESTÁ SUJETA A CAMBIOS POR ENTRADAS Y SALIDAS DE PERSONAL | KTZ1: * ESTA BASE DE DATOS ESTÁ SUJETA A CAMBIOS POR ENTRADAS Y SALIDAS DE PERSONAL | KUH1: * ESTA BASE DE DATOS ESTÁ SUJETA A CAMBIOS POR ENTRADAS Y SALIDAS DE PERSONAL | KUP1: * ESTA BASE DE DATOS ESTÁ SUJETA A CAMBIOS POR ENTRADAS Y SALIDAS DE PERSONAL | KUX1: * ESTA BASE DE DATOS ESTÁ SUJETA A CAMBIOS POR ENTRADAS Y SALIDAS DE PERSONAL | KVF1: * ESTA BASE DE DATOS ESTÁ SUJETA A CAMBIOS POR ENTRADAS Y SALIDAS DE PERSONAL | KVN1: * ESTA BASE DE DATOS ESTÁ SUJETA A CAMBIOS POR ENTRADAS Y SALIDAS DE PERSONAL | KVV1: * ESTA BASE DE DATOS ESTÁ SUJETA A CAMBIOS POR ENTRADAS Y SALIDAS DE PERSONAL | KWD1: * ESTA BASE DE DATOS ESTÁ SUJETA A CAMBIOS POR ENTRADAS Y SALIDAS DE PERSONAL | KWL1: * ESTA BASE DE DATOS ESTÁ SUJETA A CAMBIOS POR ENTRADAS Y SALIDAS DE PERSONAL | KWT1: * ESTA BASE DE DATOS ESTÁ SUJETA A CAMBIOS POR ENTRADAS Y SALIDAS DE PERSONAL | KXB1: * ESTA BASE DE DATOS ESTÁ SUJETA A CAMBIOS POR ENTRADAS Y SALIDAS DE PERSONAL | KXJ1: * ESTA BASE DE DATOS ESTÁ SUJETA A CAMBIOS POR ENTRADAS Y SALIDAS DE PERSONAL | KXR1: * ESTA BASE DE DATOS ESTÁ SUJETA A CAMBIOS POR ENTRADAS Y SALIDAS DE PERSONAL | KXZ1: * ESTA BASE DE DATOS ESTÁ SUJETA A CAMBIOS POR ENTRADAS Y SALIDAS DE PERSONAL | KYH1: * ESTA BASE DE DATOS ESTÁ SUJETA A CAMBIOS POR ENTRADAS Y SALIDAS DE PERSONAL | KYP1: * ESTA BASE DE DATOS ESTÁ SUJETA A CAMBIOS POR ENTRADAS Y SALIDAS DE PERSONAL | KYX1: * ESTA BASE DE DATOS ESTÁ SUJETA A CAMBIOS POR ENTRADAS Y SALIDAS DE PERSONAL | KZF1: * ESTA BASE DE DATOS ESTÁ SUJETA A CAMBIOS POR ENTRADAS Y SALIDAS DE PERSONAL | KZN1: * ESTA BASE DE DATOS ESTÁ SUJETA A CAMBIOS POR ENTRADAS Y SALIDAS DE PERSONAL | KZV1: * ESTA BASE DE DATOS ESTÁ SUJETA A CAMBIOS POR ENTRADAS Y SALIDAS DE PERSONAL | LAD1: * ESTA BASE DE DATOS ESTÁ SUJETA A CAMBIOS POR ENTRADAS Y SALIDAS DE PERSONAL | LAL1: * ESTA BASE DE DATOS ESTÁ SUJETA A CAMBIOS POR ENTRADAS Y SALIDAS DE PERSONAL | LAT1: * ESTA BASE DE DATOS ESTÁ SUJETA A CAMBIOS POR ENTRADAS Y SALIDAS DE PERSONAL | LBB1: * ESTA BASE DE DATOS ESTÁ SUJETA A CAMBIOS POR ENTRADAS Y SALIDAS DE PERSONAL | LBJ1: * ESTA BASE DE DATOS ESTÁ SUJETA A CAMBIOS POR ENTRADAS Y SALIDAS DE PERSONAL | LBR1: * ESTA BASE DE DATOS ESTÁ SUJETA A CAMBIOS POR ENTRADAS Y SALIDAS DE PERSONAL | LBZ1: * ESTA BASE DE DATOS ESTÁ SUJETA A CAMBIOS POR ENTRADAS Y SALIDAS DE PERSONAL | LCH1: * ESTA BASE DE DATOS ESTÁ SUJETA A CAMBIOS POR ENTRADAS Y SALIDAS DE PERSONAL | LCP1: * ESTA BASE DE DATOS ESTÁ SUJETA A CAMBIOS POR ENTRADAS Y SALIDAS DE PERSONAL | LCX1: * ESTA BASE DE DATOS ESTÁ SUJETA A CAMBIOS POR ENTRADAS Y SALIDAS DE PERSONAL | LDF1: * ESTA BASE DE DATOS ESTÁ SUJETA A CAMBIOS POR ENTRADAS Y SALIDAS DE PERSONAL | LDN1: * ESTA BASE DE DATOS ESTÁ SUJETA A CAMBIOS POR ENTRADAS Y SALIDAS DE PERSONAL | LDV1: * ESTA BASE DE DATOS ESTÁ SUJETA A CAMBIOS POR ENTRADAS Y SALIDAS DE PERSONAL | LED1: * ESTA BASE DE DATOS ESTÁ SUJETA A CAMBIOS POR ENTRADAS Y SALIDAS DE PERSONAL | LEL1: * ESTA BASE DE DATOS ESTÁ SUJETA A CAMBIOS POR ENTRADAS Y SALIDAS DE PERSONAL | LET1: * ESTA BASE DE DATOS ESTÁ SUJETA A CAMBIOS POR ENTRADAS Y SALIDAS DE PERSONAL | LFB1: * ESTA BASE DE DATOS ESTÁ SUJETA A CAMBIOS POR ENTRADAS Y SALIDAS DE PERSONAL | LFJ1: * ESTA BASE DE DATOS ESTÁ SUJETA A CAMBIOS POR ENTRADAS Y SALIDAS DE PERSONAL | LFR1: * ESTA BASE DE DATOS ESTÁ SUJETA A CAMBIOS POR ENTRADAS Y SALIDAS DE PERSONAL | LFZ1: * ESTA BASE DE DATOS ESTÁ SUJETA A CAMBIOS POR ENTRADAS Y SALIDAS DE PERSONAL | LGH1: * ESTA BASE DE DATOS ESTÁ SUJETA A CAMBIOS POR ENTRADAS Y SALIDAS DE PERSONAL | LGP1: * ESTA BASE DE DATOS ESTÁ SUJETA A CAMBIOS POR ENTRADAS Y SALIDAS DE PERSONAL | LGX1: * ESTA BASE DE DATOS ESTÁ SUJETA A CAMBIOS POR ENTRADAS Y SALIDAS DE PERSONAL | LHF1: * ESTA BASE DE DATOS ESTÁ SUJETA A CAMBIOS POR ENTRADAS Y SALIDAS DE PERSONAL | LHN1: * ESTA BASE DE DATOS ESTÁ SUJETA A CAMBIOS POR ENTRADAS Y SALIDAS DE PERSONAL | LHV1: * ESTA BASE DE DATOS ESTÁ SUJETA A CAMBIOS POR ENTRADAS Y SALIDAS DE PERSONAL | LID1: * ESTA BASE DE DATOS ESTÁ SUJETA A CAMBIOS POR ENTRADAS Y SALIDAS DE PERSONAL | LIL1: * ESTA BASE DE DATOS ESTÁ SUJETA A CAMBIOS POR ENTRADAS Y SALIDAS DE PERSONAL | LIT1: * ESTA BASE DE DATOS ESTÁ SUJETA A CAMBIOS POR ENTRADAS Y SALIDAS DE PERSONAL | LJB1: * ESTA BASE DE DATOS ESTÁ SUJETA A CAMBIOS POR ENTRADAS Y SALIDAS DE PERSONAL | LJJ1: * ESTA BASE DE DATOS ESTÁ SUJETA A CAMBIOS POR ENTRADAS Y SALIDAS DE PERSONAL | LJR1: * ESTA BASE DE DATOS ESTÁ SUJETA A CAMBIOS POR ENTRADAS Y SALIDAS DE PERSONAL | LJZ1: * ESTA BASE DE DATOS ESTÁ SUJETA A CAMBIOS POR ENTRADAS Y SALIDAS DE PERSONAL | LKH1: * ESTA BASE DE DATOS ESTÁ SUJETA A CAMBIOS POR ENTRADAS Y SALIDAS DE PERSONAL | LKP1: * ESTA BASE DE DATOS ESTÁ SUJETA A CAMBIOS POR ENTRADAS Y SALIDAS DE PERSONAL | LKX1: * ESTA BASE DE DATOS ESTÁ SUJETA A CAMBIOS POR ENTRADAS Y SALIDAS DE PERSONAL | LLF1: * ESTA BASE DE DATOS ESTÁ SUJETA A CAMBIOS POR ENTRADAS Y SALIDAS DE PERSONAL | LLN1: * ESTA BASE DE DATOS ESTÁ SUJETA A CAMBIOS POR ENTRADAS Y SALIDAS DE PERSONAL | LLV1: * ESTA BASE DE DATOS ESTÁ SUJETA A CAMBIOS POR ENTRADAS Y SALIDAS DE PERSONAL | LMD1: * ESTA BASE DE DATOS ESTÁ SUJETA A CAMBIOS POR ENTRADAS Y SALIDAS DE PERSONAL | LML1: * ESTA BASE DE DATOS ESTÁ SUJETA A CAMBIOS POR ENTRADAS Y SALIDAS DE PERSONAL | LMT1: * ESTA BASE DE DATOS ESTÁ SUJETA A CAMBIOS POR ENTRADAS Y SALIDAS DE PERSONAL | LNB1: * ESTA BASE DE DATOS ESTÁ SUJETA A CAMBIOS POR ENTRADAS Y SALIDAS DE PERSONAL | LNJ1: * ESTA BASE DE DATOS ESTÁ SUJETA A CAMBIOS POR ENTRADAS Y SALIDAS DE PERSONAL | LNR1: * ESTA BASE DE DATOS ESTÁ SUJETA A CAMBIOS POR ENTRADAS Y SALIDAS DE PERSONAL | LNZ1: * ESTA BASE DE DATOS ESTÁ SUJETA A CAMBIOS POR ENTRADAS Y SALIDAS DE PERSONAL | LOH1: * ESTA BASE DE DATOS ESTÁ SUJETA A CAMBIOS POR ENTRADAS Y SALIDAS DE PERSONAL | LOP1: * ESTA BASE DE DATOS ESTÁ SUJETA A CAMBIOS POR ENTRADAS Y SALIDAS DE PERSONAL | LOX1: * ESTA BASE DE DATOS ESTÁ SUJETA A CAMBIOS POR ENTRADAS Y SALIDAS DE PERSONAL | LPF1: * ESTA BASE DE DATOS ESTÁ SUJETA A CAMBIOS POR ENTRADAS Y SALIDAS DE PERSONAL | LPN1: * ESTA BASE DE DATOS ESTÁ SUJETA A CAMBIOS POR ENTRADAS Y SALIDAS DE PERSONAL | LPV1: * ESTA BASE DE DATOS ESTÁ SUJETA A CAMBIOS POR ENTRADAS Y SALIDAS DE PERSONAL | LQD1: * ESTA BASE DE DATOS ESTÁ SUJETA A CAMBIOS POR ENTRADAS Y SALIDAS DE PERSONAL | LQL1: * ESTA BASE DE DATOS ESTÁ SUJETA A CAMBIOS POR ENTRADAS Y SALIDAS DE PERSONAL | LQT1: * ESTA BASE DE DATOS ESTÁ SUJETA A CAMBIOS POR ENTRADAS Y SALIDAS DE PERSONAL | LRB1: * ESTA BASE DE DATOS ESTÁ SUJETA A CAMBIOS POR ENTRADAS Y SALIDAS DE PERSONAL | LRJ1: * ESTA BASE DE DATOS ESTÁ SUJETA A CAMBIOS POR ENTRADAS Y SALIDAS DE PERSONAL | LRR1: * ESTA BASE DE DATOS ESTÁ SUJETA A CAMBIOS POR ENTRADAS Y SALIDAS DE PERSONAL | LRZ1: * ESTA BASE DE DATOS ESTÁ SUJETA A CAMBIOS POR ENTRADAS Y SALIDAS DE PERSONAL | LSH1: * ESTA BASE DE DATOS ESTÁ SUJETA A CAMBIOS POR ENTRADAS Y SALIDAS DE PERSONAL | LSP1: * ESTA BASE DE DATOS ESTÁ SUJETA A CAMBIOS POR ENTRADAS Y SALIDAS DE PERSONAL | LSX1: * ESTA BASE DE DATOS ESTÁ SUJETA A CAMBIOS POR ENTRADAS Y SALIDAS DE PERSONAL | LTF1: * ESTA BASE DE DATOS ESTÁ SUJETA A CAMBIOS POR ENTRADAS Y SALIDAS DE PERSONAL | LTN1: * ESTA BASE DE DATOS ESTÁ SUJETA A CAMBIOS POR ENTRADAS Y SALIDAS DE PERSONAL | LTV1: * ESTA BASE DE DATOS ESTÁ SUJETA A CAMBIOS POR ENTRADAS Y SALIDAS DE PERSONAL | LUD1: * ESTA BASE DE DATOS ESTÁ SUJETA A CAMBIOS POR ENTRADAS Y SALIDAS DE PERSONAL | LUL1: * ESTA BASE DE DATOS ESTÁ SUJETA A CAMBIOS POR ENTRADAS Y SALIDAS DE PERSONAL | LUT1: * ESTA BASE DE DATOS ESTÁ SUJETA A CAMBIOS POR ENTRADAS Y SALIDAS DE PERSONAL | LVB1: * ESTA BASE DE DATOS ESTÁ SUJETA A CAMBIOS POR ENTRADAS Y SALIDAS DE PERSONAL | LVJ1: * ESTA BASE DE DATOS ESTÁ SUJETA A CAMBIOS POR ENTRADAS Y SALIDAS DE PERSONAL | LVR1: * ESTA BASE DE DATOS ESTÁ SUJETA A CAMBIOS POR ENTRADAS Y SALIDAS DE PERSONAL | LVZ1: * ESTA BASE DE DATOS ESTÁ SUJETA A CAMBIOS POR ENTRADAS Y SALIDAS DE PERSONAL | LWH1: * ESTA BASE DE DATOS ESTÁ SUJETA A CAMBIOS POR ENTRADAS Y SALIDAS DE PERSONAL | LWP1: * ESTA BASE DE DATOS ESTÁ SUJETA A CAMBIOS POR ENTRADAS Y SALIDAS DE PERSONAL | LWX1: * ESTA BASE DE DATOS ESTÁ SUJETA A CAMBIOS POR ENTRADAS Y SALIDAS DE PERSONAL | LXF1: * ESTA BASE DE DATOS ESTÁ SUJETA A CAMBIOS POR ENTRADAS Y SALIDAS DE PERSONAL | LXN1: * ESTA BASE DE DATOS ESTÁ SUJETA A CAMBIOS POR ENTRADAS Y SALIDAS DE PERSONAL | LXV1: * ESTA BASE DE DATOS ESTÁ SUJETA A CAMBIOS POR ENTRADAS Y SALIDAS DE PERSONAL | LYD1: * ESTA BASE DE DATOS ESTÁ SUJETA A CAMBIOS POR ENTRADAS Y SALIDAS DE PERSONAL | LYL1: * ESTA BASE DE DATOS ESTÁ SUJETA A CAMBIOS POR ENTRADAS Y SALIDAS DE PERSONAL | LYT1: * ESTA BASE DE DATOS ESTÁ SUJETA A CAMBIOS POR ENTRADAS Y SALIDAS DE PERSONAL | LZB1: * ESTA BASE DE DATOS ESTÁ SUJETA A CAMBIOS POR ENTRADAS Y SALIDAS DE PERSONAL | LZJ1: * ESTA BASE DE DATOS ESTÁ SUJETA A CAMBIOS POR ENTRADAS Y SALIDAS DE PERSONAL | LZR1: * ESTA BASE DE DATOS ESTÁ SUJETA A CAMBIOS POR ENTRADAS Y SALIDAS DE PERSONAL | LZZ1: * ESTA BASE DE DATOS ESTÁ SUJETA A CAMBIOS POR ENTRADAS Y SALIDAS DE PERSONAL | MAH1: * ESTA BASE DE DATOS ESTÁ SUJETA A CAMBIOS POR ENTRADAS Y SALIDAS DE PERSONAL | MAP1: * ESTA BASE DE DATOS ESTÁ SUJETA A CAMBIOS POR ENTRADAS Y SALIDAS DE PERSONAL | MAX1: * ESTA BASE DE DATOS ESTÁ SUJETA A CAMBIOS POR ENTRADAS Y SALIDAS DE PERSONAL | MBF1: * ESTA BASE DE DATOS ESTÁ SUJETA A CAMBIOS POR ENTRADAS Y SALIDAS DE PERSONAL | MBN1: * ESTA BASE DE DATOS ESTÁ SUJETA A CAMBIOS POR ENTRADAS Y SALIDAS DE PERSONAL | MBV1: * ESTA BASE DE DATOS ESTÁ SUJETA A CAMBIOS POR ENTRADAS Y SALIDAS DE PERSONAL | MCD1: * ESTA BASE DE DATOS ESTÁ SUJETA A CAMBIOS POR ENTRADAS Y SALIDAS DE PERSONAL | MCL1: * ESTA BASE DE DATOS ESTÁ SUJETA A CAMBIOS POR ENTRADAS Y SALIDAS DE PERSONAL | MCT1: * ESTA BASE DE DATOS ESTÁ SUJETA A CAMBIOS POR ENTRADAS Y SALIDAS DE PERSONAL | MDB1: * ESTA BASE DE DATOS ESTÁ SUJETA A CAMBIOS POR ENTRADAS Y SALIDAS DE PERSONAL | MDJ1: * ESTA BASE DE DATOS ESTÁ SUJETA A CAMBIOS POR ENTRADAS Y SALIDAS DE PERSONAL | MDR1: * ESTA BASE DE DATOS ESTÁ SUJETA A CAMBIOS POR ENTRADAS Y SALIDAS DE PERSONAL | MDZ1: * ESTA BASE DE DATOS ESTÁ SUJETA A CAMBIOS POR ENTRADAS Y SALIDAS DE PERSONAL | MEH1: * ESTA BASE DE DATOS ESTÁ SUJETA A CAMBIOS POR ENTRADAS Y SALIDAS DE PERSONAL | MEP1: * ESTA BASE DE DATOS ESTÁ SUJETA A CAMBIOS POR ENTRADAS Y SALIDAS DE PERSONAL | MEX1: * ESTA BASE DE DATOS ESTÁ SUJETA A CAMBIOS POR ENTRADAS Y SALIDAS DE PERSONAL | MFF1: * ESTA BASE DE DATOS ESTÁ SUJETA A CAMBIOS POR ENTRADAS Y SALIDAS DE PERSONAL | MFN1: * ESTA BASE DE DATOS ESTÁ SUJETA A CAMBIOS POR ENTRADAS Y SALIDAS DE PERSONAL | MFV1: * ESTA BASE DE DATOS ESTÁ SUJETA A CAMBIOS POR ENTRADAS Y SALIDAS DE PERSONAL | MGD1: * ESTA BASE DE DATOS ESTÁ SUJETA A CAMBIOS POR ENTRADAS Y SALIDAS DE PERSONAL | MGL1: * ESTA BASE DE DATOS ESTÁ SUJETA A CAMBIOS POR ENTRADAS Y SALIDAS DE PERSONAL | MGT1: * ESTA BASE DE DATOS ESTÁ SUJETA A CAMBIOS POR ENTRADAS Y SALIDAS DE PERSONAL | MHB1: * ESTA BASE DE DATOS ESTÁ SUJETA A CAMBIOS POR ENTRADAS Y SALIDAS DE PERSONAL | MHJ1: * ESTA BASE DE DATOS ESTÁ SUJETA A CAMBIOS POR ENTRADAS Y SALIDAS DE PERSONAL | MHR1: * ESTA BASE DE DATOS ESTÁ SUJETA A CAMBIOS POR ENTRADAS Y SALIDAS DE PERSONAL | MHZ1: * ESTA BASE DE DATOS ESTÁ SUJETA A CAMBIOS POR ENTRADAS Y SALIDAS DE PERSONAL | MIH1: * ESTA BASE DE DATOS ESTÁ SUJETA A CAMBIOS POR ENTRADAS Y SALIDAS DE PERSONAL | MIP1: * ESTA BASE DE DATOS ESTÁ SUJETA A CAMBIOS POR ENTRADAS Y SALIDAS DE PERSONAL | MIX1: * ESTA BASE DE DATOS ESTÁ SUJETA A CAMBIOS POR ENTRADAS Y SALIDAS DE PERSONAL | MJF1: * ESTA BASE DE DATOS ESTÁ SUJETA A CAMBIOS POR ENTRADAS Y SALIDAS DE PERSONAL | MJN1: * ESTA BASE DE DATOS ESTÁ SUJETA A CAMBIOS POR ENTRADAS Y SALIDAS DE PERSONAL | MJV1: * ESTA BASE DE DATOS ESTÁ SUJETA A CAMBIOS POR ENTRADAS Y SALIDAS DE PERSONAL | MKD1: * ESTA BASE DE DATOS ESTÁ SUJETA A CAMBIOS POR ENTRADAS Y SALIDAS DE PERSONAL | MKL1: * ESTA BASE DE DATOS ESTÁ SUJETA A CAMBIOS POR ENTRADAS Y SALIDAS DE PERSONAL | MKT1: * ESTA BASE DE DATOS ESTÁ SUJETA A CAMBIOS POR ENTRADAS Y SALIDAS DE PERSONAL | MLB1: * ESTA BASE DE DATOS ESTÁ SUJETA A CAMBIOS POR ENTRADAS Y SALIDAS DE PERSONAL | MLJ1: * ESTA BASE DE DATOS ESTÁ SUJETA A CAMBIOS POR ENTRADAS Y SALIDAS DE PERSONAL | MLR1: * ESTA BASE DE DATOS ESTÁ SUJETA A CAMBIOS POR ENTRADAS Y SALIDAS DE PERSONAL | MLZ1: * ESTA BASE DE DATOS ESTÁ SUJETA A CAMBIOS POR ENTRADAS Y SALIDAS DE PERSONAL | MMH1: * ESTA BASE DE DATOS ESTÁ SUJETA A CAMBIOS POR ENTRADAS Y SALIDAS DE PERSONAL | MMP1: * ESTA BASE DE DATOS ESTÁ SUJETA A CAMBIOS POR ENTRADAS Y SALIDAS DE PERSONAL | MMX1: * ESTA BASE DE DATOS ESTÁ SUJETA A CAMBIOS POR ENTRADAS Y SALIDAS DE PERSONAL | MNF1: * ESTA BASE DE DATOS ESTÁ SUJETA A CAMBIOS POR ENTRADAS Y SALIDAS DE PERSONAL | MNN1: * ESTA BASE DE DATOS ESTÁ SUJETA A CAMBIOS POR ENTRADAS Y SALIDAS DE PERSONAL | MNV1: * ESTA BASE DE DATOS ESTÁ SUJETA A CAMBIOS POR ENTRADAS Y SALIDAS DE PERSONAL | MOD1: * ESTA BASE DE DATOS ESTÁ SUJETA A CAMBIOS POR ENTRADAS Y SALIDAS DE PERSONAL | MOL1: * ESTA BASE DE DATOS ESTÁ SUJETA A CAMBIOS POR ENTRADAS Y SALIDAS DE PERSONAL | MOT1: * ESTA BASE DE DATOS ESTÁ SUJETA A CAMBIOS POR ENTRADAS Y SALIDAS DE PERSONAL | MPB1: * ESTA BASE DE DATOS ESTÁ SUJETA A CAMBIOS POR ENTRADAS Y SALIDAS DE PERSONAL | MPJ1: * ESTA BASE DE DATOS ESTÁ SUJETA A CAMBIOS POR ENTRADAS Y SALIDAS DE PERSONAL | MPR1: * ESTA BASE DE DATOS ESTÁ SUJETA A CAMBIOS POR ENTRADAS Y SALIDAS DE PERSONAL | MPZ1: * ESTA BASE DE DATOS ESTÁ SUJETA A CAMBIOS POR ENTRADAS Y SALIDAS DE PERSONAL | MQH1: * ESTA BASE DE DATOS ESTÁ SUJETA A CAMBIOS POR ENTRADAS Y SALIDAS DE PERSONAL | MQP1: * ESTA BASE DE DATOS ESTÁ SUJETA A CAMBIOS POR ENTRADAS Y SALIDAS DE PERSONAL | MQX1: * ESTA BASE DE DATOS ESTÁ SUJETA A CAMBIOS POR ENTRADAS Y SALIDAS DE PERSONAL | MRF1: * ESTA BASE DE DATOS ESTÁ SUJETA A CAMBIOS POR ENTRADAS Y SALIDAS DE PERSONAL | MRN1: * ESTA BASE DE DATOS ESTÁ SUJETA A CAMBIOS POR ENTRADAS Y SALIDAS DE PERSONAL | MRV1: * ESTA BASE DE DATOS ESTÁ SUJETA A CAMBIOS POR ENTRADAS Y SALIDAS DE PERSONAL | MSD1: * ESTA BASE DE DATOS ESTÁ SUJETA A CAMBIOS POR ENTRADAS Y SALIDAS DE PERSONAL | MSL1: * ESTA BASE DE DATOS ESTÁ SUJETA A CAMBIOS POR ENTRADAS Y SALIDAS DE PERSONAL | MST1: * ESTA BASE DE DATOS ESTÁ SUJETA A CAMBIOS POR ENTRADAS Y SALIDAS DE PERSONAL | MTB1: * ESTA BASE DE DATOS ESTÁ SUJETA A CAMBIOS POR ENTRADAS Y SALIDAS DE PERSONAL | MTJ1: * ESTA BASE DE DATOS ESTÁ SUJETA A CAMBIOS POR ENTRADAS Y SALIDAS DE PERSONAL | MTR1: * ESTA BASE DE DATOS ESTÁ SUJETA A CAMBIOS POR ENTRADAS Y SALIDAS DE PERSONAL | MTZ1: * ESTA BASE DE DATOS ESTÁ SUJETA A CAMBIOS POR ENTRADAS Y SALIDAS DE PERSONAL | MUH1: * ESTA BASE DE DATOS ESTÁ SUJETA A CAMBIOS POR ENTRADAS Y SALIDAS DE PERSONAL | MUP1: * ESTA BASE DE DATOS ESTÁ SUJETA A CAMBIOS POR ENTRADAS Y SALIDAS DE PERSONAL | MUX1: * ESTA BASE DE DATOS ESTÁ SUJETA A CAMBIOS POR ENTRADAS Y SALIDAS DE PERSONAL | MVF1: * ESTA BASE DE DATOS ESTÁ SUJETA A CAMBIOS POR ENTRADAS Y SALIDAS DE PERSONAL | MVN1: * ESTA BASE DE DATOS ESTÁ SUJETA A CAMBIOS POR ENTRADAS Y SALIDAS DE PERSONAL | MVV1: * ESTA BASE DE DATOS ESTÁ SUJETA A CAMBIOS POR ENTRADAS Y SALIDAS DE PERSONAL | MWD1: * ESTA BASE DE DATOS ESTÁ SUJETA A CAMBIOS POR ENTRADAS Y SALIDAS DE PERSONAL | MWL1: * ESTA BASE DE DATOS ESTÁ SUJETA A CAMBIOS POR ENTRADAS Y SALIDAS DE PERSONAL | MWT1: * ESTA BASE DE DATOS ESTÁ SUJETA A CAMBIOS POR ENTRADAS Y SALIDAS DE PERSONAL | MXB1: * ESTA BASE DE DATOS ESTÁ SUJETA A CAMBIOS POR ENTRADAS Y SALIDAS DE PERSONAL | MXJ1: * ESTA BASE DE DATOS ESTÁ SUJETA A CAMBIOS POR ENTRADAS Y SALIDAS DE PERSONAL | MXR1: * ESTA BASE DE DATOS ESTÁ SUJETA A CAMBIOS POR ENTRADAS Y SALIDAS DE PERSONAL | MXZ1: * ESTA BASE DE DATOS ESTÁ SUJETA A CAMBIOS POR ENTRADAS Y SALIDAS DE PERSONAL | MYH1: * ESTA BASE DE DATOS ESTÁ SUJETA A CAMBIOS POR ENTRADAS Y SALIDAS DE PERSONAL | MYP1: * ESTA BASE DE DATOS ESTÁ SUJETA A CAMBIOS POR ENTRADAS Y SALIDAS DE PERSONAL | MYX1: * ESTA BASE DE DATOS ESTÁ SUJETA A CAMBIOS POR ENTRADAS Y SALIDAS DE PERSONAL | MZF1: * ESTA BASE DE DATOS ESTÁ SUJETA A CAMBIOS POR ENTRADAS Y SALIDAS DE PERSONAL | MZN1: * ESTA BASE DE DATOS ESTÁ SUJETA A CAMBIOS POR ENTRADAS Y SALIDAS DE PERSONAL | MZV1: * ESTA BASE DE DATOS ESTÁ SUJETA A CAMBIOS POR ENTRADAS Y SALIDAS DE PERSONAL | NAD1: * ESTA BASE DE DATOS ESTÁ SUJETA A CAMBIOS POR ENTRADAS Y SALIDAS DE PERSONAL | NAL1: * ESTA BASE DE DATOS ESTÁ SUJETA A CAMBIOS POR ENTRADAS Y SALIDAS DE PERSONAL | NAT1: * ESTA BASE DE DATOS ESTÁ SUJETA A CAMBIOS POR ENTRADAS Y SALIDAS DE PERSONAL | NBB1: * ESTA BASE DE DATOS ESTÁ SUJETA A CAMBIOS POR ENTRADAS Y SALIDAS DE PERSONAL | NBJ1: * ESTA BASE DE DATOS ESTÁ SUJETA A CAMBIOS POR ENTRADAS Y SALIDAS DE PERSONAL | NBR1: * ESTA BASE DE DATOS ESTÁ SUJETA A CAMBIOS POR ENTRADAS Y SALIDAS DE PERSONAL | NBZ1: * ESTA BASE DE DATOS ESTÁ SUJETA A CAMBIOS POR ENTRADAS Y SALIDAS DE PERSONAL | NCH1: * ESTA BASE DE DATOS ESTÁ SUJETA A CAMBIOS POR ENTRADAS Y SALIDAS DE PERSONAL | NCP1: * ESTA BASE DE DATOS ESTÁ SUJETA A CAMBIOS POR ENTRADAS Y SALIDAS DE PERSONAL | NCX1: * ESTA BASE DE DATOS ESTÁ SUJETA A CAMBIOS POR ENTRADAS Y SALIDAS DE PERSONAL | NDF1: * ESTA BASE DE DATOS ESTÁ SUJETA A CAMBIOS POR ENTRADAS Y SALIDAS DE PERSONAL | NDN1: * ESTA BASE DE DATOS ESTÁ SUJETA A CAMBIOS POR ENTRADAS Y SALIDAS DE PERSONAL | NDV1: * ESTA BASE DE DATOS ESTÁ SUJETA A CAMBIOS POR ENTRADAS Y SALIDAS DE PERSONAL | NED1: * ESTA BASE DE DATOS ESTÁ SUJETA A CAMBIOS POR ENTRADAS Y SALIDAS DE PERSONAL | NEL1: * ESTA BASE DE DATOS ESTÁ SUJETA A CAMBIOS POR ENTRADAS Y SALIDAS DE PERSONAL | NET1: * ESTA BASE DE DATOS ESTÁ SUJETA A CAMBIOS POR ENTRADAS Y SALIDAS DE PERSONAL | NFB1: * ESTA BASE DE DATOS ESTÁ SUJETA A CAMBIOS POR ENTRADAS Y SALIDAS DE PERSONAL | NFJ1: * ESTA BASE DE DATOS ESTÁ SUJETA A CAMBIOS POR ENTRADAS Y SALIDAS DE PERSONAL | NFR1: * ESTA BASE DE DATOS ESTÁ SUJETA A CAMBIOS POR ENTRADAS Y SALIDAS DE PERSONAL | NFZ1: * ESTA BASE DE DATOS ESTÁ SUJETA A CAMBIOS POR ENTRADAS Y SALIDAS DE PERSONAL | NGH1: * ESTA BASE DE DATOS ESTÁ SUJETA A CAMBIOS POR ENTRADAS Y SALIDAS DE PERSONAL | NGP1: * ESTA BASE DE DATOS ESTÁ SUJETA A CAMBIOS POR ENTRADAS Y SALIDAS DE PERSONAL | NGX1: * ESTA BASE DE DATOS ESTÁ SUJETA A CAMBIOS POR ENTRADAS Y SALIDAS DE PERSONAL | NHF1: * ESTA BASE DE DATOS ESTÁ SUJETA A CAMBIOS POR ENTRADAS Y SALIDAS DE PERSONAL | NHN1: * ESTA BASE DE DATOS ESTÁ SUJETA A CAMBIOS POR ENTRADAS Y SALIDAS DE PERSONAL | NHV1: * ESTA BASE DE DATOS ESTÁ SUJETA A CAMBIOS POR ENTRADAS Y SALIDAS DE PERSONAL | NID1: * ESTA BASE DE DATOS ESTÁ SUJETA A CAMBIOS POR ENTRADAS Y SALIDAS DE PERSONAL | NIL1: * ESTA BASE DE DATOS ESTÁ SUJETA A CAMBIOS POR ENTRADAS Y SALIDAS DE PERSONAL | NIT1: * ESTA BASE DE DATOS ESTÁ SUJETA A CAMBIOS POR ENTRADAS Y SALIDAS DE PERSONAL | NJB1: * ESTA BASE DE DATOS ESTÁ SUJETA A CAMBIOS POR ENTRADAS Y SALIDAS DE PERSONAL | NJJ1: * ESTA BASE DE DATOS ESTÁ SUJETA A CAMBIOS POR ENTRADAS Y SALIDAS DE PERSONAL | NJR1: * ESTA BASE DE DATOS ESTÁ SUJETA A CAMBIOS POR ENTRADAS Y SALIDAS DE PERSONAL | NJZ1: * ESTA BASE DE DATOS ESTÁ SUJETA A CAMBIOS POR ENTRADAS Y SALIDAS DE PERSONAL | NKH1: * ESTA BASE DE DATOS ESTÁ SUJETA A CAMBIOS POR ENTRADAS Y SALIDAS DE PERSONAL | NKP1: * ESTA BASE DE DATOS ESTÁ SUJETA A CAMBIOS POR ENTRADAS Y SALIDAS DE PERSONAL | NKX1: * ESTA BASE DE DATOS ESTÁ SUJETA A CAMBIOS POR ENTRADAS Y SALIDAS DE PERSONAL | NLF1: * ESTA BASE DE DATOS ESTÁ SUJETA A CAMBIOS POR ENTRADAS Y SALIDAS DE PERSONAL | NLN1: * ESTA BASE DE DATOS ESTÁ SUJETA A CAMBIOS POR ENTRADAS Y SALIDAS DE PERSONAL | NLV1: * ESTA BASE DE DATOS ESTÁ SUJETA A CAMBIOS POR ENTRADAS Y SALIDAS DE PERSONAL | NMD1: * ESTA BASE DE DATOS ESTÁ SUJETA A CAMBIOS POR ENTRADAS Y SALIDAS DE PERSONAL | NML1: * ESTA BASE DE DATOS ESTÁ SUJETA A CAMBIOS POR ENTRADAS Y SALIDAS DE PERSONAL | NMT1: * ESTA BASE DE DATOS ESTÁ SUJETA A CAMBIOS POR ENTRADAS Y SALIDAS DE PERSONAL | NNB1: * ESTA BASE DE DATOS ESTÁ SUJETA A CAMBIOS POR ENTRADAS Y SALIDAS DE PERSONAL | NNJ1: * ESTA BASE DE DATOS ESTÁ SUJETA A CAMBIOS POR ENTRADAS Y SALIDAS DE PERSONAL | NNR1: * ESTA BASE DE DATOS ESTÁ SUJETA A CAMBIOS POR ENTRADAS Y SALIDAS DE PERSONAL | NNZ1: * ESTA BASE DE DATOS ESTÁ SUJETA A CAMBIOS POR ENTRADAS Y SALIDAS DE PERSONAL | NOH1: * ESTA BASE DE DATOS ESTÁ SUJETA A CAMBIOS POR ENTRADAS Y SALIDAS DE PERSONAL | NOP1: * ESTA BASE DE DATOS ESTÁ SUJETA A CAMBIOS POR ENTRADAS Y SALIDAS DE PERSONAL | NOX1: * ESTA BASE DE DATOS ESTÁ SUJETA A CAMBIOS POR ENTRADAS Y SALIDAS DE PERSONAL | NPF1: * ESTA BASE DE DATOS ESTÁ SUJETA A CAMBIOS POR ENTRADAS Y SALIDAS DE PERSONAL | NPN1: * ESTA BASE DE DATOS ESTÁ SUJETA A CAMBIOS POR ENTRADAS Y SALIDAS DE PERSONAL | NPV1: * ESTA BASE DE DATOS ESTÁ SUJETA A CAMBIOS POR ENTRADAS Y SALIDAS DE PERSONAL | NQD1: * ESTA BASE DE DATOS ESTÁ SUJETA A CAMBIOS POR ENTRADAS Y SALIDAS DE PERSONAL | NQL1: * ESTA BASE DE DATOS ESTÁ SUJETA A CAMBIOS POR ENTRADAS Y SALIDAS DE PERSONAL | NQT1: * ESTA BASE DE DATOS ESTÁ SUJETA A CAMBIOS POR ENTRADAS Y SALIDAS DE PERSONAL | NRB1: * ESTA BASE DE DATOS ESTÁ SUJETA A CAMBIOS POR ENTRADAS Y SALIDAS DE PERSONAL | NRJ1: * ESTA BASE DE DATOS ESTÁ SUJETA A CAMBIOS POR ENTRADAS Y SALIDAS DE PERSONAL | NRR1: * ESTA BASE DE DATOS ESTÁ SUJETA A CAMBIOS POR ENTRADAS Y SALIDAS DE PERSONAL | NRZ1: * ESTA BASE DE DATOS ESTÁ SUJETA A CAMBIOS POR ENTRADAS Y SALIDAS DE PERSONAL | NSH1: * ESTA BASE DE DATOS ESTÁ SUJETA A CAMBIOS POR ENTRADAS Y SALIDAS DE PERSONAL | NSP1: * ESTA BASE DE DATOS ESTÁ SUJETA A CAMBIOS POR ENTRADAS Y SALIDAS DE PERSONAL | NSX1: * ESTA BASE DE DATOS ESTÁ SUJETA A CAMBIOS POR ENTRADAS Y SALIDAS DE PERSONAL | NTF1: * ESTA BASE DE DATOS ESTÁ SUJETA A CAMBIOS POR ENTRADAS Y SALIDAS DE PERSONAL | NTN1: * ESTA BASE DE DATOS ESTÁ SUJETA A CAMBIOS POR ENTRADAS Y SALIDAS DE PERSONAL | NTV1: * ESTA BASE DE DATOS ESTÁ SUJETA A CAMBIOS POR ENTRADAS Y SALIDAS DE PERSONAL | NUD1: * ESTA BASE DE DATOS ESTÁ SUJETA A CAMBIOS POR ENTRADAS Y SALIDAS DE PERSONAL | NUL1: * ESTA BASE DE DATOS ESTÁ SUJETA A CAMBIOS POR ENTRADAS Y SALIDAS DE PERSONAL | NUT1: * ESTA BASE DE DATOS ESTÁ SUJETA A CAMBIOS POR ENTRADAS Y SALIDAS DE PERSONAL | NVB1: * ESTA BASE DE DATOS ESTÁ SUJETA A CAMBIOS POR ENTRADAS Y SALIDAS DE PERSONAL | NVJ1: * ESTA BASE DE DATOS ESTÁ SUJETA A CAMBIOS POR ENTRADAS Y SALIDAS DE PERSONAL | NVR1: * ESTA BASE DE DATOS ESTÁ SUJETA A CAMBIOS POR ENTRADAS Y SALIDAS DE PERSONAL | NVZ1: * ESTA BASE DE DATOS ESTÁ SUJETA A CAMBIOS POR ENTRADAS Y SALIDAS DE PERSONAL | NWH1: * ESTA BASE DE DATOS ESTÁ SUJETA A CAMBIOS POR ENTRADAS Y SALIDAS DE PERSONAL | NWP1: * ESTA BASE DE DATOS ESTÁ SUJETA A CAMBIOS POR ENTRADAS Y SALIDAS DE PERSONAL | NWX1: * ESTA BASE DE DATOS ESTÁ SUJETA A CAMBIOS POR ENTRADAS Y SALIDAS DE PERSONAL | NXF1: * ESTA BASE DE DATOS ESTÁ SUJETA A CAMBIOS POR ENTRADAS Y SALIDAS DE PERSONAL | NXN1: * ESTA BASE DE DATOS ESTÁ SUJETA A CAMBIOS POR ENTRADAS Y SALIDAS DE PERSONAL | NXV1: * ESTA BASE DE DATOS ESTÁ SUJETA A CAMBIOS POR ENTRADAS Y SALIDAS DE PERSONAL | NYD1: * ESTA BASE DE DATOS ESTÁ SUJETA A CAMBIOS POR ENTRADAS Y SALIDAS DE PERSONAL | NYL1: * ESTA BASE DE DATOS ESTÁ SUJETA A CAMBIOS POR ENTRADAS Y SALIDAS DE PERSONAL | NYT1: * ESTA BASE DE DATOS ESTÁ SUJETA A CAMBIOS POR ENTRADAS Y SALIDAS DE PERSONAL | NZB1: * ESTA BASE DE DATOS ESTÁ SUJETA A CAMBIOS POR ENTRADAS Y SALIDAS DE PERSONAL | NZJ1: * ESTA BASE DE DATOS ESTÁ SUJETA A CAMBIOS POR ENTRADAS Y SALIDAS DE PERSONAL | NZR1: * ESTA BASE DE DATOS ESTÁ SUJETA A CAMBIOS POR ENTRADAS Y SALIDAS DE PERSONAL | NZZ1: * ESTA BASE DE DATOS ESTÁ SUJETA A CAMBIOS POR ENTRADAS Y SALIDAS DE PERSONAL | OAH1: * ESTA BASE DE DATOS ESTÁ SUJETA A CAMBIOS POR ENTRADAS Y SALIDAS DE PERSONAL | OAP1: * ESTA BASE DE DATOS ESTÁ SUJETA A CAMBIOS POR ENTRADAS Y SALIDAS DE PERSONAL | OAX1: * ESTA BASE DE DATOS ESTÁ SUJETA A CAMBIOS POR ENTRADAS Y SALIDAS DE PERSONAL | OBF1: * ESTA BASE DE DATOS ESTÁ SUJETA A CAMBIOS POR ENTRADAS Y SALIDAS DE PERSONAL | OBN1: * ESTA BASE DE DATOS ESTÁ SUJETA A CAMBIOS POR ENTRADAS Y SALIDAS DE PERSONAL | OBV1: * ESTA BASE DE DATOS ESTÁ SUJETA A CAMBIOS POR ENTRADAS Y SALIDAS DE PERSONAL | OCD1: * ESTA BASE DE DATOS ESTÁ SUJETA A CAMBIOS POR ENTRADAS Y SALIDAS DE PERSONAL | OCL1: * ESTA BASE DE DATOS ESTÁ SUJETA A CAMBIOS POR ENTRADAS Y SALIDAS DE PERSONAL | OCT1: * ESTA BASE DE DATOS ESTÁ SUJETA A CAMBIOS POR ENTRADAS Y SALIDAS DE PERSONAL | ODB1: * ESTA BASE DE DATOS ESTÁ SUJETA A CAMBIOS POR ENTRADAS Y SALIDAS DE PERSONAL | ODJ1: * ESTA BASE DE DATOS ESTÁ SUJETA A CAMBIOS POR ENTRADAS Y SALIDAS DE PERSONAL | ODR1: * ESTA BASE DE DATOS ESTÁ SUJETA A CAMBIOS POR ENTRADAS Y SALIDAS DE PERSONAL | ODZ1: * ESTA BASE DE DATOS ESTÁ SUJETA A CAMBIOS POR ENTRADAS Y SALIDAS DE PERSONAL | OEH1: * ESTA BASE DE DATOS ESTÁ SUJETA A CAMBIOS POR ENTRADAS Y SALIDAS DE PERSONAL | OEP1: * ESTA BASE DE DATOS ESTÁ SUJETA A CAMBIOS POR ENTRADAS Y SALIDAS DE PERSONAL | OEX1: * ESTA BASE DE DATOS ESTÁ SUJETA A CAMBIOS POR ENTRADAS Y SALIDAS DE PERSONAL | OFF1: * ESTA BASE DE DATOS ESTÁ SUJETA A CAMBIOS POR ENTRADAS Y SALIDAS DE PERSONAL | OFN1: * ESTA BASE DE DATOS ESTÁ SUJETA A CAMBIOS POR ENTRADAS Y SALIDAS DE PERSONAL | OFV1: * ESTA BASE DE DATOS ESTÁ SUJETA A CAMBIOS POR ENTRADAS Y SALIDAS DE PERSONAL | OGD1: * ESTA BASE DE DATOS ESTÁ SUJETA A CAMBIOS POR ENTRADAS Y SALIDAS DE PERSONAL | OGL1: * ESTA BASE DE DATOS ESTÁ SUJETA A CAMBIOS POR ENTRADAS Y SALIDAS DE PERSONAL | OGT1: * ESTA BASE DE DATOS ESTÁ SUJETA A CAMBIOS POR ENTRADAS Y SALIDAS DE PERSONAL | OHB1: * ESTA BASE DE DATOS ESTÁ SUJETA A CAMBIOS POR ENTRADAS Y SALIDAS DE PERSONAL | OHJ1: * ESTA BASE DE DATOS ESTÁ SUJETA A CAMBIOS POR ENTRADAS Y SALIDAS DE PERSONAL | OHR1: * ESTA BASE DE DATOS ESTÁ SUJETA A CAMBIOS POR ENTRADAS Y SALIDAS DE PERSONAL | OHZ1: * ESTA BASE DE DATOS ESTÁ SUJETA A CAMBIOS POR ENTRADAS Y SALIDAS DE PERSONAL | OIH1: * ESTA BASE DE DATOS ESTÁ SUJETA A CAMBIOS POR ENTRADAS Y SALIDAS DE PERSONAL | OIP1: * ESTA BASE DE DATOS ESTÁ SUJETA A CAMBIOS POR ENTRADAS Y SALIDAS DE PERSONAL | OIX1: * ESTA BASE DE DATOS ESTÁ SUJETA A CAMBIOS POR ENTRADAS Y SALIDAS DE PERSONAL | OJF1: * ESTA BASE DE DATOS ESTÁ SUJETA A CAMBIOS POR ENTRADAS Y SALIDAS DE PERSONAL | OJN1: * ESTA BASE DE DATOS ESTÁ SUJETA A CAMBIOS POR ENTRADAS Y SALIDAS DE PERSONAL | OJV1: * ESTA BASE DE DATOS ESTÁ SUJETA A CAMBIOS POR ENTRADAS Y SALIDAS DE PERSONAL | OKD1: * ESTA BASE DE DATOS ESTÁ SUJETA A CAMBIOS POR ENTRADAS Y SALIDAS DE PERSONAL | OKL1: * ESTA BASE DE DATOS ESTÁ SUJETA A CAMBIOS POR ENTRADAS Y SALIDAS DE PERSONAL | OKT1: * ESTA BASE DE DATOS ESTÁ SUJETA A CAMBIOS POR ENTRADAS Y SALIDAS DE PERSONAL | OLB1: * ESTA BASE DE DATOS ESTÁ SUJETA A CAMBIOS POR ENTRADAS Y SALIDAS DE PERSONAL | OLJ1: * ESTA BASE DE DATOS ESTÁ SUJETA A CAMBIOS POR ENTRADAS Y SALIDAS DE PERSONAL | OLR1: * ESTA BASE DE DATOS ESTÁ SUJETA A CAMBIOS POR ENTRADAS Y SALIDAS DE PERSONAL | OLZ1: * ESTA BASE DE DATOS ESTÁ SUJETA A CAMBIOS POR ENTRADAS Y SALIDAS DE PERSONAL | OMH1: * ESTA BASE DE DATOS ESTÁ SUJETA A CAMBIOS POR ENTRADAS Y SALIDAS DE PERSONAL | OMP1: * ESTA BASE DE DATOS ESTÁ SUJETA A CAMBIOS POR ENTRADAS Y SALIDAS DE PERSONAL | OMX1: * ESTA BASE DE DATOS ESTÁ SUJETA A CAMBIOS POR ENTRADAS Y SALIDAS DE PERSONAL | ONF1: * ESTA BASE DE DATOS ESTÁ SUJETA A CAMBIOS POR ENTRADAS Y SALIDAS DE PERSONAL | ONN1: * ESTA BASE DE DATOS ESTÁ SUJETA A CAMBIOS POR ENTRADAS Y SALIDAS DE PERSONAL | ONV1: * ESTA BASE DE DATOS ESTÁ SUJETA A CAMBIOS POR ENTRADAS Y SALIDAS DE PERSONAL | OOD1: * ESTA BASE DE DATOS ESTÁ SUJETA A CAMBIOS POR ENTRADAS Y SALIDAS DE PERSONAL | OOL1: * ESTA BASE DE DATOS ESTÁ SUJETA A CAMBIOS POR ENTRADAS Y SALIDAS DE PERSONAL | OOT1: * ESTA BASE DE DATOS ESTÁ SUJETA A CAMBIOS POR ENTRADAS Y SALIDAS DE PERSONAL | OPB1: * ESTA BASE DE DATOS ESTÁ SUJETA A CAMBIOS POR ENTRADAS Y SALIDAS DE PERSONAL | OPJ1: * ESTA BASE DE DATOS ESTÁ SUJETA A CAMBIOS POR ENTRADAS Y SALIDAS DE PERSONAL | OPR1: * ESTA BASE DE DATOS ESTÁ SUJETA A CAMBIOS POR ENTRADAS Y SALIDAS DE PERSONAL | OPZ1: * ESTA BASE DE DATOS ESTÁ SUJETA A CAMBIOS POR ENTRADAS Y SALIDAS DE PERSONAL | OQH1: * ESTA BASE DE DATOS ESTÁ SUJETA A CAMBIOS POR ENTRADAS Y SALIDAS DE PERSONAL | OQP1: * ESTA BASE DE DATOS ESTÁ SUJETA A CAMBIOS POR ENTRADAS Y SALIDAS DE PERSONAL | OQX1: * ESTA BASE DE DATOS ESTÁ SUJETA A CAMBIOS POR ENTRADAS Y SALIDAS DE PERSONAL | ORF1: * ESTA BASE DE DATOS ESTÁ SUJETA A CAMBIOS POR ENTRADAS Y SALIDAS DE PERSONAL | ORN1: * ESTA BASE DE DATOS ESTÁ SUJETA A CAMBIOS POR ENTRADAS Y SALIDAS DE PERSONAL | ORV1: * ESTA BASE DE DATOS ESTÁ SUJETA A CAMBIOS POR ENTRADAS Y SALIDAS DE PERSONAL | OSD1: * ESTA BASE DE DATOS ESTÁ SUJETA A CAMBIOS POR ENTRADAS Y SALIDAS DE PERSONAL | OSL1: * ESTA BASE DE DATOS ESTÁ SUJETA A CAMBIOS POR ENTRADAS Y SALIDAS DE PERSONAL | OST1: * ESTA BASE DE DATOS ESTÁ SUJETA A CAMBIOS POR ENTRADAS Y SALIDAS DE PERSONAL | OTB1: * ESTA BASE DE DATOS ESTÁ SUJETA A CAMBIOS POR ENTRADAS Y SALIDAS DE PERSONAL | OTJ1: * ESTA BASE DE DATOS ESTÁ SUJETA A CAMBIOS POR ENTRADAS Y SALIDAS DE PERSONAL | OTR1: * ESTA BASE DE DATOS ESTÁ SUJETA A CAMBIOS POR ENTRADAS Y SALIDAS DE PERSONAL | OTZ1: * ESTA BASE DE DATOS ESTÁ SUJETA A CAMBIOS POR ENTRADAS Y SALIDAS DE PERSONAL | OUH1: * ESTA BASE DE DATOS ESTÁ SUJETA A CAMBIOS POR ENTRADAS Y SALIDAS DE PERSONAL | OUP1: * ESTA BASE DE DATOS ESTÁ SUJETA A CAMBIOS POR ENTRADAS Y SALIDAS DE PERSONAL | OUX1: * ESTA BASE DE DATOS ESTÁ SUJETA A CAMBIOS POR ENTRADAS Y SALIDAS DE PERSONAL | OVF1: * ESTA BASE DE DATOS ESTÁ SUJETA A CAMBIOS POR ENTRADAS Y SALIDAS DE PERSONAL | OVN1: * ESTA BASE DE DATOS ESTÁ SUJETA A CAMBIOS POR ENTRADAS Y SALIDAS DE PERSONAL | OVV1: * ESTA BASE DE DATOS ESTÁ SUJETA A CAMBIOS POR ENTRADAS Y SALIDAS DE PERSONAL | OWD1: * ESTA BASE DE DATOS ESTÁ SUJETA A CAMBIOS POR ENTRADAS Y SALIDAS DE PERSONAL | OWL1: * ESTA BASE DE DATOS ESTÁ SUJETA A CAMBIOS POR ENTRADAS Y SALIDAS DE PERSONAL | OWT1: * ESTA BASE DE DATOS ESTÁ SUJETA A CAMBIOS POR ENTRADAS Y SALIDAS DE PERSONAL | OXB1: * ESTA BASE DE DATOS ESTÁ SUJETA A CAMBIOS POR ENTRADAS Y SALIDAS DE PERSONAL | OXJ1: * ESTA BASE DE DATOS ESTÁ SUJETA A CAMBIOS POR ENTRADAS Y SALIDAS DE PERSONAL | OXR1: * ESTA BASE DE DATOS ESTÁ SUJETA A CAMBIOS POR ENTRADAS Y SALIDAS DE PERSONAL | OXZ1: * ESTA BASE DE DATOS ESTÁ SUJETA A CAMBIOS POR ENTRADAS Y SALIDAS DE PERSONAL | OYH1: * ESTA BASE DE DATOS ESTÁ SUJETA A CAMBIOS POR ENTRADAS Y SALIDAS DE PERSONAL | OYP1: * ESTA BASE DE DATOS ESTÁ SUJETA A CAMBIOS POR ENTRADAS Y SALIDAS DE PERSONAL | OYX1: * ESTA BASE DE DATOS ESTÁ SUJETA A CAMBIOS POR ENTRADAS Y SALIDAS DE PERSONAL | OZF1: * ESTA BASE DE DATOS ESTÁ SUJETA A CAMBIOS POR ENTRADAS Y SALIDAS DE PERSONAL | OZN1: * ESTA BASE DE DATOS ESTÁ SUJETA A CAMBIOS POR ENTRADAS Y SALIDAS DE PERSONAL | OZV1: * ESTA BASE DE DATOS ESTÁ SUJETA A CAMBIOS POR ENTRADAS Y SALIDAS DE PERSONAL | PAD1: * ESTA BASE DE DATOS ESTÁ SUJETA A CAMBIOS POR ENTRADAS Y SALIDAS DE PERSONAL | PAL1: * ESTA BASE DE DATOS ESTÁ SUJETA A CAMBIOS POR ENTRADAS Y SALIDAS DE PERSONAL | PAT1: * ESTA BASE DE DATOS ESTÁ SUJETA A CAMBIOS POR ENTRADAS Y SALIDAS DE PERSONAL | PBB1: * ESTA BASE DE DATOS ESTÁ SUJETA A CAMBIOS POR ENTRADAS Y SALIDAS DE PERSONAL | PBJ1: * ESTA BASE DE DATOS ESTÁ SUJETA A CAMBIOS POR ENTRADAS Y SALIDAS DE PERSONAL | PBR1: * ESTA BASE DE DATOS ESTÁ SUJETA A CAMBIOS POR ENTRADAS Y SALIDAS DE PERSONAL | PBZ1: * ESTA BASE DE DATOS ESTÁ SUJETA A CAMBIOS POR ENTRADAS Y SALIDAS DE PERSONAL | PCH1: * ESTA BASE DE DATOS ESTÁ SUJETA A CAMBIOS POR ENTRADAS Y SALIDAS DE PERSONAL | PCP1: * ESTA BASE DE DATOS ESTÁ SUJETA A CAMBIOS POR ENTRADAS Y SALIDAS DE PERSONAL | PCX1: * ESTA BASE DE DATOS ESTÁ SUJETA A CAMBIOS POR ENTRADAS Y SALIDAS DE PERSONAL | PDF1: * ESTA BASE DE DATOS ESTÁ SUJETA A CAMBIOS POR ENTRADAS Y SALIDAS DE PERSONAL | PDN1: * ESTA BASE DE DATOS ESTÁ SUJETA A CAMBIOS POR ENTRADAS Y SALIDAS DE PERSONAL | PDV1: * ESTA BASE DE DATOS ESTÁ SUJETA A CAMBIOS POR ENTRADAS Y SALIDAS DE PERSONAL | PED1: * ESTA BASE DE DATOS ESTÁ SUJETA A CAMBIOS POR ENTRADAS Y SALIDAS DE PERSONAL | PEL1: * ESTA BASE DE DATOS ESTÁ SUJETA A CAMBIOS POR ENTRADAS Y SALIDAS DE PERSONAL | PET1: * ESTA BASE DE DATOS ESTÁ SUJETA A CAMBIOS POR ENTRADAS Y SALIDAS DE PERSONAL | PFB1: * ESTA BASE DE DATOS ESTÁ SUJETA A CAMBIOS POR ENTRADAS Y SALIDAS DE PERSONAL | PFJ1: * ESTA BASE DE DATOS ESTÁ SUJETA A CAMBIOS POR ENTRADAS Y SALIDAS DE PERSONAL | PFR1: * ESTA BASE DE DATOS ESTÁ SUJETA A CAMBIOS POR ENTRADAS Y SALIDAS DE PERSONAL | PFZ1: * ESTA BASE DE DATOS ESTÁ SUJETA A CAMBIOS POR ENTRADAS Y SALIDAS DE PERSONAL | PGH1: * ESTA BASE DE DATOS ESTÁ SUJETA A CAMBIOS POR ENTRADAS Y SALIDAS DE PERSONAL | PGP1: * ESTA BASE DE DATOS ESTÁ SUJETA A CAMBIOS POR ENTRADAS Y SALIDAS DE PERSONAL | PGX1: * ESTA BASE DE DATOS ESTÁ SUJETA A CAMBIOS POR ENTRADAS Y SALIDAS DE PERSONAL | PHF1: * ESTA BASE DE DATOS ESTÁ SUJETA A CAMBIOS POR ENTRADAS Y SALIDAS DE PERSONAL | PHN1: * ESTA BASE DE DATOS ESTÁ SUJETA A CAMBIOS POR ENTRADAS Y SALIDAS DE PERSONAL | PHV1: * ESTA BASE DE DATOS ESTÁ SUJETA A CAMBIOS POR ENTRADAS Y SALIDAS DE PERSONAL | PID1: * ESTA BASE DE DATOS ESTÁ SUJETA A CAMBIOS POR ENTRADAS Y SALIDAS DE PERSONAL | PIL1: * ESTA BASE DE DATOS ESTÁ SUJETA A CAMBIOS POR ENTRADAS Y SALIDAS DE PERSONAL | PIT1: * ESTA BASE DE DATOS ESTÁ SUJETA A CAMBIOS POR ENTRADAS Y SALIDAS DE PERSONAL | PJB1: * ESTA BASE DE DATOS ESTÁ SUJETA A CAMBIOS POR ENTRADAS Y SALIDAS DE PERSONAL | PJJ1: * ESTA BASE DE DATOS ESTÁ SUJETA A CAMBIOS POR ENTRADAS Y SALIDAS DE PERSONAL | PJR1: * ESTA BASE DE DATOS ESTÁ SUJETA A CAMBIOS POR ENTRADAS Y SALIDAS DE PERSONAL | PJZ1: * ESTA BASE DE DATOS ESTÁ SUJETA A CAMBIOS POR ENTRADAS Y SALIDAS DE PERSONAL | PKH1: * ESTA BASE DE DATOS ESTÁ SUJETA A CAMBIOS POR ENTRADAS Y SALIDAS DE PERSONAL | PKP1: * ESTA BASE DE DATOS ESTÁ SUJETA A CAMBIOS POR ENTRADAS Y SALIDAS DE PERSONAL | PKX1: * ESTA BASE DE DATOS ESTÁ SUJETA A CAMBIOS POR ENTRADAS Y SALIDAS DE PERSONAL | PLF1: * ESTA BASE DE DATOS ESTÁ SUJETA A CAMBIOS POR ENTRADAS Y SALIDAS DE PERSONAL | PLN1: * ESTA BASE DE DATOS ESTÁ SUJETA A CAMBIOS POR ENTRADAS Y SALIDAS DE PERSONAL | PLV1: * ESTA BASE DE DATOS ESTÁ SUJETA A CAMBIOS POR ENTRADAS Y SALIDAS DE PERSONAL | PMD1: * ESTA BASE DE DATOS ESTÁ SUJETA A CAMBIOS POR ENTRADAS Y SALIDAS DE PERSONAL | PML1: * ESTA BASE DE DATOS ESTÁ SUJETA A CAMBIOS POR ENTRADAS Y SALIDAS DE PERSONAL | PMT1: * ESTA BASE DE DATOS ESTÁ SUJETA A CAMBIOS POR ENTRADAS Y SALIDAS DE PERSONAL | PNB1: * ESTA BASE DE DATOS ESTÁ SUJETA A CAMBIOS POR ENTRADAS Y SALIDAS DE PERSONAL | PNJ1: * ESTA BASE DE DATOS ESTÁ SUJETA A CAMBIOS POR ENTRADAS Y SALIDAS DE PERSONAL | PNR1: * ESTA BASE DE DATOS ESTÁ SUJETA A CAMBIOS POR ENTRADAS Y SALIDAS DE PERSONAL | PNZ1: * ESTA BASE DE DATOS ESTÁ SUJETA A CAMBIOS POR ENTRADAS Y SALIDAS DE PERSONAL | POH1: * ESTA BASE DE DATOS ESTÁ SUJETA A CAMBIOS POR ENTRADAS Y SALIDAS DE PERSONAL | POP1: * ESTA BASE DE DATOS ESTÁ SUJETA A CAMBIOS POR ENTRADAS Y SALIDAS DE PERSONAL | POX1: * ESTA BASE DE DATOS ESTÁ SUJETA A CAMBIOS POR ENTRADAS Y SALIDAS DE PERSONAL | PPF1: * ESTA BASE DE DATOS ESTÁ SUJETA A CAMBIOS POR ENTRADAS Y SALIDAS DE PERSONAL | PPN1: * ESTA BASE DE DATOS ESTÁ SUJETA A CAMBIOS POR ENTRADAS Y SALIDAS DE PERSONAL | PPV1: * ESTA BASE DE DATOS ESTÁ SUJETA A CAMBIOS POR ENTRADAS Y SALIDAS DE PERSONAL | PQD1: * ESTA BASE DE DATOS ESTÁ SUJETA A CAMBIOS POR ENTRADAS Y SALIDAS DE PERSONAL | PQL1: * ESTA BASE DE DATOS ESTÁ SUJETA A CAMBIOS POR ENTRADAS Y SALIDAS DE PERSONAL | PQT1: * ESTA BASE DE DATOS ESTÁ SUJETA A CAMBIOS POR ENTRADAS Y SALIDAS DE PERSONAL | PRB1: * ESTA BASE DE DATOS ESTÁ SUJETA A CAMBIOS POR ENTRADAS Y SALIDAS DE PERSONAL | PRJ1: * ESTA BASE DE DATOS ESTÁ SUJETA A CAMBIOS POR ENTRADAS Y SALIDAS DE PERSONAL | PRR1: * ESTA BASE DE DATOS ESTÁ SUJETA A CAMBIOS POR ENTRADAS Y SALIDAS DE PERSONAL | PRZ1: * ESTA BASE DE DATOS ESTÁ SUJETA A CAMBIOS POR ENTRADAS Y SALIDAS DE PERSONAL | PSH1: * ESTA BASE DE DATOS ESTÁ SUJETA A CAMBIOS POR ENTRADAS Y SALIDAS DE PERSONAL | PSP1: * ESTA BASE DE DATOS ESTÁ SUJETA A CAMBIOS POR ENTRADAS Y SALIDAS DE PERSONAL | PSX1: * ESTA BASE DE DATOS ESTÁ SUJETA A CAMBIOS POR ENTRADAS Y SALIDAS DE PERSONAL | PTF1: * ESTA BASE DE DATOS ESTÁ SUJETA A CAMBIOS POR ENTRADAS Y SALIDAS DE PERSONAL | PTN1: * ESTA BASE DE DATOS ESTÁ SUJETA A CAMBIOS POR ENTRADAS Y SALIDAS DE PERSONAL | PTV1: * ESTA BASE DE DATOS ESTÁ SUJETA A CAMBIOS POR ENTRADAS Y SALIDAS DE PERSONAL | PUD1: * ESTA BASE DE DATOS ESTÁ SUJETA A CAMBIOS POR ENTRADAS Y SALIDAS DE PERSONAL | PUL1: * ESTA BASE DE DATOS ESTÁ SUJETA A CAMBIOS POR ENTRADAS Y SALIDAS DE PERSONAL | PUT1: * ESTA BASE DE DATOS ESTÁ SUJETA A CAMBIOS POR ENTRADAS Y SALIDAS DE PERSONAL | PVB1: * ESTA BASE DE DATOS ESTÁ SUJETA A CAMBIOS POR ENTRADAS Y SALIDAS DE PERSONAL | PVJ1: * ESTA BASE DE DATOS ESTÁ SUJETA A CAMBIOS POR ENTRADAS Y SALIDAS DE PERSONAL | PVR1: * ESTA BASE DE DATOS ESTÁ SUJETA A CAMBIOS POR ENTRADAS Y SALIDAS DE PERSONAL | PVZ1: * ESTA BASE DE DATOS ESTÁ SUJETA A CAMBIOS POR ENTRADAS Y SALIDAS DE PERSONAL | PWH1: * ESTA BASE DE DATOS ESTÁ SUJETA A CAMBIOS POR ENTRADAS Y SALIDAS DE PERSONAL | PWP1: * ESTA BASE DE DATOS ESTÁ SUJETA A CAMBIOS POR ENTRADAS Y SALIDAS DE PERSONAL | PWX1: * ESTA BASE DE DATOS ESTÁ SUJETA A CAMBIOS POR ENTRADAS Y SALIDAS DE PERSONAL | PXF1: * ESTA BASE DE DATOS ESTÁ SUJETA A CAMBIOS POR ENTRADAS Y SALIDAS DE PERSONAL | PXN1: * ESTA BASE DE DATOS ESTÁ SUJETA A CAMBIOS POR ENTRADAS Y SALIDAS DE PERSONAL | PXV1: * ESTA BASE DE DATOS ESTÁ SUJETA A CAMBIOS POR ENTRADAS Y SALIDAS DE PERSONAL | PYD1: * ESTA BASE DE DATOS ESTÁ SUJETA A CAMBIOS POR ENTRADAS Y SALIDAS DE PERSONAL | PYL1: * ESTA BASE DE DATOS ESTÁ SUJETA A CAMBIOS POR ENTRADAS Y SALIDAS DE PERSONAL | PYT1: * ESTA BASE DE DATOS ESTÁ SUJETA A CAMBIOS POR ENTRADAS Y SALIDAS DE PERSONAL | PZB1: * ESTA BASE DE DATOS ESTÁ SUJETA A CAMBIOS POR ENTRADAS Y SALIDAS DE PERSONAL | PZJ1: * ESTA BASE DE DATOS ESTÁ SUJETA A CAMBIOS POR ENTRADAS Y SALIDAS DE PERSONAL | PZR1: * ESTA BASE DE DATOS ESTÁ SUJETA A CAMBIOS POR ENTRADAS Y SALIDAS DE PERSONAL | PZZ1: * ESTA BASE DE DATOS ESTÁ SUJETA A CAMBIOS POR ENTRADAS Y SALIDAS DE PERSONAL | QAH1: * ESTA BASE DE DATOS ESTÁ SUJETA A CAMBIOS POR ENTRADAS Y SALIDAS DE PERSONAL | QAP1: * ESTA BASE DE DATOS ESTÁ SUJETA A CAMBIOS POR ENTRADAS Y SALIDAS DE PERSONAL | QAX1: * ESTA BASE DE DATOS ESTÁ SUJETA A CAMBIOS POR ENTRADAS Y SALIDAS DE PERSONAL | QBF1: * ESTA BASE DE DATOS ESTÁ SUJETA A CAMBIOS POR ENTRADAS Y SALIDAS DE PERSONAL | QBN1: * ESTA BASE DE DATOS ESTÁ SUJETA A CAMBIOS POR ENTRADAS Y SALIDAS DE PERSONAL | QBV1: * ESTA BASE DE DATOS ESTÁ SUJETA A CAMBIOS POR ENTRADAS Y SALIDAS DE PERSONAL | QCD1: * ESTA BASE DE DATOS ESTÁ SUJETA A CAMBIOS POR ENTRADAS Y SALIDAS DE PERSONAL | QCL1: * ESTA BASE DE DATOS ESTÁ SUJETA A CAMBIOS POR ENTRADAS Y SALIDAS DE PERSONAL | QCT1: * ESTA BASE DE DATOS ESTÁ SUJETA A CAMBIOS POR ENTRADAS Y SALIDAS DE PERSONAL | QDB1: * ESTA BASE DE DATOS ESTÁ SUJETA A CAMBIOS POR ENTRADAS Y SALIDAS DE PERSONAL | QDJ1: * ESTA BASE DE DATOS ESTÁ SUJETA A CAMBIOS POR ENTRADAS Y SALIDAS DE PERSONAL | QDR1: * ESTA BASE DE DATOS ESTÁ SUJETA A CAMBIOS POR ENTRADAS Y SALIDAS DE PERSONAL | QDZ1: * ESTA BASE DE DATOS ESTÁ SUJETA A CAMBIOS POR ENTRADAS Y SALIDAS DE PERSONAL | QEH1: * ESTA BASE DE DATOS ESTÁ SUJETA A CAMBIOS POR ENTRADAS Y SALIDAS DE PERSONAL | QEP1: * ESTA BASE DE DATOS ESTÁ SUJETA A CAMBIOS POR ENTRADAS Y SALIDAS DE PERSONAL | QEX1: * ESTA BASE DE DATOS ESTÁ SUJETA A CAMBIOS POR ENTRADAS Y SALIDAS DE PERSONAL | QFF1: * ESTA BASE DE DATOS ESTÁ SUJETA A CAMBIOS POR ENTRADAS Y SALIDAS DE PERSONAL | QFN1: * ESTA BASE DE DATOS ESTÁ SUJETA A CAMBIOS POR ENTRADAS Y SALIDAS DE PERSONAL | QFV1: * ESTA BASE DE DATOS ESTÁ SUJETA A CAMBIOS POR ENTRADAS Y SALIDAS DE PERSONAL | QGD1: * ESTA BASE DE DATOS ESTÁ SUJETA A CAMBIOS POR ENTRADAS Y SALIDAS DE PERSONAL | QGL1: * ESTA BASE DE DATOS ESTÁ SUJETA A CAMBIOS POR ENTRADAS Y SALIDAS DE PERSONAL | QGT1: * ESTA BASE DE DATOS ESTÁ SUJETA A CAMBIOS POR ENTRADAS Y SALIDAS DE PERSONAL | QHB1: * ESTA BASE DE DATOS ESTÁ SUJETA A CAMBIOS POR ENTRADAS Y SALIDAS DE PERSONAL | QHJ1: * ESTA BASE DE DATOS ESTÁ SUJETA A CAMBIOS POR ENTRADAS Y SALIDAS DE PERSONAL | QHR1: * ESTA BASE DE DATOS ESTÁ SUJETA A CAMBIOS POR ENTRADAS Y SALIDAS DE PERSONAL | QHZ1: * ESTA BASE DE DATOS ESTÁ SUJETA A CAMBIOS POR ENTRADAS Y SALIDAS DE PERSONAL | QIH1: * ESTA BASE DE DATOS ESTÁ SUJETA A CAMBIOS POR ENTRADAS Y SALIDAS DE PERSONAL | QIP1: * ESTA BASE DE DATOS ESTÁ SUJETA A CAMBIOS POR ENTRADAS Y SALIDAS DE PERSONAL | QIX1: * ESTA BASE DE DATOS ESTÁ SUJETA A CAMBIOS POR ENTRADAS Y SALIDAS DE PERSONAL | QJF1: * ESTA BASE DE DATOS ESTÁ SUJETA A CAMBIOS POR ENTRADAS Y SALIDAS DE PERSONAL | QJN1: * ESTA BASE DE DATOS ESTÁ SUJETA A CAMBIOS POR ENTRADAS Y SALIDAS DE PERSONAL | QJV1: * ESTA BASE DE DATOS ESTÁ SUJETA A CAMBIOS POR ENTRADAS Y SALIDAS DE PERSONAL | QKD1: * ESTA BASE DE DATOS ESTÁ SUJETA A CAMBIOS POR ENTRADAS Y SALIDAS DE PERSONAL | QKL1: * ESTA BASE DE DATOS ESTÁ SUJETA A CAMBIOS POR ENTRADAS Y SALIDAS DE PERSONAL | QKT1: * ESTA BASE DE DATOS ESTÁ SUJETA A CAMBIOS POR ENTRADAS Y SALIDAS DE PERSONAL | QLB1: * ESTA BASE DE DATOS ESTÁ SUJETA A CAMBIOS POR ENTRADAS Y SALIDAS DE PERSONAL | QLJ1: * ESTA BASE DE DATOS ESTÁ SUJETA A CAMBIOS POR ENTRADAS Y SALIDAS DE PERSONAL | QLR1: * ESTA BASE DE DATOS ESTÁ SUJETA A CAMBIOS POR ENTRADAS Y SALIDAS DE PERSONAL | QLZ1: * ESTA BASE DE DATOS ESTÁ SUJETA A CAMBIOS POR ENTRADAS Y SALIDAS DE PERSONAL | QMH1: * ESTA BASE DE DATOS ESTÁ SUJETA A CAMBIOS POR ENTRADAS Y SALIDAS DE PERSONAL | QMP1: * ESTA BASE DE DATOS ESTÁ SUJETA A CAMBIOS POR ENTRADAS Y SALIDAS DE PERSONAL | QMX1: * ESTA BASE DE DATOS ESTÁ SUJETA A CAMBIOS POR ENTRADAS Y SALIDAS DE PERSONAL | QNF1: * ESTA BASE DE DATOS ESTÁ SUJETA A CAMBIOS POR ENTRADAS Y SALIDAS DE PERSONAL | QNN1: * ESTA BASE DE DATOS ESTÁ SUJETA A CAMBIOS POR ENTRADAS Y SALIDAS DE PERSONAL | QNV1: * ESTA BASE DE DATOS ESTÁ SUJETA A CAMBIOS POR ENTRADAS Y SALIDAS DE PERSONAL | QOD1: * ESTA BASE DE DATOS ESTÁ SUJETA A CAMBIOS POR ENTRADAS Y SALIDAS DE PERSONAL | QOL1: * ESTA BASE DE DATOS ESTÁ SUJETA A CAMBIOS POR ENTRADAS Y SALIDAS DE PERSONAL | QOT1: * ESTA BASE DE DATOS ESTÁ SUJETA A CAMBIOS POR ENTRADAS Y SALIDAS DE PERSONAL | QPB1: * ESTA BASE DE DATOS ESTÁ SUJETA A CAMBIOS POR ENTRADAS Y SALIDAS DE PERSONAL | QPJ1: * ESTA BASE DE DATOS ESTÁ SUJETA A CAMBIOS POR ENTRADAS Y SALIDAS DE PERSONAL | QPR1: * ESTA BASE DE DATOS ESTÁ SUJETA A CAMBIOS POR ENTRADAS Y SALIDAS DE PERSONAL | QPZ1: * ESTA BASE DE DATOS ESTÁ SUJETA A CAMBIOS POR ENTRADAS Y SALIDAS DE PERSONAL | QQH1: * ESTA BASE DE DATOS ESTÁ SUJETA A CAMBIOS POR ENTRADAS Y SALIDAS DE PERSONAL | QQP1: * ESTA BASE DE DATOS ESTÁ SUJETA A CAMBIOS POR ENTRADAS Y SALIDAS DE PERSONAL | QQX1: * ESTA BASE DE DATOS ESTÁ SUJETA A CAMBIOS POR ENTRADAS Y SALIDAS DE PERSONAL | QRF1: * ESTA BASE DE DATOS ESTÁ SUJETA A CAMBIOS POR ENTRADAS Y SALIDAS DE PERSONAL | QRN1: * ESTA BASE DE DATOS ESTÁ SUJETA A CAMBIOS POR ENTRADAS Y SALIDAS DE PERSONAL | QRV1: * ESTA BASE DE DATOS ESTÁ SUJETA A CAMBIOS POR ENTRADAS Y SALIDAS DE PERSONAL | QSD1: * ESTA BASE DE DATOS ESTÁ SUJETA A CAMBIOS POR ENTRADAS Y SALIDAS DE PERSONAL | QSL1: * ESTA BASE DE DATOS ESTÁ SUJETA A CAMBIOS POR ENTRADAS Y SALIDAS DE PERSONAL | QST1: * ESTA BASE DE DATOS ESTÁ SUJETA A CAMBIOS POR ENTRADAS Y SALIDAS DE PERSONAL | QTB1: * ESTA BASE DE DATOS ESTÁ SUJETA A CAMBIOS POR ENTRADAS Y SALIDAS DE PERSONAL | QTJ1: * ESTA BASE DE DATOS ESTÁ SUJETA A CAMBIOS POR ENTRADAS Y SALIDAS DE PERSONAL | QTR1: * ESTA BASE DE DATOS ESTÁ SUJETA A CAMBIOS POR ENTRADAS Y SALIDAS DE PERSONAL | QTZ1: * ESTA BASE DE DATOS ESTÁ SUJETA A CAMBIOS POR ENTRADAS Y SALIDAS DE PERSONAL | QUH1: * ESTA BASE DE DATOS ESTÁ SUJETA A CAMBIOS POR ENTRADAS Y SALIDAS DE PERSONAL | QUP1: * ESTA BASE DE DATOS ESTÁ SUJETA A CAMBIOS POR ENTRADAS Y SALIDAS DE PERSONAL | QUX1: * ESTA BASE DE DATOS ESTÁ SUJETA A CAMBIOS POR ENTRADAS Y SALIDAS DE PERSONAL | QVF1: * ESTA BASE DE DATOS ESTÁ SUJETA A CAMBIOS POR ENTRADAS Y SALIDAS DE PERSONAL | QVN1: * ESTA BASE DE DATOS ESTÁ SUJETA A CAMBIOS POR ENTRADAS Y SALIDAS DE PERSONAL | QVV1: * ESTA BASE DE DATOS ESTÁ SUJETA A CAMBIOS POR ENTRADAS Y SALIDAS DE PERSONAL | QWD1: * ESTA BASE DE DATOS ESTÁ SUJETA A CAMBIOS POR ENTRADAS Y SALIDAS DE PERSONAL | QWL1: * ESTA BASE DE DATOS ESTÁ SUJETA A CAMBIOS POR ENTRADAS Y SALIDAS DE PERSONAL | QWT1: * ESTA BASE DE DATOS ESTÁ SUJETA A CAMBIOS POR ENTRADAS Y SALIDAS DE PERSONAL | QXB1: * ESTA BASE DE DATOS ESTÁ SUJETA A CAMBIOS POR ENTRADAS Y SALIDAS DE PERSONAL | QXJ1: * ESTA BASE DE DATOS ESTÁ SUJETA A CAMBIOS POR ENTRADAS Y SALIDAS DE PERSONAL | QXR1: * ESTA BASE DE DATOS ESTÁ SUJETA A CAMBIOS POR ENTRADAS Y SALIDAS DE PERSONAL | QXZ1: * ESTA BASE DE DATOS ESTÁ SUJETA A CAMBIOS POR ENTRADAS Y SALIDAS DE PERSONAL | QYH1: * ESTA BASE DE DATOS ESTÁ SUJETA A CAMBIOS POR ENTRADAS Y SALIDAS DE PERSONAL | QYP1: * ESTA BASE DE DATOS ESTÁ SUJETA A CAMBIOS POR ENTRADAS Y SALIDAS DE PERSONAL | QYX1: * ESTA BASE DE DATOS ESTÁ SUJETA A CAMBIOS POR ENTRADAS Y SALIDAS DE PERSONAL | QZF1: * ESTA BASE DE DATOS ESTÁ SUJETA A CAMBIOS POR ENTRADAS Y SALIDAS DE PERSONAL | QZN1: * ESTA BASE DE DATOS ESTÁ SUJETA A CAMBIOS POR ENTRADAS Y SALIDAS DE PERSONAL | QZV1: * ESTA BASE DE DATOS ESTÁ SUJETA A CAMBIOS POR ENTRADAS Y SALIDAS DE PERSONAL | RAD1: * ESTA BASE DE DATOS ESTÁ SUJETA A CAMBIOS POR ENTRADAS Y SALIDAS DE PERSONAL | RAL1: * ESTA BASE DE DATOS ESTÁ SUJETA A CAMBIOS POR ENTRADAS Y SALIDAS DE PERSONAL | RAT1: * ESTA BASE DE DATOS ESTÁ SUJETA A CAMBIOS POR ENTRADAS Y SALIDAS DE PERSONAL | RBB1: * ESTA BASE DE DATOS ESTÁ SUJETA A CAMBIOS POR ENTRADAS Y SALIDAS DE PERSONAL | RBJ1: * ESTA BASE DE DATOS ESTÁ SUJETA A CAMBIOS POR ENTRADAS Y SALIDAS DE PERSONAL | RBR1: * ESTA BASE DE DATOS ESTÁ SUJETA A CAMBIOS POR ENTRADAS Y SALIDAS DE PERSONAL | RBZ1: * ESTA BASE DE DATOS ESTÁ SUJETA A CAMBIOS POR ENTRADAS Y SALIDAS DE PERSONAL | RCH1: * ESTA BASE DE DATOS ESTÁ SUJETA A CAMBIOS POR ENTRADAS Y SALIDAS DE PERSONAL | RCP1: * ESTA BASE DE DATOS ESTÁ SUJETA A CAMBIOS POR ENTRADAS Y SALIDAS DE PERSONAL | RCX1: * ESTA BASE DE DATOS ESTÁ SUJETA A CAMBIOS POR ENTRADAS Y SALIDAS DE PERSONAL | RDF1: * ESTA BASE DE DATOS ESTÁ SUJETA A CAMBIOS POR ENTRADAS Y SALIDAS DE PERSONAL | RDN1: * ESTA BASE DE DATOS ESTÁ SUJETA A CAMBIOS POR ENTRADAS Y SALIDAS DE PERSONAL | RDV1: * ESTA BASE DE DATOS ESTÁ SUJETA A CAMBIOS POR ENTRADAS Y SALIDAS DE PERSONAL | RED1: * ESTA BASE DE DATOS ESTÁ SUJETA A CAMBIOS POR ENTRADAS Y SALIDAS DE PERSONAL | REL1: * ESTA BASE DE DATOS ESTÁ SUJETA A CAMBIOS POR ENTRADAS Y SALIDAS DE PERSONAL | RET1: * ESTA BASE DE DATOS ESTÁ SUJETA A CAMBIOS POR ENTRADAS Y SALIDAS DE PERSONAL | RFB1: * ESTA BASE DE DATOS ESTÁ SUJETA A CAMBIOS POR ENTRADAS Y SALIDAS DE PERSONAL | RFJ1: * ESTA BASE DE DATOS ESTÁ SUJETA A CAMBIOS POR ENTRADAS Y SALIDAS DE PERSONAL | RFR1: * ESTA BASE DE DATOS ESTÁ SUJETA A CAMBIOS POR ENTRADAS Y SALIDAS DE PERSONAL | RFZ1: * ESTA BASE DE DATOS ESTÁ SUJETA A CAMBIOS POR ENTRADAS Y SALIDAS DE PERSONAL | RGH1: * ESTA BASE DE DATOS ESTÁ SUJETA A CAMBIOS POR ENTRADAS Y SALIDAS DE PERSONAL | RGP1: * ESTA BASE DE DATOS ESTÁ SUJETA A CAMBIOS POR ENTRADAS Y SALIDAS DE PERSONAL | RGX1: * ESTA BASE DE DATOS ESTÁ SUJETA A CAMBIOS POR ENTRADAS Y SALIDAS DE PERSONAL | RHF1: * ESTA BASE DE DATOS ESTÁ SUJETA A CAMBIOS POR ENTRADAS Y SALIDAS DE PERSONAL | RHN1: * ESTA BASE DE DATOS ESTÁ SUJETA A CAMBIOS POR ENTRADAS Y SALIDAS DE PERSONAL | RHV1: * ESTA BASE DE DATOS ESTÁ SUJETA A CAMBIOS POR ENTRADAS Y SALIDAS DE PERSONAL | RID1: * ESTA BASE DE DATOS ESTÁ SUJETA A CAMBIOS POR ENTRADAS Y SALIDAS DE PERSONAL | RIL1: * ESTA BASE DE DATOS ESTÁ SUJETA A CAMBIOS POR ENTRADAS Y SALIDAS DE PERSONAL | RIT1: * ESTA BASE DE DATOS ESTÁ SUJETA A CAMBIOS POR ENTRADAS Y SALIDAS DE PERSONAL | RJB1: * ESTA BASE DE DATOS ESTÁ SUJETA A CAMBIOS POR ENTRADAS Y SALIDAS DE PERSONAL | RJJ1: * ESTA BASE DE DATOS ESTÁ SUJETA A CAMBIOS POR ENTRADAS Y SALIDAS DE PERSONAL | RJR1: * ESTA BASE DE DATOS ESTÁ SUJETA A CAMBIOS POR ENTRADAS Y SALIDAS DE PERSONAL | RJZ1: * ESTA BASE DE DATOS ESTÁ SUJETA A CAMBIOS POR ENTRADAS Y SALIDAS DE PERSONAL | RKH1: * ESTA BASE DE DATOS ESTÁ SUJETA A CAMBIOS POR ENTRADAS Y SALIDAS DE PERSONAL | RKP1: * ESTA BASE DE DATOS ESTÁ SUJETA A CAMBIOS POR ENTRADAS Y SALIDAS DE PERSONAL | RKX1: * ESTA BASE DE DATOS ESTÁ SUJETA A CAMBIOS POR ENTRADAS Y SALIDAS DE PERSONAL | RLF1: * ESTA BASE DE DATOS ESTÁ SUJETA A CAMBIOS POR ENTRADAS Y SALIDAS DE PERSONAL | RLN1: * ESTA BASE DE DATOS ESTÁ SUJETA A CAMBIOS POR ENTRADAS Y SALIDAS DE PERSONAL | RLV1: * ESTA BASE DE DATOS ESTÁ SUJETA A CAMBIOS POR ENTRADAS Y SALIDAS DE PERSONAL | RMD1: * ESTA BASE DE DATOS ESTÁ SUJETA A CAMBIOS POR ENTRADAS Y SALIDAS DE PERSONAL | RML1: * ESTA BASE DE DATOS ESTÁ SUJETA A CAMBIOS POR ENTRADAS Y SALIDAS DE PERSONAL | RMT1: * ESTA BASE DE DATOS ESTÁ SUJETA A CAMBIOS POR ENTRADAS Y SALIDAS DE PERSONAL | RNB1: * ESTA BASE DE DATOS ESTÁ SUJETA A CAMBIOS POR ENTRADAS Y SALIDAS DE PERSONAL | RNJ1: * ESTA BASE DE DATOS ESTÁ SUJETA A CAMBIOS POR ENTRADAS Y SALIDAS DE PERSONAL | RNR1: * ESTA BASE DE DATOS ESTÁ SUJETA A CAMBIOS POR ENTRADAS Y SALIDAS DE PERSONAL | RNZ1: * ESTA BASE DE DATOS ESTÁ SUJETA A CAMBIOS POR ENTRADAS Y SALIDAS DE PERSONAL | ROH1: * ESTA BASE DE DATOS ESTÁ SUJETA A CAMBIOS POR ENTRADAS Y SALIDAS DE PERSONAL | ROP1: * ESTA BASE DE DATOS ESTÁ SUJETA A CAMBIOS POR ENTRADAS Y SALIDAS DE PERSONAL | ROX1: * ESTA BASE DE DATOS ESTÁ SUJETA A CAMBIOS POR ENTRADAS Y SALIDAS DE PERSONAL | RPF1: * ESTA BASE DE DATOS ESTÁ SUJETA A CAMBIOS POR ENTRADAS Y SALIDAS DE PERSONAL | RPN1: * ESTA BASE DE DATOS ESTÁ SUJETA A CAMBIOS POR ENTRADAS Y SALIDAS DE PERSONAL | RPV1: * ESTA BASE DE DATOS ESTÁ SUJETA A CAMBIOS POR ENTRADAS Y SALIDAS DE PERSONAL | RQD1: * ESTA BASE DE DATOS ESTÁ SUJETA A CAMBIOS POR ENTRADAS Y SALIDAS DE PERSONAL | RQL1: * ESTA BASE DE DATOS ESTÁ SUJETA A CAMBIOS POR ENTRADAS Y SALIDAS DE PERSONAL | RQT1: * ESTA BASE DE DATOS ESTÁ SUJETA A CAMBIOS POR ENTRADAS Y SALIDAS DE PERSONAL | RRB1: * ESTA BASE DE DATOS ESTÁ SUJETA A CAMBIOS POR ENTRADAS Y SALIDAS DE PERSONAL | RRJ1: * ESTA BASE DE DATOS ESTÁ SUJETA A CAMBIOS POR ENTRADAS Y SALIDAS DE PERSONAL | RRR1: * ESTA BASE DE DATOS ESTÁ SUJETA A CAMBIOS POR ENTRADAS Y SALIDAS DE PERSONAL | RRZ1: * ESTA BASE DE DATOS ESTÁ SUJETA A CAMBIOS POR ENTRADAS Y SALIDAS DE PERSONAL | RSH1: * ESTA BASE DE DATOS ESTÁ SUJETA A CAMBIOS POR ENTRADAS Y SALIDAS DE PERSONAL | RSP1: * ESTA BASE DE DATOS ESTÁ SUJETA A CAMBIOS POR ENTRADAS Y SALIDAS DE PERSONAL | RSX1: * ESTA BASE DE DATOS ESTÁ SUJETA A CAMBIOS POR ENTRADAS Y SALIDAS DE PERSONAL | RTF1: * ESTA BASE DE DATOS ESTÁ SUJETA A CAMBIOS POR ENTRADAS Y SALIDAS DE PERSONAL | RTN1: * ESTA BASE DE DATOS ESTÁ SUJETA A CAMBIOS POR ENTRADAS Y SALIDAS DE PERSONAL | RTV1: * ESTA BASE DE DATOS ESTÁ SUJETA A CAMBIOS POR ENTRADAS Y SALIDAS DE PERSONAL | RUD1: * ESTA BASE DE DATOS ESTÁ SUJETA A CAMBIOS POR ENTRADAS Y SALIDAS DE PERSONAL | RUL1: * ESTA BASE DE DATOS ESTÁ SUJETA A CAMBIOS POR ENTRADAS Y SALIDAS DE PERSONAL | RUT1: * ESTA BASE DE DATOS ESTÁ SUJETA A CAMBIOS POR ENTRADAS Y SALIDAS DE PERSONAL | RVB1: * ESTA BASE DE DATOS ESTÁ SUJETA A CAMBIOS POR ENTRADAS Y SALIDAS DE PERSONAL | RVJ1: * ESTA BASE DE DATOS ESTÁ SUJETA A CAMBIOS POR ENTRADAS Y SALIDAS DE PERSONAL | RVR1: * ESTA BASE DE DATOS ESTÁ SUJETA A CAMBIOS POR ENTRADAS Y SALIDAS DE PERSONAL | RVZ1: * ESTA BASE DE DATOS ESTÁ SUJETA A CAMBIOS POR ENTRADAS Y SALIDAS DE PERSONAL | RWH1: * ESTA BASE DE DATOS ESTÁ SUJETA A CAMBIOS POR ENTRADAS Y SALIDAS DE PERSONAL | RWP1: * ESTA BASE DE DATOS ESTÁ SUJETA A CAMBIOS POR ENTRADAS Y SALIDAS DE PERSONAL | RWX1: * ESTA BASE DE DATOS ESTÁ SUJETA A CAMBIOS POR ENTRADAS Y SALIDAS DE PERSONAL | RXF1: * ESTA BASE DE DATOS ESTÁ SUJETA A CAMBIOS POR ENTRADAS Y SALIDAS DE PERSONAL | RXN1: * ESTA BASE DE DATOS ESTÁ SUJETA A CAMBIOS POR ENTRADAS Y SALIDAS DE PERSONAL | RXV1: * ESTA BASE DE DATOS ESTÁ SUJETA A CAMBIOS POR ENTRADAS Y SALIDAS DE PERSONAL | RYD1: * ESTA BASE DE DATOS ESTÁ SUJETA A CAMBIOS POR ENTRADAS Y SALIDAS DE PERSONAL | RYL1: * ESTA BASE DE DATOS ESTÁ SUJETA A CAMBIOS POR ENTRADAS Y SALIDAS DE PERSONAL | RYT1: * ESTA BASE DE DATOS ESTÁ SUJETA A CAMBIOS POR ENTRADAS Y SALIDAS DE PERSONAL | RZB1: * ESTA BASE DE DATOS ESTÁ SUJETA A CAMBIOS POR ENTRADAS Y SALIDAS DE PERSONAL | RZJ1: * ESTA BASE DE DATOS ESTÁ SUJETA A CAMBIOS POR ENTRADAS Y SALIDAS DE PERSONAL | RZR1: * ESTA BASE DE DATOS ESTÁ SUJETA A CAMBIOS POR ENTRADAS Y SALIDAS DE PERSONAL | RZZ1: * ESTA BASE DE DATOS ESTÁ SUJETA A CAMBIOS POR ENTRADAS Y SALIDAS DE PERSONAL | SAH1: * ESTA BASE DE DATOS ESTÁ SUJETA A CAMBIOS POR ENTRADAS Y SALIDAS DE PERSONAL | SAP1: * ESTA BASE DE DATOS ESTÁ SUJETA A CAMBIOS POR ENTRADAS Y SALIDAS DE PERSONAL | SAX1: * ESTA BASE DE DATOS ESTÁ SUJETA A CAMBIOS POR ENTRADAS Y SALIDAS DE PERSONAL | SBF1: * ESTA BASE DE DATOS ESTÁ SUJETA A CAMBIOS POR ENTRADAS Y SALIDAS DE PERSONAL | SBN1: * ESTA BASE DE DATOS ESTÁ SUJETA A CAMBIOS POR ENTRADAS Y SALIDAS DE PERSONAL | SBV1: * ESTA BASE DE DATOS ESTÁ SUJETA A CAMBIOS POR ENTRADAS Y SALIDAS DE PERSONAL | SCD1: * ESTA BASE DE DATOS ESTÁ SUJETA A CAMBIOS POR ENTRADAS Y SALIDAS DE PERSONAL | SCL1: * ESTA BASE DE DATOS ESTÁ SUJETA A CAMBIOS POR ENTRADAS Y SALIDAS DE PERSONAL | SCT1: * ESTA BASE DE DATOS ESTÁ SUJETA A CAMBIOS POR ENTRADAS Y SALIDAS DE PERSONAL | SDB1: * ESTA BASE DE DATOS ESTÁ SUJETA A CAMBIOS POR ENTRADAS Y SALIDAS DE PERSONAL | SDJ1: * ESTA BASE DE DATOS ESTÁ SUJETA A CAMBIOS POR ENTRADAS Y SALIDAS DE PERSONAL | SDR1: * ESTA BASE DE DATOS ESTÁ SUJETA A CAMBIOS POR ENTRADAS Y SALIDAS DE PERSONAL | SDZ1: * ESTA BASE DE DATOS ESTÁ SUJETA A CAMBIOS POR ENTRADAS Y SALIDAS DE PERSONAL | SEH1: * ESTA BASE DE DATOS ESTÁ SUJETA A CAMBIOS POR ENTRADAS Y SALIDAS DE PERSONAL | SEP1: * ESTA BASE DE DATOS ESTÁ SUJETA A CAMBIOS POR ENTRADAS Y SALIDAS DE PERSONAL | SEX1: * ESTA BASE DE DATOS ESTÁ SUJETA A CAMBIOS POR ENTRADAS Y SALIDAS DE PERSONAL | SFF1: * ESTA BASE DE DATOS ESTÁ SUJETA A CAMBIOS POR ENTRADAS Y SALIDAS DE PERSONAL | SFN1: * ESTA BASE DE DATOS ESTÁ SUJETA A CAMBIOS POR ENTRADAS Y SALIDAS DE PERSONAL | SFV1: * ESTA BASE DE DATOS ESTÁ SUJETA A CAMBIOS POR ENTRADAS Y SALIDAS DE PERSONAL | SGD1: * ESTA BASE DE DATOS ESTÁ SUJETA A CAMBIOS POR ENTRADAS Y SALIDAS DE PERSONAL | SGL1: * ESTA BASE DE DATOS ESTÁ SUJETA A CAMBIOS POR ENTRADAS Y SALIDAS DE PERSONAL | SGT1: * ESTA BASE DE DATOS ESTÁ SUJETA A CAMBIOS POR ENTRADAS Y SALIDAS DE PERSONAL | SHB1: * ESTA BASE DE DATOS ESTÁ SUJETA A CAMBIOS POR ENTRADAS Y SALIDAS DE PERSONAL | SHJ1: * ESTA BASE DE DATOS ESTÁ SUJETA A CAMBIOS POR ENTRADAS Y SALIDAS DE PERSONAL | SHR1: * ESTA BASE DE DATOS ESTÁ SUJETA A CAMBIOS POR ENTRADAS Y SALIDAS DE PERSONAL | SHZ1: * ESTA BASE DE DATOS ESTÁ SUJETA A CAMBIOS POR ENTRADAS Y SALIDAS DE PERSONAL | SIH1: * ESTA BASE DE DATOS ESTÁ SUJETA A CAMBIOS POR ENTRADAS Y SALIDAS DE PERSONAL | SIP1: * ESTA BASE DE DATOS ESTÁ SUJETA A CAMBIOS POR ENTRADAS Y SALIDAS DE PERSONAL | SIX1: * ESTA BASE DE DATOS ESTÁ SUJETA A CAMBIOS POR ENTRADAS Y SALIDAS DE PERSONAL | SJF1: * ESTA BASE DE DATOS ESTÁ SUJETA A CAMBIOS POR ENTRADAS Y SALIDAS DE PERSONAL | SJN1: * ESTA BASE DE DATOS ESTÁ SUJETA A CAMBIOS POR ENTRADAS Y SALIDAS DE PERSONAL | SJV1: * ESTA BASE DE DATOS ESTÁ SUJETA A CAMBIOS POR ENTRADAS Y SALIDAS DE PERSONAL | SKD1: * ESTA BASE DE DATOS ESTÁ SUJETA A CAMBIOS POR ENTRADAS Y SALIDAS DE PERSONAL | SKL1: * ESTA BASE DE DATOS ESTÁ SUJETA A CAMBIOS POR ENTRADAS Y SALIDAS DE PERSONAL | SKT1: * ESTA BASE DE DATOS ESTÁ SUJETA A CAMBIOS POR ENTRADAS Y SALIDAS DE PERSONAL | SLB1: * ESTA BASE DE DATOS ESTÁ SUJETA A CAMBIOS POR ENTRADAS Y SALIDAS DE PERSONAL | SLJ1: * ESTA BASE DE DATOS ESTÁ SUJETA A CAMBIOS POR ENTRADAS Y SALIDAS DE PERSONAL | SLR1: * ESTA BASE DE DATOS ESTÁ SUJETA A CAMBIOS POR ENTRADAS Y SALIDAS DE PERSONAL | SLZ1: * ESTA BASE DE DATOS ESTÁ SUJETA A CAMBIOS POR ENTRADAS Y SALIDAS DE PERSONAL | SMH1: * ESTA BASE DE DATOS ESTÁ SUJETA A CAMBIOS POR ENTRADAS Y SALIDAS DE PERSONAL | SMP1: * ESTA BASE DE DATOS ESTÁ SUJETA A CAMBIOS POR ENTRADAS Y SALIDAS DE PERSONAL | SMX1: * ESTA BASE DE DATOS ESTÁ SUJETA A CAMBIOS POR ENTRADAS Y SALIDAS DE PERSONAL | SNF1: * ESTA BASE DE DATOS ESTÁ SUJETA A CAMBIOS POR ENTRADAS Y SALIDAS DE PERSONAL | SNN1: * ESTA BASE DE DATOS ESTÁ SUJETA A CAMBIOS POR ENTRADAS Y SALIDAS DE PERSONAL | SNV1: * ESTA BASE DE DATOS ESTÁ SUJETA A CAMBIOS POR ENTRADAS Y SALIDAS DE PERSONAL | SOD1: * ESTA BASE DE DATOS ESTÁ SUJETA A CAMBIOS POR ENTRADAS Y SALIDAS DE PERSONAL | SOL1: * ESTA BASE DE DATOS ESTÁ SUJETA A CAMBIOS POR ENTRADAS Y SALIDAS DE PERSONAL | SOT1: * ESTA BASE DE DATOS ESTÁ SUJETA A CAMBIOS POR ENTRADAS Y SALIDAS DE PERSONAL | SPB1: * ESTA BASE DE DATOS ESTÁ SUJETA A CAMBIOS POR ENTRADAS Y SALIDAS DE PERSONAL | SPJ1: * ESTA BASE DE DATOS ESTÁ SUJETA A CAMBIOS POR ENTRADAS Y SALIDAS DE PERSONAL | SPR1: * ESTA BASE DE DATOS ESTÁ SUJETA A CAMBIOS POR ENTRADAS Y SALIDAS DE PERSONAL | SPZ1: * ESTA BASE DE DATOS ESTÁ SUJETA A CAMBIOS POR ENTRADAS Y SALIDAS DE PERSONAL | SQH1: * ESTA BASE DE DATOS ESTÁ SUJETA A CAMBIOS POR ENTRADAS Y SALIDAS DE PERSONAL | SQP1: * ESTA BASE DE DATOS ESTÁ SUJETA A CAMBIOS POR ENTRADAS Y SALIDAS DE PERSONAL | SQX1: * ESTA BASE DE DATOS ESTÁ SUJETA A CAMBIOS POR ENTRADAS Y SALIDAS DE PERSONAL | SRF1: * ESTA BASE DE DATOS ESTÁ SUJETA A CAMBIOS POR ENTRADAS Y SALIDAS DE PERSONAL | SRN1: * ESTA BASE DE DATOS ESTÁ SUJETA A CAMBIOS POR ENTRADAS Y SALIDAS DE PERSONAL | SRV1: * ESTA BASE DE DATOS ESTÁ SUJETA A CAMBIOS POR ENTRADAS Y SALIDAS DE PERSONAL | SSD1: * ESTA BASE DE DATOS ESTÁ SUJETA A CAMBIOS POR ENTRADAS Y SALIDAS DE PERSONAL | SSL1: * ESTA BASE DE DATOS ESTÁ SUJETA A CAMBIOS POR ENTRADAS Y SALIDAS DE PERSONAL | SST1: * ESTA BASE DE DATOS ESTÁ SUJETA A CAMBIOS POR ENTRADAS Y SALIDAS DE PERSONAL | STB1: * ESTA BASE DE DATOS ESTÁ SUJETA A CAMBIOS POR ENTRADAS Y SALIDAS DE PERSONAL | STJ1: * ESTA BASE DE DATOS ESTÁ SUJETA A CAMBIOS POR ENTRADAS Y SALIDAS DE PERSONAL | STR1: * ESTA BASE DE DATOS ESTÁ SUJETA A CAMBIOS POR ENTRADAS Y SALIDAS DE PERSONAL | STZ1: * ESTA BASE DE DATOS ESTÁ SUJETA A CAMBIOS POR ENTRADAS Y SALIDAS DE PERSONAL | SUH1: * ESTA BASE DE DATOS ESTÁ SUJETA A CAMBIOS POR ENTRADAS Y SALIDAS DE PERSONAL | SUP1: * ESTA BASE DE DATOS ESTÁ SUJETA A CAMBIOS POR ENTRADAS Y SALIDAS DE PERSONAL | SUX1: * ESTA BASE DE DATOS ESTÁ SUJETA A CAMBIOS POR ENTRADAS Y SALIDAS DE PERSONAL | SVF1: * ESTA BASE DE DATOS ESTÁ SUJETA A CAMBIOS POR ENTRADAS Y SALIDAS DE PERSONAL | SVN1: * ESTA BASE DE DATOS ESTÁ SUJETA A CAMBIOS POR ENTRADAS Y SALIDAS DE PERSONAL | SVV1: * ESTA BASE DE DATOS ESTÁ SUJETA A CAMBIOS POR ENTRADAS Y SALIDAS DE PERSONAL | SWD1: * ESTA BASE DE DATOS ESTÁ SUJETA A CAMBIOS POR ENTRADAS Y SALIDAS DE PERSONAL | SWL1: * ESTA BASE DE DATOS ESTÁ SUJETA A CAMBIOS POR ENTRADAS Y SALIDAS DE PERSONAL | SWT1: * ESTA BASE DE DATOS ESTÁ SUJETA A CAMBIOS POR ENTRADAS Y SALIDAS DE PERSONAL | SXB1: * ESTA BASE DE DATOS ESTÁ SUJETA A CAMBIOS POR ENTRADAS Y SALIDAS DE PERSONAL | SXJ1: * ESTA BASE DE DATOS ESTÁ SUJETA A CAMBIOS POR ENTRADAS Y SALIDAS DE PERSONAL | SXR1: * ESTA BASE DE DATOS ESTÁ SUJETA A CAMBIOS POR ENTRADAS Y SALIDAS DE PERSONAL | SXZ1: * ESTA BASE DE DATOS ESTÁ SUJETA A CAMBIOS POR ENTRADAS Y SALIDAS DE PERSONAL | SYH1: * ESTA BASE DE DATOS ESTÁ SUJETA A CAMBIOS POR ENTRADAS Y SALIDAS DE PERSONAL | SYP1: * ESTA BASE DE DATOS ESTÁ SUJETA A CAMBIOS POR ENTRADAS Y SALIDAS DE PERSONAL | SYX1: * ESTA BASE DE DATOS ESTÁ SUJETA A CAMBIOS POR ENTRADAS Y SALIDAS DE PERSONAL | SZF1: * ESTA BASE DE DATOS ESTÁ SUJETA A CAMBIOS POR ENTRADAS Y SALIDAS DE PERSONAL | SZN1: * ESTA BASE DE DATOS ESTÁ SUJETA A CAMBIOS POR ENTRADAS Y SALIDAS DE PERSONAL | SZV1: * ESTA BASE DE DATOS ESTÁ SUJETA A CAMBIOS POR ENTRADAS Y SALIDAS DE PERSONAL | TAD1: * ESTA BASE DE DATOS ESTÁ SUJETA A CAMBIOS POR ENTRADAS Y SALIDAS DE PERSONAL | TAL1: * ESTA BASE DE DATOS ESTÁ SUJETA A CAMBIOS POR ENTRADAS Y SALIDAS DE PERSONAL | TAT1: * ESTA BASE DE DATOS ESTÁ SUJETA A CAMBIOS POR ENTRADAS Y SALIDAS DE PERSONAL | TBB1: * ESTA BASE DE DATOS ESTÁ SUJETA A CAMBIOS POR ENTRADAS Y SALIDAS DE PERSONAL | TBJ1: * ESTA BASE DE DATOS ESTÁ SUJETA A CAMBIOS POR ENTRADAS Y SALIDAS DE PERSONAL | TBR1: * ESTA BASE DE DATOS ESTÁ SUJETA A CAMBIOS POR ENTRADAS Y SALIDAS DE PERSONAL | TBZ1: * ESTA BASE DE DATOS ESTÁ SUJETA A CAMBIOS POR ENTRADAS Y SALIDAS DE PERSONAL | TCH1: * ESTA BASE DE DATOS ESTÁ SUJETA A CAMBIOS POR ENTRADAS Y SALIDAS DE PERSONAL | TCP1: * ESTA BASE DE DATOS ESTÁ SUJETA A CAMBIOS POR ENTRADAS Y SALIDAS DE PERSONAL | TCX1: * ESTA BASE DE DATOS ESTÁ SUJETA A CAMBIOS POR ENTRADAS Y SALIDAS DE PERSONAL | TDF1: * ESTA BASE DE DATOS ESTÁ SUJETA A CAMBIOS POR ENTRADAS Y SALIDAS DE PERSONAL | TDN1: * ESTA BASE DE DATOS ESTÁ SUJETA A CAMBIOS POR ENTRADAS Y SALIDAS DE PERSONAL | TDV1: * ESTA BASE DE DATOS ESTÁ SUJETA A CAMBIOS POR ENTRADAS Y SALIDAS DE PERSONAL | TED1: * ESTA BASE DE DATOS ESTÁ SUJETA A CAMBIOS POR ENTRADAS Y SALIDAS DE PERSONAL | TEL1: * ESTA BASE DE DATOS ESTÁ SUJETA A CAMBIOS POR ENTRADAS Y SALIDAS DE PERSONAL | TET1: * ESTA BASE DE DATOS ESTÁ SUJETA A CAMBIOS POR ENTRADAS Y SALIDAS DE PERSONAL | TFB1: * ESTA BASE DE DATOS ESTÁ SUJETA A CAMBIOS POR ENTRADAS Y SALIDAS DE PERSONAL | TFJ1: * ESTA BASE DE DATOS ESTÁ SUJETA A CAMBIOS POR ENTRADAS Y SALIDAS DE PERSONAL | TFR1: * ESTA BASE DE DATOS ESTÁ SUJETA A CAMBIOS POR ENTRADAS Y SALIDAS DE PERSONAL | TFZ1: * ESTA BASE DE DATOS ESTÁ SUJETA A CAMBIOS POR ENTRADAS Y SALIDAS DE PERSONAL | TGH1: * ESTA BASE DE DATOS ESTÁ SUJETA A CAMBIOS POR ENTRADAS Y SALIDAS DE PERSONAL | TGP1: * ESTA BASE DE DATOS ESTÁ SUJETA A CAMBIOS POR ENTRADAS Y SALIDAS DE PERSONAL | TGX1: * ESTA BASE DE DATOS ESTÁ SUJETA A CAMBIOS POR ENTRADAS Y SALIDAS DE PERSONAL | THF1: * ESTA BASE DE DATOS ESTÁ SUJETA A CAMBIOS POR ENTRADAS Y SALIDAS DE PERSONAL | THN1: * ESTA BASE DE DATOS ESTÁ SUJETA A CAMBIOS POR ENTRADAS Y SALIDAS DE PERSONAL | THV1: * ESTA BASE DE DATOS ESTÁ SUJETA A CAMBIOS POR ENTRADAS Y SALIDAS DE PERSONAL | TID1: * ESTA BASE DE DATOS ESTÁ SUJETA A CAMBIOS POR ENTRADAS Y SALIDAS DE PERSONAL | TIL1: * ESTA BASE DE DATOS ESTÁ SUJETA A CAMBIOS POR ENTRADAS Y SALIDAS DE PERSONAL | TIT1: * ESTA BASE DE DATOS ESTÁ SUJETA A CAMBIOS POR ENTRADAS Y SALIDAS DE PERSONAL | TJB1: * ESTA BASE DE DATOS ESTÁ SUJETA A CAMBIOS POR ENTRADAS Y SALIDAS DE PERSONAL | TJJ1: * ESTA BASE DE DATOS ESTÁ SUJETA A CAMBIOS POR ENTRADAS Y SALIDAS DE PERSONAL | TJR1: * ESTA BASE DE DATOS ESTÁ SUJETA A CAMBIOS POR ENTRADAS Y SALIDAS DE PERSONAL | TJZ1: * ESTA BASE DE DATOS ESTÁ SUJETA A CAMBIOS POR ENTRADAS Y SALIDAS DE PERSONAL | TKH1: * ESTA BASE DE DATOS ESTÁ SUJETA A CAMBIOS POR ENTRADAS Y SALIDAS DE PERSONAL | TKP1: * ESTA BASE DE DATOS ESTÁ SUJETA A CAMBIOS POR ENTRADAS Y SALIDAS DE PERSONAL | TKX1: * ESTA BASE DE DATOS ESTÁ SUJETA A CAMBIOS POR ENTRADAS Y SALIDAS DE PERSONAL | TLF1: * ESTA BASE DE DATOS ESTÁ SUJETA A CAMBIOS POR ENTRADAS Y SALIDAS DE PERSONAL | TLN1: * ESTA BASE DE DATOS ESTÁ SUJETA A CAMBIOS POR ENTRADAS Y SALIDAS DE PERSONAL | TLV1: * ESTA BASE DE DATOS ESTÁ SUJETA A CAMBIOS POR ENTRADAS Y SALIDAS DE PERSONAL | TMD1: * ESTA BASE DE DATOS ESTÁ SUJETA A CAMBIOS POR ENTRADAS Y SALIDAS DE PERSONAL | TML1: * ESTA BASE DE DATOS ESTÁ SUJETA A CAMBIOS POR ENTRADAS Y SALIDAS DE PERSONAL | TMT1: * ESTA BASE DE DATOS ESTÁ SUJETA A CAMBIOS POR ENTRADAS Y SALIDAS DE PERSONAL | TNB1: * ESTA BASE DE DATOS ESTÁ SUJETA A CAMBIOS POR ENTRADAS Y SALIDAS DE PERSONAL | TNJ1: * ESTA BASE DE DATOS ESTÁ SUJETA A CAMBIOS POR ENTRADAS Y SALIDAS DE PERSONAL | TNR1: * ESTA BASE DE DATOS ESTÁ SUJETA A CAMBIOS POR ENTRADAS Y SALIDAS DE PERSONAL | TNZ1: * ESTA BASE DE DATOS ESTÁ SUJETA A CAMBIOS POR ENTRADAS Y SALIDAS DE PERSONAL | TOH1: * ESTA BASE DE DATOS ESTÁ SUJETA A CAMBIOS POR ENTRADAS Y SALIDAS DE PERSONAL | TOP1: * ESTA BASE DE DATOS ESTÁ SUJETA A CAMBIOS POR ENTRADAS Y SALIDAS DE PERSONAL | TOX1: * ESTA BASE DE DATOS ESTÁ SUJETA A CAMBIOS POR ENTRADAS Y SALIDAS DE PERSONAL | TPF1: * ESTA BASE DE DATOS ESTÁ SUJETA A CAMBIOS POR ENTRADAS Y SALIDAS DE PERSONAL | TPN1: * ESTA BASE DE DATOS ESTÁ SUJETA A CAMBIOS POR ENTRADAS Y SALIDAS DE PERSONAL | TPV1: * ESTA BASE DE DATOS ESTÁ SUJETA A CAMBIOS POR ENTRADAS Y SALIDAS DE PERSONAL | TQD1: * ESTA BASE DE DATOS ESTÁ SUJETA A CAMBIOS POR ENTRADAS Y SALIDAS DE PERSONAL | TQL1: * ESTA BASE DE DATOS ESTÁ SUJETA A CAMBIOS POR ENTRADAS Y SALIDAS DE PERSONAL | TQT1: * ESTA BASE DE DATOS ESTÁ SUJETA A CAMBIOS POR ENTRADAS Y SALIDAS DE PERSONAL | TRB1: * ESTA BASE DE DATOS ESTÁ SUJETA A CAMBIOS POR ENTRADAS Y SALIDAS DE PERSONAL | TRJ1: * ESTA BASE DE DATOS ESTÁ SUJETA A CAMBIOS POR ENTRADAS Y SALIDAS DE PERSONAL | TRR1: * ESTA BASE DE DATOS ESTÁ SUJETA A CAMBIOS POR ENTRADAS Y SALIDAS DE PERSONAL | TRZ1: * ESTA BASE DE DATOS ESTÁ SUJETA A CAMBIOS POR ENTRADAS Y SALIDAS DE PERSONAL | TSH1: * ESTA BASE DE DATOS ESTÁ SUJETA A CAMBIOS POR ENTRADAS Y SALIDAS DE PERSONAL | TSP1: * ESTA BASE DE DATOS ESTÁ SUJETA A CAMBIOS POR ENTRADAS Y SALIDAS DE PERSONAL | TSX1: * ESTA BASE DE DATOS ESTÁ SUJETA A CAMBIOS POR ENTRADAS Y SALIDAS DE PERSONAL | TTF1: * ESTA BASE DE DATOS ESTÁ SUJETA A CAMBIOS POR ENTRADAS Y SALIDAS DE PERSONAL | TTN1: * ESTA BASE DE DATOS ESTÁ SUJETA A CAMBIOS POR ENTRADAS Y SALIDAS DE PERSONAL | TTV1: * ESTA BASE DE DATOS ESTÁ SUJETA A CAMBIOS POR ENTRADAS Y SALIDAS DE PERSONAL | TUD1: * ESTA BASE DE DATOS ESTÁ SUJETA A CAMBIOS POR ENTRADAS Y SALIDAS DE PERSONAL | TUL1: * ESTA BASE DE DATOS ESTÁ SUJETA A CAMBIOS POR ENTRADAS Y SALIDAS DE PERSONAL | TUT1: * ESTA BASE DE DATOS ESTÁ SUJETA A CAMBIOS POR ENTRADAS Y SALIDAS DE PERSONAL | TVB1: * ESTA BASE DE DATOS ESTÁ SUJETA A CAMBIOS POR ENTRADAS Y SALIDAS DE PERSONAL | TVJ1: * ESTA BASE DE DATOS ESTÁ SUJETA A CAMBIOS POR ENTRADAS Y SALIDAS DE PERSONAL | TVR1: * ESTA BASE DE DATOS ESTÁ SUJETA A CAMBIOS POR ENTRADAS Y SALIDAS DE PERSONAL | TVZ1: * ESTA BASE DE DATOS ESTÁ SUJETA A CAMBIOS POR ENTRADAS Y SALIDAS DE PERSONAL | TWH1: * ESTA BASE DE DATOS ESTÁ SUJETA A CAMBIOS POR ENTRADAS Y SALIDAS DE PERSONAL | TWP1: * ESTA BASE DE DATOS ESTÁ SUJETA A CAMBIOS POR ENTRADAS Y SALIDAS DE PERSONAL | TWX1: * ESTA BASE DE DATOS ESTÁ SUJETA A CAMBIOS POR ENTRADAS Y SALIDAS DE PERSONAL | TXF1: * ESTA BASE DE DATOS ESTÁ SUJETA A CAMBIOS POR ENTRADAS Y SALIDAS DE PERSONAL | TXN1: * ESTA BASE DE DATOS ESTÁ SUJETA A CAMBIOS POR ENTRADAS Y SALIDAS DE PERSONAL | TXV1: * ESTA BASE DE DATOS ESTÁ SUJETA A CAMBIOS POR ENTRADAS Y SALIDAS DE PERSONAL | TYD1: * ESTA BASE DE DATOS ESTÁ SUJETA A CAMBIOS POR ENTRADAS Y SALIDAS DE PERSONAL | TYL1: * ESTA BASE DE DATOS ESTÁ SUJETA A CAMBIOS POR ENTRADAS Y SALIDAS DE PERSONAL | TYT1: * ESTA BASE DE DATOS ESTÁ SUJETA A CAMBIOS POR ENTRADAS Y SALIDAS DE PERSONAL | TZB1: * ESTA BASE DE DATOS ESTÁ SUJETA A CAMBIOS POR ENTRADAS Y SALIDAS DE PERSONAL | TZJ1: * ESTA BASE DE DATOS ESTÁ SUJETA A CAMBIOS POR ENTRADAS Y SALIDAS DE PERSONAL | TZR1: * ESTA BASE DE DATOS ESTÁ SUJETA A CAMBIOS POR ENTRADAS Y SALIDAS DE PERSONAL | TZZ1: * ESTA BASE DE DATOS ESTÁ SUJETA A CAMBIOS POR ENTRADAS Y SALIDAS DE PERSONAL | UAH1: * ESTA BASE DE DATOS ESTÁ SUJETA A CAMBIOS POR ENTRADAS Y SALIDAS DE PERSONAL | UAP1: * ESTA BASE DE DATOS ESTÁ SUJETA A CAMBIOS POR ENTRADAS Y SALIDAS DE PERSONAL | UAX1: * ESTA BASE DE DATOS ESTÁ SUJETA A CAMBIOS POR ENTRADAS Y SALIDAS DE PERSONAL | UBF1: * ESTA BASE DE DATOS ESTÁ SUJETA A CAMBIOS POR ENTRADAS Y SALIDAS DE PERSONAL | UBN1: * ESTA BASE DE DATOS ESTÁ SUJETA A CAMBIOS POR ENTRADAS Y SALIDAS DE PERSONAL | UBV1: * ESTA BASE DE DATOS ESTÁ SUJETA A CAMBIOS POR ENTRADAS Y SALIDAS DE PERSONAL | UCD1: * ESTA BASE DE DATOS ESTÁ SUJETA A CAMBIOS POR ENTRADAS Y SALIDAS DE PERSONAL | UCL1: * ESTA BASE DE DATOS ESTÁ SUJETA A CAMBIOS POR ENTRADAS Y SALIDAS DE PERSONAL | UCT1: * ESTA BASE DE DATOS ESTÁ SUJETA A CAMBIOS POR ENTRADAS Y SALIDAS DE PERSONAL | UDB1: * ESTA BASE DE DATOS ESTÁ SUJETA A CAMBIOS POR ENTRADAS Y SALIDAS DE PERSONAL | UDJ1: * ESTA BASE DE DATOS ESTÁ SUJETA A CAMBIOS POR ENTRADAS Y SALIDAS DE PERSONAL | UDR1: * ESTA BASE DE DATOS ESTÁ SUJETA A CAMBIOS POR ENTRADAS Y SALIDAS DE PERSONAL | UDZ1: * ESTA BASE DE DATOS ESTÁ SUJETA A CAMBIOS POR ENTRADAS Y SALIDAS DE PERSONAL | UEH1: * ESTA BASE DE DATOS ESTÁ SUJETA A CAMBIOS POR ENTRADAS Y SALIDAS DE PERSONAL | UEP1: * ESTA BASE DE DATOS ESTÁ SUJETA A CAMBIOS POR ENTRADAS Y SALIDAS DE PERSONAL | UEX1: * ESTA BASE DE DATOS ESTÁ SUJETA A CAMBIOS POR ENTRADAS Y SALIDAS DE PERSONAL | UFF1: * ESTA BASE DE DATOS ESTÁ SUJETA A CAMBIOS POR ENTRADAS Y SALIDAS DE PERSONAL | UFN1: * ESTA BASE DE DATOS ESTÁ SUJETA A CAMBIOS POR ENTRADAS Y SALIDAS DE PERSONAL | UFV1: * ESTA BASE DE DATOS ESTÁ SUJETA A CAMBIOS POR ENTRADAS Y SALIDAS DE PERSONAL | UGD1: * ESTA BASE DE DATOS ESTÁ SUJETA A CAMBIOS POR ENTRADAS Y SALIDAS DE PERSONAL | UGL1: * ESTA BASE DE DATOS ESTÁ SUJETA A CAMBIOS POR ENTRADAS Y SALIDAS DE PERSONAL | UGT1: * ESTA BASE DE DATOS ESTÁ SUJETA A CAMBIOS POR ENTRADAS Y SALIDAS DE PERSONAL | UHB1: * ESTA BASE DE DATOS ESTÁ SUJETA A CAMBIOS POR ENTRADAS Y SALIDAS DE PERSONAL | UHJ1: * ESTA BASE DE DATOS ESTÁ SUJETA A CAMBIOS POR ENTRADAS Y SALIDAS DE PERSONAL | UHR1: * ESTA BASE DE DATOS ESTÁ SUJETA A CAMBIOS POR ENTRADAS Y SALIDAS DE PERSONAL | UHZ1: * ESTA BASE DE DATOS ESTÁ SUJETA A CAMBIOS POR ENTRADAS Y SALIDAS DE PERSONAL | UIH1: * ESTA BASE DE DATOS ESTÁ SUJETA A CAMBIOS POR ENTRADAS Y SALIDAS DE PERSONAL | UIP1: * ESTA BASE DE DATOS ESTÁ SUJETA A CAMBIOS POR ENTRADAS Y SALIDAS DE PERSONAL | UIX1: * ESTA BASE DE DATOS ESTÁ SUJETA A CAMBIOS POR ENTRADAS Y SALIDAS DE PERSONAL | UJF1: * ESTA BASE DE DATOS ESTÁ SUJETA A CAMBIOS POR ENTRADAS Y SALIDAS DE PERSONAL | UJN1: * ESTA BASE DE DATOS ESTÁ SUJETA A CAMBIOS POR ENTRADAS Y SALIDAS DE PERSONAL | UJV1: * ESTA BASE DE DATOS ESTÁ SUJETA A CAMBIOS POR ENTRADAS Y SALIDAS DE PERSONAL | UKD1: * ESTA BASE DE DATOS ESTÁ SUJETA A CAMBIOS POR ENTRADAS Y SALIDAS DE PERSONAL | UKL1: * ESTA BASE DE DATOS ESTÁ SUJETA A CAMBIOS POR ENTRADAS Y SALIDAS DE PERSONAL | UKT1: * ESTA BASE DE DATOS ESTÁ SUJETA A CAMBIOS POR ENTRADAS Y SALIDAS DE PERSONAL | ULB1: * ESTA BASE DE DATOS ESTÁ SUJETA A CAMBIOS POR ENTRADAS Y SALIDAS DE PERSONAL | ULJ1: * ESTA BASE DE DATOS ESTÁ SUJETA A CAMBIOS POR ENTRADAS Y SALIDAS DE PERSONAL | ULR1: * ESTA BASE DE DATOS ESTÁ SUJETA A CAMBIOS POR ENTRADAS Y SALIDAS DE PERSONAL | ULZ1: * ESTA BASE DE DATOS ESTÁ SUJETA A CAMBIOS POR ENTRADAS Y SALIDAS DE PERSONAL | UMH1: * ESTA BASE DE DATOS ESTÁ SUJETA A CAMBIOS POR ENTRADAS Y SALIDAS DE PERSONAL | UMP1: * ESTA BASE DE DATOS ESTÁ SUJETA A CAMBIOS POR ENTRADAS Y SALIDAS DE PERSONAL | UMX1: * ESTA BASE DE DATOS ESTÁ SUJETA A CAMBIOS POR ENTRADAS Y SALIDAS DE PERSONAL | UNF1: * ESTA BASE DE DATOS ESTÁ SUJETA A CAMBIOS POR ENTRADAS Y SALIDAS DE PERSONAL | UNN1: * ESTA BASE DE DATOS ESTÁ SUJETA A CAMBIOS POR ENTRADAS Y SALIDAS DE PERSONAL | UNV1: * ESTA BASE DE DATOS ESTÁ SUJETA A CAMBIOS POR ENTRADAS Y SALIDAS DE PERSONAL | UOD1: * ESTA BASE DE DATOS ESTÁ SUJETA A CAMBIOS POR ENTRADAS Y SALIDAS DE PERSONAL | UOL1: * ESTA BASE DE DATOS ESTÁ SUJETA A CAMBIOS POR ENTRADAS Y SALIDAS DE PERSONAL | UOT1: * ESTA BASE DE DATOS ESTÁ SUJETA A CAMBIOS POR ENTRADAS Y SALIDAS DE PERSONAL | UPB1: * ESTA BASE DE DATOS ESTÁ SUJETA A CAMBIOS POR ENTRADAS Y SALIDAS DE PERSONAL | UPJ1: * ESTA BASE DE DATOS ESTÁ SUJETA A CAMBIOS POR ENTRADAS Y SALIDAS DE PERSONAL | UPR1: * ESTA BASE DE DATOS ESTÁ SUJETA A CAMBIOS POR ENTRADAS Y SALIDAS DE PERSONAL | UPZ1: * ESTA BASE DE DATOS ESTÁ SUJETA A CAMBIOS POR ENTRADAS Y SALIDAS DE PERSONAL | UQH1: * ESTA BASE DE DATOS ESTÁ SUJETA A CAMBIOS POR ENTRADAS Y SALIDAS DE PERSONAL | UQP1: * ESTA BASE DE DATOS ESTÁ SUJETA A CAMBIOS POR ENTRADAS Y SALIDAS DE PERSONAL | UQX1: * ESTA BASE DE DATOS ESTÁ SUJETA A CAMBIOS POR ENTRADAS Y SALIDAS DE PERSONAL | URF1: * ESTA BASE DE DATOS ESTÁ SUJETA A CAMBIOS POR ENTRADAS Y SALIDAS DE PERSONAL | URN1: * ESTA BASE DE DATOS ESTÁ SUJETA A CAMBIOS POR ENTRADAS Y SALIDAS DE PERSONAL | URV1: * ESTA BASE DE DATOS ESTÁ SUJETA A CAMBIOS POR ENTRADAS Y SALIDAS DE PERSONAL | USD1: * ESTA BASE DE DATOS ESTÁ SUJETA A CAMBIOS POR ENTRADAS Y SALIDAS DE PERSONAL | USL1: * ESTA BASE DE DATOS ESTÁ SUJETA A CAMBIOS POR ENTRADAS Y SALIDAS DE PERSONAL | UST1: * ESTA BASE DE DATOS ESTÁ SUJETA A CAMBIOS POR ENTRADAS Y SALIDAS DE PERSONAL | UTB1: * ESTA BASE DE DATOS ESTÁ SUJETA A CAMBIOS POR ENTRADAS Y SALIDAS DE PERSONAL | UTJ1: * ESTA BASE DE DATOS ESTÁ SUJETA A CAMBIOS POR ENTRADAS Y SALIDAS DE PERSONAL | UTR1: * ESTA BASE DE DATOS ESTÁ SUJETA A CAMBIOS POR ENTRADAS Y SALIDAS DE PERSONAL | UTZ1: * ESTA BASE DE DATOS ESTÁ SUJETA A CAMBIOS POR ENTRADAS Y SALIDAS DE PERSONAL | UUH1: * ESTA BASE DE DATOS ESTÁ SUJETA A CAMBIOS POR ENTRADAS Y SALIDAS DE PERSONAL | UUP1: * ESTA BASE DE DATOS ESTÁ SUJETA A CAMBIOS POR ENTRADAS Y SALIDAS DE PERSONAL | UUX1: * ESTA BASE DE DATOS ESTÁ SUJETA A CAMBIOS POR ENTRADAS Y SALIDAS DE PERSONAL | UVF1: * ESTA BASE DE DATOS ESTÁ SUJETA A CAMBIOS POR ENTRADAS Y SALIDAS DE PERSONAL | UVN1: * ESTA BASE DE DATOS ESTÁ SUJETA A CAMBIOS POR ENTRADAS Y SALIDAS DE PERSONAL | UVV1: * ESTA BASE DE DATOS ESTÁ SUJETA A CAMBIOS POR ENTRADAS Y SALIDAS DE PERSONAL | UWD1: * ESTA BASE DE DATOS ESTÁ SUJETA A CAMBIOS POR ENTRADAS Y SALIDAS DE PERSONAL | UWL1: * ESTA BASE DE DATOS ESTÁ SUJETA A CAMBIOS POR ENTRADAS Y SALIDAS DE PERSONAL | UWT1: * ESTA BASE DE DATOS ESTÁ SUJETA A CAMBIOS POR ENTRADAS Y SALIDAS DE PERSONAL | UXB1: * ESTA BASE DE DATOS ESTÁ SUJETA A CAMBIOS POR ENTRADAS Y SALIDAS DE PERSONAL | UXJ1: * ESTA BASE DE DATOS ESTÁ SUJETA A CAMBIOS POR ENTRADAS Y SALIDAS DE PERSONAL | UXR1: * ESTA BASE DE DATOS ESTÁ SUJETA A CAMBIOS POR ENTRADAS Y SALIDAS DE PERSONAL | UXZ1: * ESTA BASE DE DATOS ESTÁ SUJETA A CAMBIOS POR ENTRADAS Y SALIDAS DE PERSONAL | UYH1: * ESTA BASE DE DATOS ESTÁ SUJETA A CAMBIOS POR ENTRADAS Y SALIDAS DE PERSONAL | UYP1: * ESTA BASE DE DATOS ESTÁ SUJETA A CAMBIOS POR ENTRADAS Y SALIDAS DE PERSONAL | UYX1: * ESTA BASE DE DATOS ESTÁ SUJETA A CAMBIOS POR ENTRADAS Y SALIDAS DE PERSONAL | UZF1: * ESTA BASE DE DATOS ESTÁ SUJETA A CAMBIOS POR ENTRADAS Y SALIDAS DE PERSONAL | UZN1: * ESTA BASE DE DATOS ESTÁ SUJETA A CAMBIOS POR ENTRADAS Y SALIDAS DE PERSONAL | UZV1: * ESTA BASE DE DATOS ESTÁ SUJETA A CAMBIOS POR ENTRADAS Y SALIDAS DE PERSONAL | VAD1: * ESTA BASE DE DATOS ESTÁ SUJETA A CAMBIOS POR ENTRADAS Y SALIDAS DE PERSONAL | VAL1: * ESTA BASE DE DATOS ESTÁ SUJETA A CAMBIOS POR ENTRADAS Y SALIDAS DE PERSONAL | VAT1: * ESTA BASE DE DATOS ESTÁ SUJETA A CAMBIOS POR ENTRADAS Y SALIDAS DE PERSONAL | VBB1: * ESTA BASE DE DATOS ESTÁ SUJETA A CAMBIOS POR ENTRADAS Y SALIDAS DE PERSONAL | VBJ1: * ESTA BASE DE DATOS ESTÁ SUJETA A CAMBIOS POR ENTRADAS Y SALIDAS DE PERSONAL | VBR1: * ESTA BASE DE DATOS ESTÁ SUJETA A CAMBIOS POR ENTRADAS Y SALIDAS DE PERSONAL | VBZ1: * ESTA BASE DE DATOS ESTÁ SUJETA A CAMBIOS POR ENTRADAS Y SALIDAS DE PERSONAL | VCH1: * ESTA BASE DE DATOS ESTÁ SUJETA A CAMBIOS POR ENTRADAS Y SALIDAS DE PERSONAL | VCP1: * ESTA BASE DE DATOS ESTÁ SUJETA A CAMBIOS POR ENTRADAS Y SALIDAS DE PERSONAL | VCX1: * ESTA BASE DE DATOS ESTÁ SUJETA A CAMBIOS POR ENTRADAS Y SALIDAS DE PERSONAL | VDF1: * ESTA BASE DE DATOS ESTÁ SUJETA A CAMBIOS POR ENTRADAS Y SALIDAS DE PERSONAL | VDN1: * ESTA BASE DE DATOS ESTÁ SUJETA A CAMBIOS POR ENTRADAS Y SALIDAS DE PERSONAL | VDV1: * ESTA BASE DE DATOS ESTÁ SUJETA A CAMBIOS POR ENTRADAS Y SALIDAS DE PERSONAL | VED1: * ESTA BASE DE DATOS ESTÁ SUJETA A CAMBIOS POR ENTRADAS Y SALIDAS DE PERSONAL | VEL1: * ESTA BASE DE DATOS ESTÁ SUJETA A CAMBIOS POR ENTRADAS Y SALIDAS DE PERSONAL | VET1: * ESTA BASE DE DATOS ESTÁ SUJETA A CAMBIOS POR ENTRADAS Y SALIDAS DE PERSONAL | VFB1: * ESTA BASE DE DATOS ESTÁ SUJETA A CAMBIOS POR ENTRADAS Y SALIDAS DE PERSONAL | VFJ1: * ESTA BASE DE DATOS ESTÁ SUJETA A CAMBIOS POR ENTRADAS Y SALIDAS DE PERSONAL | VFR1: * ESTA BASE DE DATOS ESTÁ SUJETA A CAMBIOS POR ENTRADAS Y SALIDAS DE PERSONAL | VFZ1: * ESTA BASE DE DATOS ESTÁ SUJETA A CAMBIOS POR ENTRADAS Y SALIDAS DE PERSONAL | VGH1: * ESTA BASE DE DATOS ESTÁ SUJETA A CAMBIOS POR ENTRADAS Y SALIDAS DE PERSONAL | VGP1: * ESTA BASE DE DATOS ESTÁ SUJETA A CAMBIOS POR ENTRADAS Y SALIDAS DE PERSONAL | VGX1: * ESTA BASE DE DATOS ESTÁ SUJETA A CAMBIOS POR ENTRADAS Y SALIDAS DE PERSONAL | VHF1: * ESTA BASE DE DATOS ESTÁ SUJETA A CAMBIOS POR ENTRADAS Y SALIDAS DE PERSONAL | VHN1: * ESTA BASE DE DATOS ESTÁ SUJETA A CAMBIOS POR ENTRADAS Y SALIDAS DE PERSONAL | VHV1: * ESTA BASE DE DATOS ESTÁ SUJETA A CAMBIOS POR ENTRADAS Y SALIDAS DE PERSONAL | VID1: * ESTA BASE DE DATOS ESTÁ SUJETA A CAMBIOS POR ENTRADAS Y SALIDAS DE PERSONAL | VIL1: * ESTA BASE DE DATOS ESTÁ SUJETA A CAMBIOS POR ENTRADAS Y SALIDAS DE PERSONAL | VIT1: * ESTA BASE DE DATOS ESTÁ SUJETA A CAMBIOS POR ENTRADAS Y SALIDAS DE PERSONAL | VJB1: * ESTA BASE DE DATOS ESTÁ SUJETA A CAMBIOS POR ENTRADAS Y SALIDAS DE PERSONAL | VJJ1: * ESTA BASE DE DATOS ESTÁ SUJETA A CAMBIOS POR ENTRADAS Y SALIDAS DE PERSONAL | VJR1: * ESTA BASE DE DATOS ESTÁ SUJETA A CAMBIOS POR ENTRADAS Y SALIDAS DE PERSONAL | VJZ1: * ESTA BASE DE DATOS ESTÁ SUJETA A CAMBIOS POR ENTRADAS Y SALIDAS DE PERSONAL | VKH1: * ESTA BASE DE DATOS ESTÁ SUJETA A CAMBIOS POR ENTRADAS Y SALIDAS DE PERSONAL | VKP1: * ESTA BASE DE DATOS ESTÁ SUJETA A CAMBIOS POR ENTRADAS Y SALIDAS DE PERSONAL | VKX1: * ESTA BASE DE DATOS ESTÁ SUJETA A CAMBIOS POR ENTRADAS Y SALIDAS DE PERSONAL | VLF1: * ESTA BASE DE DATOS ESTÁ SUJETA A CAMBIOS POR ENTRADAS Y SALIDAS DE PERSONAL | VLN1: * ESTA BASE DE DATOS ESTÁ SUJETA A CAMBIOS POR ENTRADAS Y SALIDAS DE PERSONAL | VLV1: * ESTA BASE DE DATOS ESTÁ SUJETA A CAMBIOS POR ENTRADAS Y SALIDAS DE PERSONAL | VMD1: * ESTA BASE DE DATOS ESTÁ SUJETA A CAMBIOS POR ENTRADAS Y SALIDAS DE PERSONAL | VML1: * ESTA BASE DE DATOS ESTÁ SUJETA A CAMBIOS POR ENTRADAS Y SALIDAS DE PERSONAL | VMT1: * ESTA BASE DE DATOS ESTÁ SUJETA A CAMBIOS POR ENTRADAS Y SALIDAS DE PERSONAL | VNB1: * ESTA BASE DE DATOS ESTÁ SUJETA A CAMBIOS POR ENTRADAS Y SALIDAS DE PERSONAL | VNJ1: * ESTA BASE DE DATOS ESTÁ SUJETA A CAMBIOS POR ENTRADAS Y SALIDAS DE PERSONAL | VNR1: * ESTA BASE DE DATOS ESTÁ SUJETA A CAMBIOS POR ENTRADAS Y SALIDAS DE PERSONAL | VNZ1: * ESTA BASE DE DATOS ESTÁ SUJETA A CAMBIOS POR ENTRADAS Y SALIDAS DE PERSONAL | VOH1: * ESTA BASE DE DATOS ESTÁ SUJETA A CAMBIOS POR ENTRADAS Y SALIDAS DE PERSONAL | VOP1: * ESTA BASE DE DATOS ESTÁ SUJETA A CAMBIOS POR ENTRADAS Y SALIDAS DE PERSONAL | VOX1: * ESTA BASE DE DATOS ESTÁ SUJETA A CAMBIOS POR ENTRADAS Y SALIDAS DE PERSONAL | VPF1: * ESTA BASE DE DATOS ESTÁ SUJETA A CAMBIOS POR ENTRADAS Y SALIDAS DE PERSONAL | VPN1: * ESTA BASE DE DATOS ESTÁ SUJETA A CAMBIOS POR ENTRADAS Y SALIDAS DE PERSONAL | VPV1: * ESTA BASE DE DATOS ESTÁ SUJETA A CAMBIOS POR ENTRADAS Y SALIDAS DE PERSONAL | VQD1: * ESTA BASE DE DATOS ESTÁ SUJETA A CAMBIOS POR ENTRADAS Y SALIDAS DE PERSONAL | VQL1: * ESTA BASE DE DATOS ESTÁ SUJETA A CAMBIOS POR ENTRADAS Y SALIDAS DE PERSONAL | VQT1: * ESTA BASE DE DATOS ESTÁ SUJETA A CAMBIOS POR ENTRADAS Y SALIDAS DE PERSONAL | VRB1: * ESTA BASE DE DATOS ESTÁ SUJETA A CAMBIOS POR ENTRADAS Y SALIDAS DE PERSONAL | VRJ1: * ESTA BASE DE DATOS ESTÁ SUJETA A CAMBIOS POR ENTRADAS Y SALIDAS DE PERSONAL | VRR1: * ESTA BASE DE DATOS ESTÁ SUJETA A CAMBIOS POR ENTRADAS Y SALIDAS DE PERSONAL | VRZ1: * ESTA BASE DE DATOS ESTÁ SUJETA A CAMBIOS POR ENTRADAS Y SALIDAS DE PERSONAL | VSH1: * ESTA BASE DE DATOS ESTÁ SUJETA A CAMBIOS POR ENTRADAS Y SALIDAS DE PERSONAL | VSP1: * ESTA BASE DE DATOS ESTÁ SUJETA A CAMBIOS POR ENTRADAS Y SALIDAS DE PERSONAL | VSX1: * ESTA BASE DE DATOS ESTÁ SUJETA A CAMBIOS POR ENTRADAS Y SALIDAS DE PERSONAL | VTF1: * ESTA BASE DE DATOS ESTÁ SUJETA A CAMBIOS POR ENTRADAS Y SALIDAS DE PERSONAL | VTN1: * ESTA BASE DE DATOS ESTÁ SUJETA A CAMBIOS POR ENTRADAS Y SALIDAS DE PERSONAL | VTV1: * ESTA BASE DE DATOS ESTÁ SUJETA A CAMBIOS POR ENTRADAS Y SALIDAS DE PERSONAL | VUD1: * ESTA BASE DE DATOS ESTÁ SUJETA A CAMBIOS POR ENTRADAS Y SALIDAS DE PERSONAL | VUL1: * ESTA BASE DE DATOS ESTÁ SUJETA A CAMBIOS POR ENTRADAS Y SALIDAS DE PERSONAL | VUT1: * ESTA BASE DE DATOS ESTÁ SUJETA A CAMBIOS POR ENTRADAS Y SALIDAS DE PERSONAL | VVB1: * ESTA BASE DE DATOS ESTÁ SUJETA A CAMBIOS POR ENTRADAS Y SALIDAS DE PERSONAL | VVJ1: * ESTA BASE DE DATOS ESTÁ SUJETA A CAMBIOS POR ENTRADAS Y SALIDAS DE PERSONAL | VVR1: * ESTA BASE DE DATOS ESTÁ SUJETA A CAMBIOS POR ENTRADAS Y SALIDAS DE PERSONAL | VVZ1: * ESTA BASE DE DATOS ESTÁ SUJETA A CAMBIOS POR ENTRADAS Y SALIDAS DE PERSONAL | VWH1: * ESTA BASE DE DATOS ESTÁ SUJETA A CAMBIOS POR ENTRADAS Y SALIDAS DE PERSONAL | VWP1: * ESTA BASE DE DATOS ESTÁ SUJETA A CAMBIOS POR ENTRADAS Y SALIDAS DE PERSONAL | VWX1: * ESTA BASE DE DATOS ESTÁ SUJETA A CAMBIOS POR ENTRADAS Y SALIDAS DE PERSONAL | VXF1: * ESTA BASE DE DATOS ESTÁ SUJETA A CAMBIOS POR ENTRADAS Y SALIDAS DE PERSONAL | VXN1: * ESTA BASE DE DATOS ESTÁ SUJETA A CAMBIOS POR ENTRADAS Y SALIDAS DE PERSONAL | VXV1: * ESTA BASE DE DATOS ESTÁ SUJETA A CAMBIOS POR ENTRADAS Y SALIDAS DE PERSONAL | VYD1: * ESTA BASE DE DATOS ESTÁ SUJETA A CAMBIOS POR ENTRADAS Y SALIDAS DE PERSONAL | VYL1: * ESTA BASE DE DATOS ESTÁ SUJETA A CAMBIOS POR ENTRADAS Y SALIDAS DE PERSONAL | VYT1: * ESTA BASE DE DATOS ESTÁ SUJETA A CAMBIOS POR ENTRADAS Y SALIDAS DE PERSONAL | VZB1: * ESTA BASE DE DATOS ESTÁ SUJETA A CAMBIOS POR ENTRADAS Y SALIDAS DE PERSONAL | VZJ1: * ESTA BASE DE DATOS ESTÁ SUJETA A CAMBIOS POR ENTRADAS Y SALIDAS DE PERSONAL | VZR1: * ESTA BASE DE DATOS ESTÁ SUJETA A CAMBIOS POR ENTRADAS Y SALIDAS DE PERSONAL | VZZ1: * ESTA BASE DE DATOS ESTÁ SUJETA A CAMBIOS POR ENTRADAS Y SALIDAS DE PERSONAL | WAH1: * ESTA BASE DE DATOS ESTÁ SUJETA A CAMBIOS POR ENTRADAS Y SALIDAS DE PERSONAL | WAP1: * ESTA BASE DE DATOS ESTÁ SUJETA A CAMBIOS POR ENTRADAS Y SALIDAS DE PERSONAL | WAX1: * ESTA BASE DE DATOS ESTÁ SUJETA A CAMBIOS POR ENTRADAS Y SALIDAS DE PERSONAL | WBF1: * ESTA BASE DE DATOS ESTÁ SUJETA A CAMBIOS POR ENTRADAS Y SALIDAS DE PERSONAL | WBN1: * ESTA BASE DE DATOS ESTÁ SUJETA A CAMBIOS POR ENTRADAS Y SALIDAS DE PERSONAL | WBV1: * ESTA BASE DE DATOS ESTÁ SUJETA A CAMBIOS POR ENTRADAS Y SALIDAS DE PERSONAL | WCD1: * ESTA BASE DE DATOS ESTÁ SUJETA A CAMBIOS POR ENTRADAS Y SALIDAS DE PERSONAL | WCL1: * ESTA BASE DE DATOS ESTÁ SUJETA A CAMBIOS POR ENTRADAS Y SALIDAS DE PERSONAL | WCT1: * ESTA BASE DE DATOS ESTÁ SUJETA A CAMBIOS POR ENTRADAS Y SALIDAS DE PERSONAL | WDB1: * ESTA BASE DE DATOS ESTÁ SUJETA A CAMBIOS POR ENTRADAS Y SALIDAS DE PERSONAL | WDJ1: * ESTA BASE DE DATOS ESTÁ SUJETA A CAMBIOS POR ENTRADAS Y SALIDAS DE PERSONAL | WDR1: * ESTA BASE DE DATOS ESTÁ SUJETA A CAMBIOS POR ENTRADAS Y SALIDAS DE PERSONAL | WDZ1: * ESTA BASE DE DATOS ESTÁ SUJETA A CAMBIOS POR ENTRADAS Y SALIDAS DE PERSONAL | WEH1: * ESTA BASE DE DATOS ESTÁ SUJETA A CAMBIOS POR ENTRADAS Y SALIDAS DE PERSONAL | WEP1: * ESTA BASE DE DATOS ESTÁ SUJETA A CAMBIOS POR ENTRADAS Y SALIDAS DE PERSONAL | WEX1: * ESTA BASE DE DATOS ESTÁ SUJETA A CAMBIOS POR ENTRADAS Y SALIDAS DE PERSONAL | WFF1: * ESTA BASE DE DATOS ESTÁ SUJETA A CAMBIOS POR ENTRADAS Y SALIDAS DE PERSONAL | WFN1: * ESTA BASE DE DATOS ESTÁ SUJETA A CAMBIOS POR ENTRADAS Y SALIDAS DE PERSONAL | WFV1: * ESTA BASE DE DATOS ESTÁ SUJETA A CAMBIOS POR ENTRADAS Y SALIDAS DE PERSONAL | WGD1: * ESTA BASE DE DATOS ESTÁ SUJETA A CAMBIOS POR ENTRADAS Y SALIDAS DE PERSONAL | WGL1: * ESTA BASE DE DATOS ESTÁ SUJETA A CAMBIOS POR ENTRADAS Y SALIDAS DE PERSONAL | WGT1: * ESTA BASE DE DATOS ESTÁ SUJETA A CAMBIOS POR ENTRADAS Y SALIDAS DE PERSONAL | WHB1: * ESTA BASE DE DATOS ESTÁ SUJETA A CAMBIOS POR ENTRADAS Y SALIDAS DE PERSONAL | WHJ1: * ESTA BASE DE DATOS ESTÁ SUJETA A CAMBIOS POR ENTRADAS Y SALIDAS DE PERSONAL | WHR1: * ESTA BASE DE DATOS ESTÁ SUJETA A CAMBIOS POR ENTRADAS Y SALIDAS DE PERSONAL | WHZ1: * ESTA BASE DE DATOS ESTÁ SUJETA A CAMBIOS POR ENTRADAS Y SALIDAS DE PERSONAL | WIH1: * ESTA BASE DE DATOS ESTÁ SUJETA A CAMBIOS POR ENTRADAS Y SALIDAS DE PERSONAL | WIP1: * ESTA BASE DE DATOS ESTÁ SUJETA A CAMBIOS POR ENTRADAS Y SALIDAS DE PERSONAL | WIX1: * ESTA BASE DE DATOS ESTÁ SUJETA A CAMBIOS POR ENTRADAS Y SALIDAS DE PERSONAL | WJF1: * ESTA BASE DE DATOS ESTÁ SUJETA A CAMBIOS POR ENTRADAS Y SALIDAS DE PERSONAL | WJN1: * ESTA BASE DE DATOS ESTÁ SUJETA A CAMBIOS POR ENTRADAS Y SALIDAS DE PERSONAL | WJV1: * ESTA BASE DE DATOS ESTÁ SUJETA A CAMBIOS POR ENTRADAS Y SALIDAS DE PERSONAL | WKD1: * ESTA BASE DE DATOS ESTÁ SUJETA A CAMBIOS POR ENTRADAS Y SALIDAS DE PERSONAL | WKL1: * ESTA BASE DE DATOS ESTÁ SUJETA A CAMBIOS POR ENTRADAS Y SALIDAS DE PERSONAL | WKT1: * ESTA BASE DE DATOS ESTÁ SUJETA A CAMBIOS POR ENTRADAS Y SALIDAS DE PERSONAL | WLB1: * ESTA BASE DE DATOS ESTÁ SUJETA A CAMBIOS POR ENTRADAS Y SALIDAS DE PERSONAL | WLJ1: * ESTA BASE DE DATOS ESTÁ SUJETA A CAMBIOS POR ENTRADAS Y SALIDAS DE PERSONAL | WLR1: * ESTA BASE DE DATOS ESTÁ SUJETA A CAMBIOS POR ENTRADAS Y SALIDAS DE PERSONAL | WLZ1: * ESTA BASE DE DATOS ESTÁ SUJETA A CAMBIOS POR ENTRADAS Y SALIDAS DE PERSONAL | WMH1: * ESTA BASE DE DATOS ESTÁ SUJETA A CAMBIOS POR ENTRADAS Y SALIDAS DE PERSONAL | WMP1: * ESTA BASE DE DATOS ESTÁ SUJETA A CAMBIOS POR ENTRADAS Y SALIDAS DE PERSONAL | WMX1: * ESTA BASE DE DATOS ESTÁ SUJETA A CAMBIOS POR ENTRADAS Y SALIDAS DE PERSONAL | WNF1: * ESTA BASE DE DATOS ESTÁ SUJETA A CAMBIOS POR ENTRADAS Y SALIDAS DE PERSONAL | WNN1: * ESTA BASE DE DATOS ESTÁ SUJETA A CAMBIOS POR ENTRADAS Y SALIDAS DE PERSONAL | WNV1: * ESTA BASE DE DATOS ESTÁ SUJETA A CAMBIOS POR ENTRADAS Y SALIDAS DE PERSONAL | WOD1: * ESTA BASE DE DATOS ESTÁ SUJETA A CAMBIOS POR ENTRADAS Y SALIDAS DE PERSONAL | WOL1: * ESTA BASE DE DATOS ESTÁ SUJETA A CAMBIOS POR ENTRADAS Y SALIDAS DE PERSONAL | WOT1: * ESTA BASE DE DATOS ESTÁ SUJETA A CAMBIOS POR ENTRADAS Y SALIDAS DE PERSONAL | WPB1: * ESTA BASE DE DATOS ESTÁ SUJETA A CAMBIOS POR ENTRADAS Y SALIDAS DE PERSONAL | WPJ1: * ESTA BASE DE DATOS ESTÁ SUJETA A CAMBIOS POR ENTRADAS Y SALIDAS DE PERSONAL | WPR1: * ESTA BASE DE DATOS ESTÁ SUJETA A CAMBIOS POR ENTRADAS Y SALIDAS DE PERSONAL | WPZ1: * ESTA BASE DE DATOS ESTÁ SUJETA A CAMBIOS POR ENTRADAS Y SALIDAS DE PERSONAL | WQH1: * ESTA BASE DE DATOS ESTÁ SUJETA A CAMBIOS POR ENTRADAS Y SALIDAS DE PERSONAL | WQP1: * ESTA BASE DE DATOS ESTÁ SUJETA A CAMBIOS POR ENTRADAS Y SALIDAS DE PERSONAL | WQX1: * ESTA BASE DE DATOS ESTÁ SUJETA A CAMBIOS POR ENTRADAS Y SALIDAS DE PERSONAL | WRF1: * ESTA BASE DE DATOS ESTÁ SUJETA A CAMBIOS POR ENTRADAS Y SALIDAS DE PERSONAL | WRN1: * ESTA BASE DE DATOS ESTÁ SUJETA A CAMBIOS POR ENTRADAS Y SALIDAS DE PERSONAL | WRV1: * ESTA BASE DE DATOS ESTÁ SUJETA A CAMBIOS POR ENTRADAS Y SALIDAS DE PERSONAL | WSD1: * ESTA BASE DE DATOS ESTÁ SUJETA A CAMBIOS POR ENTRADAS Y SALIDAS DE PERSONAL | WSL1: * ESTA BASE DE DATOS ESTÁ SUJETA A CAMBIOS POR ENTRADAS Y SALIDAS DE PERSONAL | WST1: * ESTA BASE DE DATOS ESTÁ SUJETA A CAMBIOS POR ENTRADAS Y SALIDAS DE PERSONAL | WTB1: * ESTA BASE DE DATOS ESTÁ SUJETA A CAMBIOS POR ENTRADAS Y SALIDAS DE PERSONAL | WTJ1: * ESTA BASE DE DATOS ESTÁ SUJETA A CAMBIOS POR ENTRADAS Y SALIDAS DE PERSONAL | WTR1: * ESTA BASE DE DATOS ESTÁ SUJETA A CAMBIOS POR ENTRADAS Y SALIDAS DE PERSONAL | WTZ1: * ESTA BASE DE DATOS ESTÁ SUJETA A CAMBIOS POR ENTRADAS Y SALIDAS DE PERSONAL | WUH1: * ESTA BASE DE DATOS ESTÁ SUJETA A CAMBIOS POR ENTRADAS Y SALIDAS DE PERSONAL | WUP1: * ESTA BASE DE DATOS ESTÁ SUJETA A CAMBIOS POR ENTRADAS Y SALIDAS DE PERSONAL | WUX1: * ESTA BASE DE DATOS ESTÁ SUJETA A CAMBIOS POR ENTRADAS Y SALIDAS DE PERSONAL | WVF1: * ESTA BASE DE DATOS ESTÁ SUJETA A CAMBIOS POR ENTRADAS Y SALIDAS DE PERSONAL | WVN1: * ESTA BASE DE DATOS ESTÁ SUJETA A CAMBIOS POR ENTRADAS Y SALIDAS DE PERSONAL | WVV1: * ESTA BASE DE DATOS ESTÁ SUJETA A CAMBIOS POR ENTRADAS Y SALIDAS DE PERSONAL | WWD1: * ESTA BASE DE DATOS ESTÁ SUJETA A CAMBIOS POR ENTRADAS Y SALIDAS DE PERSONAL | WWL1: * ESTA BASE DE DATOS ESTÁ SUJETA A CAMBIOS POR ENTRADAS Y SALIDAS DE PERSONAL | WWT1: * ESTA BASE DE DATOS ESTÁ SUJETA A CAMBIOS POR ENTRADAS Y SALIDAS DE PERSONAL | WXB1: * ESTA BASE DE DATOS ESTÁ SUJETA A CAMBIOS POR ENTRADAS Y SALIDAS DE PERSONAL | WXJ1: * ESTA BASE DE DATOS ESTÁ SUJETA A CAMBIOS POR ENTRADAS Y SALIDAS DE PERSONAL | WXR1: * ESTA BASE DE DATOS ESTÁ SUJETA A CAMBIOS POR ENTRADAS Y SALIDAS DE PERSONAL | WXZ1: * ESTA BASE DE DATOS ESTÁ SUJETA A CAMBIOS POR ENTRADAS Y SALIDAS DE PERSONAL | WYH1: * ESTA BASE DE DATOS ESTÁ SUJETA A CAMBIOS POR ENTRADAS Y SALIDAS DE PERSONAL | WYP1: * ESTA BASE DE DATOS ESTÁ SUJETA A CAMBIOS POR ENTRADAS Y SALIDAS DE PERSONAL | WYX1: * ESTA BASE DE DATOS ESTÁ SUJETA A CAMBIOS POR ENTRADAS Y SALIDAS DE PERSONAL | WZF1: * ESTA BASE DE DATOS ESTÁ SUJETA A CAMBIOS POR ENTRADAS Y SALIDAS DE PERSONAL | WZN1: * ESTA BASE DE DATOS ESTÁ SUJETA A CAMBIOS POR ENTRADAS Y SALIDAS DE PERSONAL | WZV1: * ESTA BASE DE DATOS ESTÁ SUJETA A CAMBIOS POR ENTRADAS Y SALIDAS DE PERSONAL | XAD1: * ESTA BASE DE DATOS ESTÁ SUJETA A CAMBIOS POR ENTRADAS Y SALIDAS DE PERSONAL | XAL1: * ESTA BASE DE DATOS ESTÁ SUJETA A CAMBIOS POR ENTRADAS Y SALIDAS DE PERSONAL | XAT1: * ESTA BASE DE DATOS ESTÁ SUJETA A CAMBIOS POR ENTRADAS Y SALIDAS DE PERSONAL | XBB1: * ESTA BASE DE DATOS ESTÁ SUJETA A CAMBIOS POR ENTRADAS Y SALIDAS DE PERSONAL | XBJ1: * ESTA BASE DE DATOS ESTÁ SUJETA A CAMBIOS POR ENTRADAS Y SALIDAS DE PERSONAL | XBR1: * ESTA BASE DE DATOS ESTÁ SUJETA A CAMBIOS POR ENTRADAS Y SALIDAS DE PERSONAL | XBZ1: * ESTA BASE DE DATOS ESTÁ SUJETA A CAMBIOS POR ENTRADAS Y SALIDAS DE PERSONAL | XCH1: * ESTA BASE DE DATOS ESTÁ SUJETA A CAMBIOS POR ENTRADAS Y SALIDAS DE PERSONAL | XCP1: * ESTA BASE DE DATOS ESTÁ SUJETA A CAMBIOS POR ENTRADAS Y SALIDAS DE PERSONAL | XCX1: * ESTA BASE DE DATOS ESTÁ SUJETA A CAMBIOS POR ENTRADAS Y SALIDAS DE PERSONAL | XDF1: * ESTA BASE DE DATOS ESTÁ SUJETA A CAMBIOS POR ENTRADAS Y SALIDAS DE PERSONAL | XDN1: * ESTA BASE DE DATOS ESTÁ SUJETA A CAMBIOS POR ENTRADAS Y SALIDAS DE PERSONAL | XDV1: * ESTA BASE DE DATOS ESTÁ SUJETA A CAMBIOS POR ENTRADAS Y SALIDAS DE PERSONAL | XED1: * ESTA BASE DE DATOS ESTÁ SUJETA A CAMBIOS POR ENTRADAS Y SALIDAS DE PERSONAL | XEL1: * ESTA BASE DE DATOS ESTÁ SUJETA A CAMBIOS POR ENTRADAS Y SALIDAS DE PERSONAL
B6: DPTO | C6: ÁREA | D6: NOMBRE DEL EQUIPO | E6: SHARP LÍDER | F6: NOMBRE DEL LIDER | G6: QR Safety lider | H6: SHARP | I6: LINEA | J6: INTEGRANTES | K6: QR Safety | L6: RECUENTO OP | M6: EA | N6: Pilar del Champion
B7: BLOQUE FRÍO | C7: Filtros-Gobierno | D7: LOS ANDAMOS CON TODO | E7: 32146684 | F7: LUIS ALBERTO MONTAÑEZ ARELLANO | G7: RQB061L8 | H7: 32045134 | I7: =Table5[[#This Row],[ÁREA]] -> Filtros-Gobierno | J7: PEDRO MALDONADO MARQUEZ | K7: MRT7GWX2 | L7: 5 | M7: LOS ANDAMOS CON TODO | N7: MANTENIMIENTO
B8: BLOQUE FRÍO | C8: Filtros-Gobierno | D8: LOS ANDAMOS CON TODO | E8: 32146684 | F8: LUIS ALBERTO MONTAÑEZ ARELLANO | G8: RQB061L8 | H8: 32149605 | I8: =Table5[[#This Row],[ÁREA]] -> Filtros-Gobierno | J8: JUAN MANUEL RODARTE MARTINEZ | K8: F0AYDXW6 | L8: 5 | M8: LOS ANDAMOS CON TODO | N8: AMBIENTAL
B9: BLOQUE FRÍO | C9: Filtros-Gobierno | D9: LOS ANDAMOS CON TODO | E9: 32146684 | F9: LUIS ALBERTO MONTAÑEZ ARELLANO | G9: RQB061L8 | H9: 32157221 | I9: =Table5[[#This Row],[ÁREA]] -> Filtros-Gobierno | J9: JESUS MENCHACA DEL VILLAR | K9: UZILBZB3 | L9: 5 | M9: LOS ANDAMOS CON TODO | N9: GENTE
B10: BLOQUE FRÍO | C10: Filtros-Gobierno | D10: LOS ANDAMOS CON TODO | E10: 32146684 | F10: LUIS ALBERTO MONTAÑEZ ARELLANO | G10: RQB061L8 | H10: 32045128 | I10: =Table5[[#This Row],[ÁREA]] -> Filtros-Gobierno | J10: JESUS CALDERON ALFARO | K10: P7D098LM | L10: 5 | M10: LOS ANDAMOS CON TODO | N10: SEGURIDAD
B11: BLOQUE FRÍO | C11: Filtros-Gobierno | D11: LOS ANDAMOS CON TODO | E11: 32146684 | F11: LUIS ALBERTO MONTAÑEZ ARELLANO | G11: RQB061L8 | H11: 32188009 | I11: =Table5[[#This Row],[ÁREA]] -> Filtros-Gobierno | J11: ALDO ERNESTO SILVA VARELA | K11: DJ45FXYZ | L11: 5 | M11: LOS ANDAMOS CON TODO | N11: CALIDAD
B12: BLOQUE FRÍO | C12: Mixto | D12: LOS BRAVOS DEL FRIO | E12: 32186665 | F12: OSCAR MANUEL GONZALEZ BOTELLO | G12: s/QR | H12: 32222224 | I12: =Table5[[#This Row],[ÁREA]] -> Mixto | J12: RICARDO ESTEBAN JARAMILLO ROBLES | K12: QBV5KOXC | L12: 6 | M12: LOS BRAVOS DEL FRIO | N12: GENTE
B13: BLOQUE FRÍO | C13: Mixto | D13: LOS BRAVOS DEL FRIO | E13: 32186665 | F13: OSCAR MANUEL GONZALEZ BOTELLO | G13: s/QR | H13: 32149238 | I13: =Table5[[#This Row],[ÁREA]] -> Mixto | J13: OSWALDO DELGADILLO GONZALEZ | K13: 3S4R4LS3 | L13: 6 | M13: LOS BRAVOS DEL FRIO | N13: LOGISTICA
B14: BLOQUE FRÍO | C14: Mixto | D14: LOS BRAVOS DEL FRIO | E14: 32186665 | F14: OSCAR MANUEL GONZALEZ BOTELLO | G14: s/QR | H14: 32209921 | I14: =Table5[[#This Row],[ÁREA]] -> Mixto | J14: Oscar Eduardo Valdez Muñoz | K14: I3SMNMI9 | L14: 6 | M14: LOS BRAVOS DEL FRIO | N14: AMBIENTAL
B15: BLOQUE FRÍO | C15: Mixto | D15: LOS BRAVOS DEL FRIO | E15: 32186665 | F15: OSCAR MANUEL GONZALEZ BOTELLO | G15: TWXFSXHD | H15: 32188117 | I15: =Table5[[#This Row],[ÁREA]] -> Mixto | J15: MIGUEL ANGEL NAVARRO ESCOBEDO | K15: S/QR | L15: 6 | M15: LOS BRAVOS DEL FRIO | N15: GESTIÓN
B16: BLOQUE FRÍO | C16: Mixto | D16: LOS BRAVOS DEL FRIO | E16: 32186665 | F16: OSCAR MANUEL GONZALEZ BOTELLO | G16: TWXFSXHD | H16: 32197835 | I16: =Table5[[#This Row],[ÁREA]] -> Mixto | J16: MARIO ALBERTO REYES HERNANDEZ | K16: HW2VFZF4 | L16: 6 | M16: LOS BRAVOS DEL FRIO | N16: MANTENIMIENTO
B17: BLOQUE FRÍO | C17: Mixto | D17: LOS BRAVOS DEL FRIO | E17: 32186665 | F17: OSCAR MANUEL GONZALEZ BOTELLO | G17: TWXFSXHD | H17: 32197833 | I17: =Table5[[#This Row],[ÁREA]] -> Mixto | J17: JORGE LUIS RODRIGUEZ BERMUDEZ | K17: 79MFZSQY | L17: 6 | M17: LOS BRAVOS DEL FRIO | N17: CALIDAD
B18: BLOQUE FRÍO | C18: Filtros-Gobierno | D18: LOS BRONCOS | E18: 32045174 | F18: MIGUEL ANGEL RIVERA MUÑOZ | G18: XT56FWKC | H18: 32043886 | I18: =Table5[[#This Row],[ÁREA]] -> Filtros-Gobierno | J18: RAFAEL CHAVEZ REVELES | K18: RWKF0AUZ | L18: 6 | M18: LOS BRONCOS | N18: GESTIÓN
... B65: BLOQUE FRÍO | C65: MANTENIMIENTO ELA | D65: MUNICH | E65: 32043857 | F65: JUAN CARLOS CALVILLO GARAY | G65: 3SRCO90I | H65: 32045106 | I65: =Table5[[#This Row],[ÁREA]] -> MANTENIMIENTO ELA | J65: ARTURO VELAZQUEZ BELTRAN | K65: 8KIQHEBE | L65: 15 | M65: MUNICH | N65: GESTION
B66: BLOQUE FRÍO | C66: MANTENIMIENTO ELA | D66: MUNICH | E66: 32043857 | F66: JUAN CARLOS CALVILLO GARAY | G66: 3SRCO90I | H66: 32045769 | I66: =Table5[[#This Row],[ÁREA]] -> MANTENIMIENTO ELA | J66: MARCO ANTONIO MENCHACA PEREZ | L66: 15 | M66: MUNICH | N66: LOGISTICA
B67: BLOQUE FRÍO | C67: MANTENIMIENTO ELA | D67: MUNICH | E67: 32043857 | F67: JUAN CARLOS CALVILLO GARAY | G67: 3SRCO90I | H67: 32045769 | I67: =Table5[[#This Row],[ÁREA]] -> MANTENIMIENTO ELA | J67: LAZARO QUEZADA OJEDA | L67: 15 | M67: MUNICH | N67: LOGISTICA
B68: BLOQUE FRÍO | C68: MANTENIMIENTO ELA | D68: MUNICH | E68: 32043857 | F68: JUAN CARLOS CALVILLO GARAY | G68: 3SRCO90I | H68: 32043804 | I68: =Table5[[#This Row],[ÁREA]] -> MANTENIMIENTO ELA | J68: ALEJANDRO LOPEZ RODRIGUEZ | K68: 2RM3TYCC | L68: 15 | M68: MUNICH | N68: AMBIENTAL
B69: BLOQUE FRÍO | C69: MANTENIMIENTO ELA | D69: MUNICH | E69: 32043857 | F69: JUAN CARLOS CALVILLO GARAY | G69: 3SRCO90I | H69: 32173447 | I69: =Table5[[#This Row],[ÁREA]] -> MANTENIMIENTO ELA | J69: ALEJANDRO DE JESUS ROBLES GUZMAN | K69: KHEYNRW2 | L69: 15 | M69: MUNICH | N69: AMBIENTAL
B70: BLOQUE FRÍO | C70: BLENDER | D70: REYES DE LA MEZCLA | E70: 32196674 | F70: OSCAR RODRIGUEZ CODALLOS | G70: S/QR | H70: 32175115 | I70: =Table5[[#This Row],[ÁREA]] -> BLENDER | J70: NESTOR MONTOYA DUEÑAS | K70: UP091S0F | L70: 6 | M70: REYES DE LA MEZCLA | N70: GESTIÓN
B71: BLOQUE FRÍO | C71: BLENDER | D71: REYES DE LA MEZCLA | E71: 32196674 | F71: OSCAR RODRIGUEZ CODALLOS | G71: S/QR | H71: 32197975 | I71: =Table5[[#This Row],[ÁREA]] -> BLENDER | J71: LUIS RICARDO VALDES SANCHEZ | K71: 52FP4KVI | L71: 6 | M71: REYES DE LA MEZCLA | N71: CALIDAD
B72: BLOQUE FRÍO | C72: BLENDER | D72: REYES DE LA MEZCLA | E72: 32196674 | F72: OSCAR RODRIGUEZ CODALLOS | G72: S/QR | H72: 32183480 | I72: =Table5[[#This Row],[ÁREA]] -> BLENDER | J72: LUIS ARMANDO REYES DEL REAL | K72: ARQ1XTFA | L72: 6 | M72: REYES DE LA MEZCLA | N72: CALIDAD
B73: BLOQUE FRÍO | C73: BLENDER | D73: REYES DE LA MEZCLA | E73: 32196674 | F73: OSCAR RODRIGUEZ CODALLOS | G73: S/QR | H73: 32176720 | I73: =Table5[[#This Row],[ÁREA]] -> BLENDER | J73: JOSE REFUGIO LOPEZ MARTINEZ | K73: W6Q1OMXN | L73: 6 | M73: REYES DE LA MEZCLA | N73: MANTENIMIENTO
B74: BLOQUE FRÍO | C74: BLENDER | D74: REYES DE LA MEZCLA | E74: 32196674 | F74: OSCAR RODRIGUEZ CODALLOS | G74: S/QR | H74: 32149237 | I74: =Table5[[#This Row],[ÁREA]] -> BLENDER | J74: HELMER DEL REAL PEREZ | K74: S44REE30 | L74: 6 | M74: REYES DE LA MEZCLA | N74: LOGISTICA
B75: BLOQUE FRÍO | C75: BLENDER | D75: REYES DE LA MEZCLA | E75: 32196674 | F75: OSCAR RODRIGUEZ CODALLOS | G75: S/QR | H75: 32181712 | I75: =Table5[[#This Row],[ÁREA]] -> BLENDER | J75: CARLOS ADRIAN ROBLES MONTENEGRO | K75: 5LL1TM2P | L75: 6 | M75: REYES DE LA MEZCLA | N75: SEGURIDAD
B76: CALIDAD | C76: ACA | D76: CAZADORES | E76: 32162568 | F76: GABRIEL ALEJANDRO GÓMEZ FLORES | G76: B8OW74JS | H76: 32096526 | I76: =Table5[[#This Row],[ÁREA]] -> ACA | J76: FRANCISCO ZAVALA DOMINGUEZ | K76: 5OAFR058 | L76: 20 | M76: CAZADORES | N76: AMBIENTAL
B77: CALIDAD | C77: ACA | D77: CAZADORES | E77: 32162568 | F77: GABRIEL ALEJANDRO GÓMEZ FLORES | G77: B8OW74JS | H77: 32044377 | I77: =Table5[[#This Row],[ÁREA]] -> ACA | J77: JOSÉ LUIS JUÁREZ DELGADO | K77: 3DKNB90O | L77: 20 | M77: CAZADORES | N77: AMBIENTAL Y PEOPLE
B78: CALIDAD | C78: ACA | D78: CAZADORES | E78: 32162568 | F78: GABRIEL ALEJANDRO GÓMEZ FLORES | G78: B8OW74JS | H78: 32046549 | I78: =Table5[[#This Row],[ÁREA]] -> ACA | J78: LEOBARDO CARRILLO FIGUEROA | K78: Y8BF7RQJ | L78: 20 | M78: CAZADORES | N78: APOYO CHAMPION DE AMBIENTAL
B79: CALIDAD | C79: ACA | D79: CAZADORES | E79: 32162568 | F79: GABRIEL ALEJANDRO GÓMEZ FLORES | G79: B8OW74JS | H79: 32055155 | I79: =Table5[[#This Row],[ÁREA]] -> ACA | J79: ALFREDO NIETO REVILLA | K79: 0TT2LM1Y | L79: 20 | M79: CAZADORES | N79: APOYO CHAMPION DE AMBIENTAL
... B94: CALIDAD | C94: ACA | D94: CAZADORES | E94: 32162568 | F94: GABRIEL ALEJANDRO GÓMEZ FLORES | G94: B8OW74JS | H94: 32045500 | I94: =Table5[[#This Row],[ÁREA]] -> ACA | J94: JOSÉ ANTONIO MARTÍNEZ ALCALÁ | K94: QDQB4O4Q | L94: 20 | M94: CAZADORES | N94: SEGURIDAD
B95: COCIMIENTOS | D95: CUCHILLAS | E95: 32231912 | F95: BETSAIDA GUERRERO SILVA | G95: 8FNLA1FG | H95: 32102191 | I95: =Table5[[#This Row],[ÁREA]] -> 0 | J95: MARIO ALBERTO ZAMARRIPA LLANAS | K95: 4IG8W7IT | L95: 5 | M95: CUCHILLAS | N95: MANTENIMIENTO
B96: COCIMIENTOS | D96: CUCHILLAS | E96: 32231912 | F96: BETSAIDA GUERRERO SILVA | G96: 8FNLA1FG | H96: 32222225 | I96: =Table5[[#This Row],[ÁREA]] -> 0 | J96: MANUEL DE JESUS DEL REAL ESQUIVEL | K96: L6GVBWA4 | L96: 5 | M96: CUCHILLAS | N96: CALIDAD
B97: COCIMIENTOS | D97: CUCHILLAS | E97: 32231912 | F97: BETSAIDA GUERRERO SILVA | G97: 8FNLA1FG | H97: 32222227 | I97: =Table5[[#This Row],[ÁREA]] -> 0 | J97: CARLOS RIVERA REYES | K97: FR3PUVFF | L97: 5 | M97: CUCHILLAS | N97: SEGURIDAD
B98: COCIMIENTOS | D98: CUCHILLAS | E98: 32231912 | F98: BETSAIDA GUERRERO SILVA | G98: 8FNLA1FG | H98: 32198258 | I98: =Table5[[#This Row],[ÁREA]] -> 0 | J98: VALERIA NATALY CASTAÑON RAMIREZ | K98: S/QR | L98: 5 | M98: CUCHILLAS | N98: GESTION
B99: COCIMIENTOS | D99: CUCHILLAS | E99: 32231912 | F99: BETSAIDA GUERRERO SILVA | G99: 8FNLA1FG | H99: 32237827 | I99: =Table5[[#This Row],[ÁREA]] -> 0 | J99: CONCEPCION REYES MONTERO | K99: S/QR | L99: 5 | M99: CUCHILLAS | N99: GENTE
B100: COCIMIENTOS | D100: CUCHILLAS | E100: 32231912 | F100: BETSAIDA GUERRERO SILVA | G100: 8FNLA1FG | H100: 32044502 | I100: =Table5[[#This Row],[ÁREA]] -> 0 | J100: ABEL GUILLERMO MAZATAN PAREDES | K100: CIUD1IBY | L100: 5 | M100: CUCHILLAS | N100: LOGISTICA
B101: COCIMIENTOS | D101: LOS CAZADORES DEL AMARGOR | E101: 32174889 | F101: FATIMA NEDITH GOMEZ MIRELES | G101: GR6YDQ7Y | H101: 32197423 | I101: =Table5[[#This Row],[ÁREA]] -> 0 | J101: URIEL ESCOBEDO MURO | K101: R7B6UG8V | L101: 7 | M101: LOS CAZADORES DEL AMARGOR | N101: GESTION
B102: COCIMIENTOS | D102: LOS CAZADORES DEL AMARGOR | E102: 32174889 | F102: FATIMA NEDITH GOMEZ MIRELES | G102: GR6YDQ7Y | H102: 32043796 | I102: =Table5[[#This Row],[ÁREA]] -> 0 | J102: JUAN RAMON JIMENEZ DELGADO | K102: A3WTC291 | L102: 7 | M102: LOS CAZADORES DEL AMARGOR | N102: MANTENIMIENTO
B103: COCIMIENTOS | D103: LOS CAZADORES DEL AMARGOR | E103: 32174889 | F103: FATIMA NEDITH GOMEZ MIRELES | G103: GR6YDQ7Y | H103: 32148922 | I103: =Table5[[#This Row],[ÁREA]] -> 0 | J103: JUAN ANTONIO VALDEZ LICERIO | K103: KTG11T4S | L103: 7 | M103: LOS CAZADORES DEL AMARGOR | N103: GENTE
B104: COCIMIENTOS | D104: LOS CAZADORES DEL AMARGOR | E104: 32174889 | F104: FATIMA NEDITH GOMEZ MIRELES | G104: GR6YDQ7Y | H104: 32173445 | I104: =Table5[[#This Row],[ÁREA]] -> 0 | J104: JOSE LUIS CAZARES PINALES | K104: 1Y71BDGV | L104: 7 | M104: LOS CAZADORES DEL AMARGOR | N104: CALIDAD
B105: COCIMIENTOS | D105: LOS CAZADORES DEL AMARGOR | E105: 32174889 | F105: FATIMA NEDITH GOMEZ MIRELES | G105: GR6YDQ7Y | H105: 32237830 | I105: =Table5[[#This Row],[ÁREA]] -> 0 | J105: ERIKA IVOONE IBARRA NAVA | K105: S/QR | L105: 7 | M105: LOS CAZADORES DEL AMARGOR | N105: SEGURIDAD
B106: COCIMIENTOS | D106: LOS CAZADORES DEL AMARGOR | E106: 32174889 | F106: FATIMA NEDITH GOMEZ MIRELES | G106: GR6YDQ7Y | H106: 32044838 | I106: =Table5[[#This Row],[ÁREA]] -> 0 | J106: J MARIO TRUJILLO MEZA | K106: 1LKTGK36 | L106: 7 | M106: LOS CAZADORES DEL AMARGOR | N106: AMBIENTAL
... B137: COCIMIENTOS | D137: MOSTO-BOYS | E137: 32044983 | F137: RAÚL BAÑUELOS FLORES | G137: NP6IPSVN | H137: 32177483 | I137: =Table5[[#This Row],[ÁREA]] -> 0 | J137: ALDO ADRIAN SIFUENTES VELOZ | K137: G6BZTZAO | L137: 5 | M137: MOSTO-BOYS | N137: MANTENIMIENTO
B138: ENVASADO | C138: 1 | D138: CONEJOS | E138: 32046689 | F138: LUIS MANUEL RAMIREZ QUINTANAR | G138: FE6V8MJW | H138: 32067736 | I138: =Table5[[#This Row],[ÁREA]] -> 1 | J138: REYES CARDONA JOSE RICARDO | K138: 5H8WVCDF | L138: 6 | M138: CONEJOS | N138: Champion Calidad
B139: ENVASADO | C139: 1 | D139: CONEJOS | E139: 32046689 | F139: LUIS MANUEL RAMIREZ QUINTANAR | G139: FE6V8MJW | H139: 32046175 | I139: =Table5[[#This Row],[ÁREA]] -> 1 | J139: MURO TOVAR CRUZ | K139: 5E308T58 | L139: 6 | M139: CONEJOS | N139: Champion Mantenimiento
B140: ENVASADO | C140: 1 | D140: CONEJOS | E140: 32046689 | F140: LUIS MANUEL RAMIREZ QUINTANAR | G140: FE6V8MJW | H140: 32046354 | I140: =Table5[[#This Row],[ÁREA]] -> 1 | J140: MANRIQUEZ AGUILAR JAVIER | K140: E6BC2GYT | L140: 6 | M140: CONEJOS | N140: Champion Gestión
B141: ENVASADO | C141: 1 | D141: CONEJOS | E141: 32046689 | F141: LUIS MANUEL RAMIREZ QUINTANAR | G141: FE6V8MJW | H141: 32136855 | I141: =Table5[[#This Row],[ÁREA]] -> 1 | J141: LUIS CARLOS VAZQUEZ CASTAÑEDA | K141: 9AZU6G3I | L141: 6 | M141: CONEJOS | N141: Champion Seguridad
B142: ENVASADO | C142: 1 | D142: CONEJOS | E142: 32046689 | F142: LUIS MANUEL RAMIREZ QUINTANAR | G142: FE6V8MJW | H142: 32057054 | I142: =Table5[[#This Row],[ÁREA]] -> 1 | J142: ESPARZA MARTINEZ JOSE ALFREDO | K142: MNBDPPTV | L142: 6 | M142: CONEJOS | N142: Champion Ambiental
B143: ENVASADO | C143: 1 | D143: CONEJOS | E143: 32046689 | F143: LUIS MANUEL RAMIREZ QUINTANAR | G143: FE6V8MJW | H143: 32046253 | I143: =Table5[[#This Row],[ÁREA]] -> 1 | J143: ARMENDARIZ RAUDALES MARIO ANTONIO | K143: W2B9M9SI | L143: 6 | M143: CONEJOS | N143: Champion Gente
B144: ENVASADO | C144: 1 | D144: EXOTICOS | E144: 32147380 | F144: EDUARDO TRUJILLO ROJAS | G144: s/QR | H144: 32107322 | I144: =Table5[[#This Row],[ÁREA]] -> 1 | J144: SALAZAR GAMEZ GABRIEL | K144: C1OTGNRI | L144: 6 | M144: EXOTICOS | N144: Champion Gestión
B145: ENVASADO | C145: 1 | D145: EXOTICOS | E145: 32147380 | F145: EDUARDO TRUJILLO ROJAS | G145: s/QR | H145: 32046388 | I145: =Table5[[#This Row],[ÁREA]] -> 1 | J145: ROMAN SANCHEZ ARMANDO | K145: O7AVXMKI | L145: 6 | M145: EXOTICOS | N145: Champion Ambiental
B146: ENVASADO | C146: 1 | D146: EXOTICOS | E146: 32147380 | F146: EDUARDO TRUJILLO ROJAS | G146: s/QR | H146: 32046339 | I146: =Table5[[#This Row],[ÁREA]] -> 1 | J146: PUENTE DEL RIO ALEJANDRO | K146: TVMWPTHR | L146: 6 | M146: EXOTICOS | N146: Champion Seguridad
B147: ENVASADO | C147: 1 | D147: EXOTICOS | E147: 32147380 | F147: EDUARDO TRUJILLO ROJAS | G147: s/QR | H147: 32131837 | I147: =Table5[[#This Row],[ÁREA]] -> 1 | J147: MURILLO PINEDO IGNACIO | K147: 9Y69RT74 | L147: 6 | M147: EXOTICOS | N147: Champion Mantenimiento
B148: ENVASADO | C148: 1 | D148: EXOTICOS | E148: 32147380 | F148: EDUARDO TRUJILLO ROJAS | G148: s/QR | H148: 32145468 | I148: =Table5[[#This Row],[ÁREA]] -> 1 | J148: HUERTA SOTO GUSTAVO ANGEL | K148: GDQ3GGHC | L148: 6 | M148: EXOTICOS | N148: Champion Calidad
B149: ENVASADO | C149: 1 | D149: MAPACHES | E149: 32146001 | F149: FERNANDO VALDIVIA FLORES | G149: 5AT8KHIT | H149: 32046520 | I149: =Table5[[#This Row],[ÁREA]] -> 1 | J149: VILLARREAL TORRES JOSE ALBERTO | K149: 2K6KSZ2Z | L149: 6 | M149: MAPACHES | N149: Champion Ambiental
... B153: ENVASADO | C153: 1 | D153: MAPACHES | E153: 32146001 | F153: FERNANDO VALDIVIA FLORES | G153: 5AT8KHIT | H153: 32132064 | I153: =Table5[[#This Row],[ÁREA]] -> 1 | J153: DAVID ISMAEL TORRES | K153: 572SEMGE | L153: 6 | M153: MAPACHES | N153: Champion Mantenimiento
B154: ENVASADO | C154: 1 | D154: MAPACHES | E154: 32146001 | F154: FERNANDO VALDIVIA FLORES | G154: MS84OMX2 | H154: 32197891 | I154: 1 | J154: Jorge Luis Vazquez Perez | K154: DKQYDP4J | L154: 7 | M154: MAPACHES | N154: Champion Seguridad
B155: ENVASADO | C155: 2 | D155: CAPRICHOS | E155: 32146001 | F155: FERNANDO VALDIVIA FLORES | G155: 5AT8KHIT | H155: 32044001 | I155: =Table5[[#This Row],[ÁREA]] -> 2 | J155: PACHECO SANTACRUZ URIEL | K155: YPPBF7FE | L155: 6 | M155: CAPRICHOS | N155: Champion Calidad
B156: ENVASADO | C156: 2 | D156: CAPRICHOS | E156: 32146001 | F156: FERNANDO VALDIVIA FLORES | G156: 5AT8KHIT | H156: 32198288 | I156: =Table5[[#This Row],[ÁREA]] -> 2 | J156: JOSE MARIA CASTILLO CORONA | K156: S/QR | L156: 6 | M156: CAPRICHOS | N156: Champion Gente
B157: ENVASADO | C157: 2 | D157: CAPRICHOS | E157: 32146001 | F157: FERNANDO VALDIVIA FLORES | G157: 5AT8KHIT | H157: 32046313 | I157: =Table5[[#This Row],[ÁREA]] -> 2 | J157: JACOBO ARTEAGA JAIME NOEL | K157: 9QMSJ0PD | L157: 6 | M157: CAPRICHOS | N157: Champion Gestión
B158: ENVASADO | C158: 2 | D158: CAPRICHOS | E158: 32146001 | F158: FERNANDO VALDIVIA FLORES | G158: 5AT8KHIT | H158: 32046028 | I158: =Table5[[#This Row],[ÁREA]] -> 2 | J158: GARCIA GONZALEZ MANUEL | K158: C8L22FFW | L158: 6 | M158: CAPRICHOS | N158: Champion Seguridad
B159: ENVASADO | C159: 2 | D159: CAPRICHOS | E159: 32146001 | F159: FERNANDO VALDIVIA FLORES | G159: 5AT8KHIT | H159: 32060923 | I159: =Table5[[#This Row],[ÁREA]] -> 2 | J159: CHAVEZ RUELAS HILARIO | K159: 37BOK38O | L159: 6 | M159: CAPRICHOS | N159: Champion Mantenimiento
B160: ENVASADO | C160: 2 | D160: CAPRICHOS | E160: 32146001 | F160: FERNANDO VALDIVIA FLORES | G160: 5AT8KHIT | H160: 32046293 | I160: =Table5[[#This Row],[ÁREA]] -> 2 | J160: CARRILLO ESCAREÑO IGNACIO | K160: 13KSPUPD | L160: 6 | M160: CAPRICHOS | N160: Champion Ambiental
B161: ENVASADO | C161: 2 | D161: CHANGOS | E161: 32147380 | F161: EDUARDO TRUJILLO ROJAS | G161: s/QR | H161: 32044113 | I161: =Table5[[#This Row],[ÁREA]] -> 2 | J161: J. JESÚS REYES CAMPOS | K161: NBE3QB3D | L161: 6 | M161: CHANGOS | N161: Champion Ambiental
B162: ENVASADO | C162: 2 | D162: CHANGOS | E162: 32147380 | F162: EDUARDO TRUJILLO ROJAS | H162: 32143041 | I162: 2 | J162: JOSE ISABEL RODRIGUEZ DE LA CRUZ | M162: CHANGOS | N162: Champion Mantenimiento
B163: ENVASADO | C163: 2 | D163: CHANGOS | E163: 32147380 | F163: EDUARDO TRUJILLO ROJAS | H163: 32148618 | I163: 2 | J163: OMAR TORRES ZAPATA | M163: CHANGOS | N163: Champion Seguridad
B164: ENVASADO | C164: 2 | D164: CHANGOS | E164: 32147380 | F164: EDUARDO TRUJILLO ROJAS | G164: s/QR | H164: 32044609 | I164: =Table5[[#This Row],[ÁREA]] -> 2 | J164: ISMAEL SANCHEZ RODRIGUEZ | K164: HTSMZVKW | L164: 6 | M164: CHANGOS | N164: Champion Calidad
B165: ENVASADO | C165: 2 | D165: CHANGOS | E165: 32147380 | F165: EDUARDO TRUJILLO ROJAS | G165: s/QR | H165: 32188131 | I165: =Table5[[#This Row],[ÁREA]] -> 2 | J165: ADRIAN MORENO MARTINEZ | K165: 6Y2THO7F | L165: 6 | M165: CHANGOS | N165: Champion Gente
B166: ENVASADO | C166: 2 | D166: KAPASES | E166: 32046689 | F166: LUIS MANUEL RAMIREZ QUINTANAR | G166: FE6V8MJW | H166: 32046406 | I166: =Table5[[#This Row],[ÁREA]] -> 2 | J166: VARELA JARAMILLO JESUS | K166: 4TJURH1J | L166: 6 | M166: KAPASES | N166: Champion Gente
B167: ENVASADO | C167: 2 | D167: KAPASES | E167: 32046689 | F167: LUIS MANUEL RAMIREZ QUINTANAR | G167: FE6V8MJW | H167: 32131821 | I167: =Table5[[#This Row],[ÁREA]] -> 2 | J167: ORTIZ MARTINEZ IVAN | K167: D0RBQAYU | L167: 6 | M167: KAPASES | N167: Champion Seguridad
B168: ENVASADO | C168: 2 | D168: KAPASES | E168: 32046689 | F168: LUIS MANUEL RAMIREZ QUINTANAR | G168: FE6V8MJW | H168: 32044448 | I168: =Table5[[#This Row],[ÁREA]] -> 2 | J168: MACIAS BARRIOS JULIO CESAR | K168: V394BFSH | L168: 6 | M168: KAPASES | N168: Champion Gestión
B169: ENVASADO | C169: 2 | D169: KAPASES | E169: 32046689 | F169: LUIS MANUEL RAMIREZ QUINTANAR | G169: FE6V8MJW | H169: 32155897 | I169: =Table5[[#This Row],[ÁREA]] -> 2 | J169: HELDER ALEJANDRO GAMEZ RODRIGUEZ | K169: 4WZVR1YM | L169: 6 | M169: KAPASES | N169: CHAMPION MEDIO AMBIENTE
B170: ENVASADO | C170: 2 | D170: KAPASES | E170: 32046689 | F170: LUIS MANUEL RAMIREZ QUINTANAR | G170: FE6V8MJW | H170: 32198267 | I170: =Table5[[#This Row],[ÁREA]] -> 2 | J170: ALEJANDRO CARDENAS MACIAS | K170: 4LOT6JZ5 | L170: 6 | M170: KAPASES | N170: CHAMPION MANTENIMIENTO
B171: ENVASADO | C171: 3 | D171: BEER LOVERS | E171: 32174381 | F171: MARIA DE JESUS MUÑOZ CASTILLO | G171: 3UXH95FJ | H171: 32046634 | I171: =Table5[[#This Row],[ÁREA]] -> 3 | J171: SAMUEL DEL RIO CASTILLO | K171: ET1CWK08 | L171: 9 | M171: BEER LOVERS | N171: CHAMPION GENTE
B172: ENVASADO | C172: 3 | D172: BEER LOVERS | E172: 32174381 | F172: MARIA DE JESUS MUÑOZ CASTILLO | G172: 3UXH95FJ | H172: 32198303 | I172: =Table5[[#This Row],[ÁREA]] -> 3 | J172: NORMA RUTH REGIS DUEÑAS | K172: EO3VE6SF | L172: 9 | M172: BEER LOVERS | N172: CHAMPION AMBIENTAL
B173: ENVASADO | C173: 3 | D173: BEER LOVERS | E173: 32174381 | F173: MARIA DE JESUS MUÑOZ CASTILLO | G173: 3UXH95FJ | H173: 32045522 | I173: =Table5[[#This Row],[ÁREA]] -> 3 | J173: MARCELO DEL REAL MARQUEZ | K173: OILVKLFQ | L173: 9 | M173: BEER LOVERS | N173: CHAMPION MANTENIMIENTO
B174: ENVASADO | C174: 3 | D174: BEER LOVERS | E174: 32174381 | F174: MARIA DE JESUS MUÑOZ CASTILLO | G174: 3UXH95FJ | H174: 32044830 | I174: =Table5[[#This Row],[ÁREA]] -> 3 | J174: MANUEL DOMINGUEZ RODRIGUEZ | K174: LVT9AV8G | L174: 9 | M174: BEER LOVERS | N174: APOYO GENTE
B175: ENVASADO | C175: 3 | D175: BEER LOVERS | E175: 32174381 | F175: MARIA DE JESUS MUÑOZ CASTILLO | G175: 3UXH95FJ | H175: 32132584 | I175: =Table5[[#This Row],[ÁREA]] -> 3 | J175: LUIS ALBERTO LEYVA ESCARCIA | K175: RDK19S3E | L175: 9 | M175: BEER LOVERS | N175: CHAMPION CALIDAD
... B204: ENVASADO | C204: 4 | D204: COMPADRES | E204: 32148105 | F204: NOE CRUZ RAUDALES | G204: MWYT4VVF | H204: 32096443 | I204: =Table5[[#This Row],[ÁREA]] -> 4 | J204: MIGUEL ÁNGEL VILLAVICENCIO VALENZUELA | K204: 1G62BV8D | L204: 15 | M204: COMPADRES | N204: CHAMPION AMBIENTAL
B205: ENVASADO | C205: 4 | D205: COMPADRES | E205: 32148105 | F205: NOE CRUZ RAUDALES | G205: NF99JZLM | H205: 32132058 | I205: 4 | J205: AURELIANO ORTIZ DELGADO | K205: FOSBXHYD | L205: 14 | M205: COMPADRES | N205: APOYO MANTENIMIENTO
B206: ENVASADO | C206: 4 | D206: COMPADRES | E206: 32148105 | F206: NOE CRUZ RAUDALES | G206: MWYT4VVF | H206: 32142779 | I206: =Table5[[#This Row],[ÁREA]] -> 4 | J206: GUILLERMO DELGADO RAMIREZ | K206: 38O1YBX2 | L206: 14 | M206: COMPADRES | N206: CHAMPION DE GENTE
B207: ENVASADO | C207: 4 | D207: COMPADRES | E207: 32148105 | F207: NOE CRUZ RAUDALES | G207: MWYT4VVF | H207: 32143050 | I207: =Table5[[#This Row],[ÁREA]] -> 4 | J207: PEDRO RAMÍREZ DOMÍNGUEZ | K207: EUK64GU4 | L207: 15 | M207: COMPADRES | N207: CHAMPION GESTION
B208: ENVASADO | C208: 4 | D208: COMPADRES | E208: 32148105 | F208: NOE CRUZ RAUDALES | G208: MWYT4VVF | H208: 32149066 | I208: =Table5[[#This Row],[ÁREA]] -> 4 | J208: JOSÉ LEONEL CAMPOS MEDELLIN | K208: 2PAR0XD5 | L208: 15 | M208: COMPADRES | N208: CHAMPION MANTENIMIENTO
B209: ENVASADO | C209: 4 | D209: COMPADRES | E209: 32148105 | F209: NOE CRUZ RAUDALES | G209: MWYT4VVF | H209: 32197883 | I209: =Table5[[#This Row],[ÁREA]] -> 4 | J209: HERMINIO ALEJANDRO PINEDO ORTÍZ | K209: OEZ6UZQH | L209: 15 | M209: COMPADRES | N209: APOYO CHAMPION AMBIENTAL
B210: ENVASADO | C210: 4 | D210: COMPADRES | E210: 32148105 | F210: NOE CRUZ RAUDALES | G210: MWYT4VVF | H210: 32199342 | I210: =Table5[[#This Row],[ÁREA]] -> 4 | J210: NOÉ ÁNIBAL CASTRO MALDONADO | K210: YYE3T3JK | L210: 15 | M210: COMPADRES | N210: APOYO CHAMPION DE MANTENIMIENTO
B211: ENVASADO | C211: 4 | D211: GUERREROS | E211: 32046005 | F211: VICTOR MANUEL MURO GALLEGOS | G211: MWYT4VVF | H211: 32044578 | I211: =Table5[[#This Row],[ÁREA]] -> 4 | J211: JOSÉ DE JESÚS MEDINA DELGADO | K211: KHIIGVR9 | L211: 15 | M211: GUERREROS | N211: APOYO CHAMPION DE CALDIAD
