Workbook

Sheet Edad_Antigüedad
M1: Años
A2: Area | B2: Prom Experiencia del Equipo | C2: Prom Edad | D2: Total Dias de Vacaciones | E2: Prom Dias de Vacaciones | H2: Area | I2: Mín. Antigüedad | J2: Prom Antigüedad | K2: Máx. Antigüedad | M2: 1 | N2: 12
A3: COCIMIENTOS | B3: 13.857143 | C3: 37.860274 | D3: 1138 | E3: 23.22449 | H3: COCIMIENTOS | I3: 0 | J3: 13.857143 | K3: 30 | M3: 2 | N3: 14
A4: CUARTOS FRIOS | B4: 14.460526 | C4: 39.509625 | D4: 1786 | E4: 23.5 | H4: CUARTOS FRIOS | I4: 1 | J4: 14.460526 | K4: 30 | M4: 3 | N4: 16
A5: ELABORACION | B5: 19 | C5: 42.686301 | D5: 160 | E5: 26.666667 | H5: ELABORACION | I5: 6 | J5: 19 | K5: 27 | M5: 4 | N5: 18
A6: MANTENIMIENTO | B6: 21.212121 | C6: 44.465338 | D6: 884 | E6: 26.787879 | H6: MANTENIMIENTO | I6: 3 | J6: 21.212121 | K6: 30 | M6: 5 | N6: 20
A7: Total general | B7: 15.804878 | C7: 40.130237 | D7: 3968 | E7: 24.195122 | H7: Total general | I7: 0 | J7: 15.804878 | K7: 30 | M7: 6 | N7: 22
M8: 7 | N8: 22
M9: 8 | N9: 22
H10: Area | I10: Mín. Edad | J10: Prom Edad | K10: Máx. Edad | M10: 9 | N10: 22
H11: COCIMIENTOS | I11: 22.657534 | J11: 37.860274 | K11: 55.175342 | M11: 10 | N11: 22
H12: CUARTOS FRIOS | I12: 22.246575 | J12: 39.509625 | K12: 59.509589 | M12: 11 | N12: 24
H13: ELABORACION | I13: 29.49589 | J13: 42.686301 | K13: 52.671233 | M13: 12 | N13: 24
H14: MANTENIMIENTO | I14: 25.142466 | J14: 44.465338 | K14: 57.482192 | M14: 13 | N14: 24
H15: Total general | I15: 22.246575 | J15: 40.130237 | K15: 59.509589 | M15: 14 | N15: 24
M16: 15 | N16: 24
M17: 16 | N17: 26
M18: 17 | N18: 26
M19: 18 | N19: 26
M20: 19 | N20: 26
M21: 20 | N21: 26
M22: 21 | N22: 28
M23: 22 | N23: 28
M24: 23 | N24: 28
M25: 24 | N25: 28
M26: 25 | N26: 28
M27: 26 | N27: 30
... M36: 35 | N36: 32

Sheet EAutonomos
B1: Fecha de actualizacion 17-01-2026
B2: Banda | C2: (Todas)
B4: Departamento | C4: Cuenta de Nombre del Lider | E4: Equipo Autonomo | F4: Integrantes
B5: ELABORACION | C5: 6 | E5: COCIMIENTOS | F5: 48 | H5: Etiquetas de fila | I5: Cuenta de Nombre del Equipo
B6: COCIMIENTOS | C6: 49 | E6: LOS CAZADORES DEL AMARGOR | F6: 10 | H6: COCIMIENTOS | I6: 50
B7: CUARTOS FRIOS | C7: 78 | E7: LOS PANCHITOS | F7: 10 | H7: BREWMAN | I7: 2
B8: MANTENIMIENTO | C8: 33 | E8: MASH-RAINBOW | F8: 9 | H8: CUCHILLAS | I8: 9
B9: Total general | C9: 166 | E9: MOSTO-BOYS | F9: 10 | H9: LOS CAZADORES DEL AMARGOR | I9: 10
E10: CUCHILLAS | F10: 9 | H10: LOS PANCHITOS | I10: 10
E11: CUARTOS FRIOS | F11: 76 | H11: MASH-RAINBOW | I11: 9
E12: LOS BRONCOS | F12: 17 | H12: MOSTO-BOYS | I12: 10
E13: REYES DE LA MEZCLA | F13: 8 | H13: CUARTOS FRIOS | I13: 78
E14: LOS FUERTES DEL FRIO | F14: 17 | H14: ANDAMOS CON TODO | I14: 16
E15: ANDAMOS CON TODO | F15: 17 | H15: BRAVOS DEL FRIO | I15: 17
E16: BRAVOS DEL FRIO | F16: 17 | H16: BREWMAN | I16: 3
E17: MANTENIMIENTO | F17: 30 | H17: LOS BRONCOS | I17: 17
E18: MUNICH | F18: 16 | H18: LOS FUERTES DEL FRIO | I18: 16
E19: NAHUALES | F19: 14 | H19: REYES DE LA MEZCLA | I19: 9
E20: Total general | F20: 154 | H20: (en blanco)
H21: ELABORACION | I21: 4
H22: BREWMAN | I22: 4
H23: MANTENIMIENTO | I23: 33
H24: BREWMAN | I24: 3
H25: MUNICH | I25: 16
H26: NAHUALES | I26: 14
H27: Total general | I27: 165

Sheet Personal Total
G1: Operador de Braumat | H1: Operador | I1: Supervisor líder principal EA
K2: =TODAY() -> 46204 | M2: =PERCENTILE(M4:M159,0.75) -> 26
A3: Departamento | B3: Puesto en en Worday | C3: Banda | D3: SHARP | E3: Integrante | F3: SHARP Lider | G3: Nombre del Lider | H3: Nombre del Equipo | I3: Observaciones | J3: Turno (Para Estructura) | K3: Fecha de Ingreso | L3: Fecha de Nacimiento | M3: Antigüedad | N3: Edad | O3: Dias de Vacaciones | P3: Escolaridad | Q3: Cursos Externos | R3: Materias Primas | S3: Cocedor - Macerador | T3: Filtro-Olla | U3: Determinacion de Platos | V3: Operación Fermentacion | W3: Filtros | X3: BBTS | Y3: Planeacion Cerveza | Z3: Manejo de Inventarios C.Frios | AA3: Operación Blender | AB3: Champion Seguridad | AC3: Champion Ambiental | AD3: Champion Gestion | AE3: Champion Gente | AF3: Champion Calidad | AG3: Champion Logistica | AH3: Champion Mantto | AI3: Especialista PSM Dust | AJ3: Planeacion Cocimientos | AK3: Tecnico Electrico | AL3: Tecnico Electronico | AM3: Tecnico Mecanico | AN3: Supervisor de Mantto | AO3: Planeador de Mantto | AP3: Ayudante de Disolución | AQ3: Preparador | AR3: Relevo y QUAS | AS3: Recibo de Materias Primas | AT3: Recibo de Quimicos | AU3: Tolvas de Bagazo
A4: CUARTOS FRIOS | B4: SUPERVISOR DE CUARTOS FRIOS | C4: 7 | D4: 32052981 | E4: JUAN JOSE MEJIA MONTOYA | F4: 32045961 | G4: JAIME ALEJANDRO LAGUNAS CARRERA | H4: ANDAMOS CON TODO | I4: LIDER DE TURNO | J4: 1 | K4: 38882 | L4: 30123 | M4: =ROUND((($K$2-K4)/365),0) -> 20 | N4: =($K$2-L4)/365 -> 44.057534 | O4: =VLOOKUP(M4,Edad_Antigüedad!$M$2:$N$36,2) -> 26 | P4: LICENCIATURA | Q4: 0 | R4: 0 | S4: 0 | T4: 0 | U4: 0 | V4: 1 | W4: 1 | X4: 1 | Y4: 0 | Z4: 0 | AA4: 0 | AB4: 1 | AC4: 0 | AD4: 0 | AE4: 0 | AF4: 0 | AG4: 0 | AH4: 1
A5: CUARTOS FRIOS | B5: OPERADOR DE PLATOS | C5: AM | D5: 32213349 | E5: PEDRO LUIS RODRIGUEZ GAMEZ | F5: 32052981 | G5: JUAN JOSE MEJIA MONTOYA | H5: ANDAMOS CON TODO | I5: Manejo de tierras filtrantes | J5: 1 | K5: 44757 | L5: 35743 | M5: =ROUND((($K$2-K5)/365),0) -> 4 | N5: =($K$2-L5)/365 -> 28.660274 | O5: =VLOOKUP(M5,Edad_Antigüedad!$M$2:$N$36,2) -> 18 | P5: CURSANDO LIC. | Q5: 0 | R5: 0 | S5: 0 | T5: 0 | U5: 1 | V5: 0 | W5: 0 | X5: 0 | Y5: 0 | Z5: 0 | AA5: 0
A6: CUARTOS FRIOS | B6: BOMBERO DE CERVEZA | C6: AM | D6: 32144777 | E6: OSCAR CAMPOS GUERRERO | F6: 32052981 | G6: JUAN JOSE MEJIA MONTOYA | H6: ANDAMOS CON TODO | I6: Bombero de cerveza | J6: 1 | K6: 42357 | L6: 32835 | M6: =ROUND((($K$2-K6)/365),0) -> 11 | N6: =($K$2-L6)/365 -> 36.627397 | O6: =VLOOKUP(M6,Edad_Antigüedad!$M$2:$N$36,2) -> 24 | P6: SECUNDARIA | Q6: 0 | R6: 0 | S6: 0 | T6: 0 | U6: 0 | V6: 1 | W6: 1 | X6: 0 | Y6: 0 | Z6: 0 | AA6: 0
A7: CUARTOS FRIOS | B7: LLENADOR DE GOBIERNO | C7: AM | D7: 32157221 | E7: JESUS MENCHACA DEL VILLAR | F7: 32052981 | G7: JUAN JOSE MEJIA MONTOYA | H7: ANDAMOS CON TODO | I7: Llenador de gobierno | J7: 1 | K7: 42797 | L7: 33550 | M7: =ROUND((($K$2-K7)/365),0) -> 9 | N7: =($K$2-L7)/365 -> 34.668493 | O7: =VLOOKUP(M7,Edad_Antigüedad!$M$2:$N$36,2) -> 22 | P7: PREPARATORIA | Q7: 0 | R7: 0 | S7: 0 | T7: 0 | U7: 0 | V7: 0 | W7: 0 | X7: 0 | Y7: 0 | Z7: 0 | AA7: 0
A8: CUARTOS FRIOS | B8: LLENADOR DE GOBIERNO | C8: AM | D8: 32043849 | E8: PEDRO ANTONIO URIBE ARANDA | F8: 32052981 | G8: JUAN JOSE MEJIA MONTOYA | H8: ANDAMOS CON TODO | I8: Llenador de gobierno | J8: 1 | K8: 35282 | L8: 25017 | M8: =ROUND((($K$2-K8)/365),0) -> 30 | N8: =($K$2-L8)/365 -> 58.046575 | O8: =VLOOKUP(M8,Edad_Antigüedad!$M$2:$N$36,2) -> 30 | P8: SECUNDARIA | Q8: 0 | R8: 0 | S8: 0 | T8: 0 | U8: 0 | V8: 0 | W8: 0 | X8: 0 | Y8: 0 | Z8: 0 | AA8: 0
A9: CUARTOS FRIOS | B9: LLENADOR DE MOSTOS | C9: AM | D9: 32132025 | E9: SERGIO MIGUEL PARRA VAZQUEZ | F9: 32052981 | G9: JUAN JOSE MEJIA MONTOYA | H9: ANDAMOS CON TODO | I9: Llenador de mosto | J9: 1 | K9: 41806 | L9: 34606 | M9: =ROUND((($K$2-K9)/365),0) -> 12 | N9: =($K$2-L9)/365 -> 31.775342 | O9: =VLOOKUP(M9,Edad_Antigüedad!$M$2:$N$36,2) -> 24 | P9: PREPARATORIA | Q9: 0 | R9: 0 | S9: 0 | T9: 0 | U9: 0 | V9: 1 | W9: 1 | X9: 0 | Y9: 0 | Z9: 0 | AA9: 0
A10: CUARTOS FRIOS | B10: VACIADOR DE GOBIERNO | C10: AM | D10: 32045134 | E10: PEDRO MALDONADO MARQUEZ | F10: 32052981 | G10: JUAN JOSE MEJIA MONTOYA | H10: ANDAMOS CON TODO | I10: Vaciador de gobierno | J10: 1 | K10: 36811 | L10: 27415 | M10: =ROUND((($K$2-K10)/365),0) -> 26 | N10: =($K$2-L10)/365 -> 51.476712 | O10: =VLOOKUP(M10,Edad_Antigüedad!$M$2:$N$36,2) -> 30 | P10: SECUNDARIA | Q10: 0 | R10: 0 | S10: 0 | T10: 0 | U10: 0 | V10: 0 | W10: 1 | X10: 1 | Y10: 0 | Z10: 0 | AA10: 0
A11: CUARTOS FRIOS | B11: BOMBERO DE LEVADURA | C11: AM | D11: 32197863 | E11: CESAR RODRIGUEZ BANDA | F11: 32052981 | G11: JUAN JOSE MEJIA MONTOYA | H11: ANDAMOS CON TODO | I11: QUAS | J11: 1 | K11: 44057 | L11: 34189 | M11: =ROUND((($K$2-K11)/365),0) -> 6 | N11: =($K$2-L11)/365 -> 32.917808 | O11: =VLOOKUP(M11,Edad_Antigüedad!$M$2:$N$36,2) -> 22 | P11: SECUNDARIA | Q11: 0 | R11: 0 | S11: 0 | T11: 0 | U11: 0 | V11: 1 | W11: 1 | X11: 0 | Y11: 0 | Z11: 0 | AA11: 0
A12: CUARTOS FRIOS | B12: OPERADOR DE PLATOS | C12: AM | D12: 32197834 | E12: LUIS ADOLFO MALDONADO DOMINGUEZ | F12: 32052981 | G12: JUAN JOSE MEJIA MONTOYA | H12: ANDAMOS CON TODO | I12: Platos | J12: 1 | K12: 44428 | L12: 34371 | M12: =ROUND((($K$2-K12)/365),0) -> 5 | N12: =($K$2-L12)/365 -> 32.419178 | O12: =VLOOKUP(M12,Edad_Antigüedad!$M$2:$N$36,2) -> 20 | P12: PREPARATORIA | Q12: 0 | R12: 0 | S12: 0 | T12: 0 | U12: 1 | V12: 0 | W12: 0 | X12: 0 | Y12: 0 | Z12: 0 | AA12: 0
A13: CUARTOS FRIOS | B13: QUAS | C13: AM | D13: 32173446 | E13: JOSE EDUARDO ALVARADO CEBALLOS | F13: 32052981 | G13: JUAN JOSE MEJIA MONTOYA | H13: ANDAMOS CON TODO | I13: QUAs | J13: 1 | K13: 43434 | L13: 36016 | M13: =ROUND((($K$2-K13)/365),0) -> 8 | N13: =($K$2-L13)/365 -> 27.912329 | O13: =VLOOKUP(M13,Edad_Antigüedad!$M$2:$N$36,2) -> 22 | P13: LICENCIATURA | Q13: 0 | R13: 0 | S13: 0 | T13: 0 | U13: 0 | V13: 1 | W13: 1 | X13: 1 | Y13: 0 | Z13: 0 | AA13: 0
A14: CUARTOS FRIOS | B14: TECNICO DE ELABORACION | C14: 9 | D14: 32045116 | E14: JOSE LEANDRO MARTINEZ SANDOVAL | F14: 32052981 | G14: JUAN JOSE MEJIA MONTOYA | H14: ANDAMOS CON TODO | I14: Técnico de elaboración | J14: 1 | K14: 36801 | L14: 28061 | M14: =ROUND((($K$2-K14)/365),0) -> 26 | N14: =($K$2-L14)/365 -> 49.706849 | O14: =VLOOKUP(M14,Edad_Antigüedad!$M$2:$N$36,2) -> 30 | P14: LICENCIATURA | Q14: 0 | R14: 0 | S14: 0 | T14: 0 | U14: 0 | V14: 0 | W14: 1 | X14: 1 | Y14: 0 | Z14: 0 | AA14: 0 | AB14: 0 | AC14: 0 | AD14: 0 | AE14: 0 | AF14: 0 | AG14: 0 | AH14: 0
A15: CUARTOS FRIOS | B15: VACIADOR DE GOBIERNO | C15: AM | D15: 32149607 | E15: JORGE ALBERTO ORTIZ HERNANDEZ | F15: 32052981 | G15: JUAN JOSE MEJIA MONTOYA | H15: ANDAMOS CON TODO | I15: Vaciador de gobierno | J15: 1 | K15: 42527 | L15: 35079 | M15: =ROUND((($K$2-K15)/365),0) -> 10 | N15: =($K$2-L15)/365 -> 30.479452 | O15: =VLOOKUP(M15,Edad_Antigüedad!$M$2:$N$36,2) -> 22 | P15: SECUNDARIA | Q15: 0 | R15: 0 | S15: 0 | T15: 0 | U15: 0 | V15: 0 | W15: 1 | X15: 1 | Y15: 0 | Z15: 0 | AA15: 0
A16: CUARTOS FRIOS | B16: BOMBERO DE CERVEZA | C16: AM | D16: 32043880 | E16: JAIME CID VEYNA | F16: 32052981 | G16: JUAN JOSE MEJIA MONTOYA | H16: ANDAMOS CON TODO | I16: Bombero de cerveza | J16: 1 | K16: 35352 | L16: 25124 | M16: =ROUND((($K$2-K16)/365),0) -> 30 | N16: =($K$2-L16)/365 -> 57.753425 | O16: =VLOOKUP(M16,Edad_Antigüedad!$M$2:$N$36,2) -> 30 | P16: SECUNDARIA | Q16: 0 | R16: 0 | S16: 0 | T16: 0 | U16: 0 | V16: 1 | W16: 0 | X16: 0 | Y16: 0 | Z16: 0 | AA16: 0
A17: CUARTOS FRIOS | B17: TECNICO DE ELABORACION | C17: 9 | D17: 32045139 | E17: RICARDO ESPARZA DOMINGUEZ | F17: 32052981 | G17: JUAN JOSE MEJIA MONTOYA | H17: ANDAMOS CON TODO | I17: Técnico de elaboración | J17: 3 | K17: 36815 | L17: 27396 | M17: =ROUND((($K$2-K17)/365),0) -> 26 | N17: =($K$2-L17)/365 -> 51.528767 | O17: =VLOOKUP(M17,Edad_Antigüedad!$M$2:$N$36,2) -> 30 | P17: LICENCIATURA | Q17: 0 | R17: 0 | S17: 0 | T17: 0 | U17: 0 | V17: 0 | W17: 1 | X17: 1 | Y17: 0 | Z17: 1 | AA17: 0 | AB17: 0 | AC17: 0 | AD17: 0 | AE17: 0 | AF17: 0 | AG17: 0 | AH17: 0
A18: CUARTOS FRIOS | B18: LLENADOR DE MOSTOS | C18: AM | D18: 32044036 | E18: VICTOR SOTO LIZARDO | F18: 32052981 | G18: JUAN JOSE MEJIA MONTOYA | H18: ANDAMOS CON TODO | I18: Llenador de mosto | J18: 1 | K18: 35502 | L18: 28098 | M18: =ROUND((($K$2-K18)/365),0) -> 29 | N18: =($K$2-L18)/365 -> 49.605479 | O18: =VLOOKUP(M18,Edad_Antigüedad!$M$2:$N$36,2) -> 30 | P18: SECUNDARIA | Q18: 0 | R18: 0 | S18: 0 | T18: 0 | U18: 0 | V18: 1 | W18: 0 | X18: 0 | Y18: 0 | Z18: 0 | AA18: 0
A19: CUARTOS FRIOS | B19: TECNICO DE ELABORACION | C19: 9 | D19: 32143106 | E19: VICTOR HUGO ZAPATA DOMINGUEZ | F19: 32052981 | G19: JUAN JOSE MEJIA MONTOYA | H19: ANDAMOS CON TODO | I19: Técnico de elaboración | J19: 1 | K19: 42310 | L19: 32332 | M19: =ROUND((($K$2-K19)/365),0) -> 11 | N19: =($K$2-L19)/365 -> 38.005479 | O19: =VLOOKUP(M19,Edad_Antigüedad!$M$2:$N$36,2) -> 24 | P19: LICENCIATURA | Q19: 0 | R19: 0 | S19: 0 | T19: 0 | U19: 0 | V19: 0 | W19: 0 | X19: 1 | Y19: 0 | Z19: 1 | AA19: 1 | AB19: 0 | AC19: 0 | AD19: 0 | AE19: 0 | AF19: 0 | AG19: 0 | AH19: 0
A20: CUARTOS FRIOS | B20: VACIADOR DE GOBIERNO | C20: AM | D20: 32043886 | E20: RAFAEL CHAVEZ REVELES | F20: 32044049 | G20: RAUL DAVID CORTES ALANIZ | H20: BRAVOS DEL FRIO | I20: Vaciador de gobierno | J20: 1 | K20: 35359 | L20: 27728 | M20: =ROUND((($K$2-K20)/365),0) -> 30 | N20: =($K$2-L20)/365 -> 50.619178 | O20: =VLOOKUP(M20,Edad_Antigüedad!$M$2:$N$36,2) -> 30 | P20: SECUNDARIA | Q20: 0 | R20: 0 | S20: 0 | T20: 0 | U20: 0 | V20: 0 | W20: 1 | X20: 1 | Y20: 0 | Z20: 0 | AA20: 0
A21: CUARTOS FRIOS | B21: LLENADOR DE GOBIERNO | C21: AM | D21: 32043891 | E21: ARMANDO RAYZOLA ROLDAN | F21: 32044049 | G21: RAUL DAVID CORTES ALANIZ | H21: BRAVOS DEL FRIO | I21: Llenador de gobierno | J21: 1 | K21: 35366 | L21: 26219 | M21: =ROUND((($K$2-K21)/365),0) -> 30 | N21: =($K$2-L21)/365 -> 54.753425 | O21: =VLOOKUP(M21,Edad_Antigüedad!$M$2:$N$36,2) -> 30 | P21: SECUNDARIA | Q21: 0 | R21: 0 | S21: 0 | T21: 0 | U21: 0 | V21: 0 | W21: 0 | X21: 0 | Y21: 0 | Z21: 0 | AA21: 0
A22: CUARTOS FRIOS | B22: SUPERVISOR DE CUARTOS FRIOS | C22: 7 | D22: 32044049 | E22: RAUL DAVID CORTES ALANIZ | F22: 32045961 | G22: JAIME ALEJANDRO LAGUNAS CARRERA | H22: BRAVOS DEL FRIO | I22: LIDER DE TURNO | J22: 2 | K22: 35520 | L22: 26662 | M22: =ROUND((($K$2-K22)/365),0) -> 29 | N22: =($K$2-L22)/365 -> 53.539726 | O22: =VLOOKUP(M22,Edad_Antigüedad!$M$2:$N$36,2) -> 30 | P22: LICENCIATURA | Q22: 0 | R22: 0 | S22: 0 | T22: 0 | U22: 1 | V22: 1 | W22: 1 | X22: 1 | Y22: 1 | Z22: 1 | AA22: 0 | AB22: 0 | AC22: 0 | AD22: 0 | AE22: 0 | AF22: 0 | AG22: 0 | AH22: 0
A23: CUARTOS FRIOS | B23: TECNICO DE ELABORACION | C23: 9 | D23: 32044235 | E23: JESUS EDUARDO BRICEÑO MONTELONGO | F23: 32044049 | G23: RAUL DAVID CORTES ALANIZ | H23: BRAVOS DEL FRIO | I23: Técnico de elaboración | J23: 1 | K23: 35734 | L23: 25891 | M23: =ROUND((($K$2-K23)/365),0) -> 29 | N23: =($K$2-L23)/365 -> 55.652055 | O23: =VLOOKUP(M23,Edad_Antigüedad!$M$2:$N$36,2) -> 30 | P23: LICENCIATURA | Q23: 0 | R23: 0 | S23: 0 | T23: 0 | U23: 0 | V23: 0 | W23: 1 | X23: 1 | Y23: 0 | Z23: 0 | AA23: 0 | AB23: 0 | AC23: 0 | AD23: 0 | AE23: 0 | AF23: 0 | AG23: 0 | AH23: 0
A24: CUARTOS FRIOS | B24: BOMBERO DE LEVADURA | C24: AM | D24: 32044514 | E24: LUIS MANUEL DOMINGUEZ GARCIA | F24: 32044049 | G24: RAUL DAVID CORTES ALANIZ | H24: BRAVOS DEL FRIO | I24: Bombero de levadura | J24: 1 | K24: 36136 | L24: 26895 | M24: =ROUND((($K$2-K24)/365),0) -> 28 | N24: =($K$2-L24)/365 -> 52.90137 | O24: =VLOOKUP(M24,Edad_Antigüedad!$M$2:$N$36,2) -> 30 | P24: SECUNDARIA | Q24: 0 | R24: 0 | S24: 0 | T24: 0 | U24: 0 | V24: 1 | W24: 0 | X24: 0 | Y24: 0 | Z24: 0 | AA24: 0
A25: CUARTOS FRIOS | B25: BOMBERO DE CERVEZA | C25: AM | D25: 32044751 | E25: JUAN MANUEL HUERTA DE LA ROSA | F25: 32044049 | G25: RAUL DAVID CORTES ALANIZ | H25: BRAVOS DEL FRIO | I25: Bombero de cerveza | J25: 1 | K25: 36343 | L25: 29759 | M25: =ROUND((($K$2-K25)/365),0) -> 27 | N25: =($K$2-L25)/365 -> 45.054795 | O25: =VLOOKUP(M25,Edad_Antigüedad!$M$2:$N$36,2) -> 30 | P25: SECUNDARIA | Q25: 0 | R25: 0 | S25: 0 | T25: 0 | U25: 0 | V25: 1 | W25: 0 | X25: 0 | Y25: 0 | Z25: 0 | AA25: 0
A26: CUARTOS FRIOS | B26: LLENADOR DE MOSTOS | C26: AM | D26: 32044760 | E26: MAURICIO ARELLANO TREJO | F26: 32044049 | G26: RAUL DAVID CORTES ALANIZ | H26: BRAVOS DEL FRIO | I26: Llenador de mosto | J26: 1 | K26: 36351 | L26: 25328 | M26: =ROUND((($K$2-K26)/365),0) -> 27 | N26: =($K$2-L26)/365 -> 57.194521 | O26: =VLOOKUP(M26,Edad_Antigüedad!$M$2:$N$36,2) -> 30 | P26: SECUNDARIA | Q26: 0 | R26: 0 | S26: 0 | T26: 0 | U26: 0 | V26: 1 | W26: 0 | X26: 0 | Y26: 0 | Z26: 0 | AA26: 0
A27: CUARTOS FRIOS | B27: LLENADOR DE MOSTOS | C27: AM | D27: 32044771 | E27: RAFAEL MARTINEZ MARES | F27: 32044049 | G27: RAUL DAVID CORTES ALANIZ | H27: BRAVOS DEL FRIO | I27: Llenador de mosto | J27: 1 | K27: 36368 | L27: 28409 | M27: =ROUND((($K$2-K27)/365),0) -> 27 | N27: =($K$2-L27)/365 -> 48.753425 | O27: =VLOOKUP(M27,Edad_Antigüedad!$M$2:$N$36,2) -> 30 | P27: SECUNDARIA | Q27: 0 | R27: 0 | S27: 0 | T27: 0 | U27: 0 | V27: 1 | W27: 0 | X27: 0 | Y27: 0 | Z27: 0 | AA27: 0
A28: CUARTOS FRIOS | B28: LLENADOR DE GOBIERNO | C28: AM | D28: 32045574 | E28: PEDRO PALOS JARA | F28: 32044049 | G28: RAUL DAVID CORTES ALANIZ | H28: BRAVOS DEL FRIO | I28: Llenador de gobierno | J28: 1 | K28: 37298 | L28: 27234 | M28: =ROUND((($K$2-K28)/365),0) -> 24 | N28: =($K$2-L28)/365 -> 51.972603 | O28: =VLOOKUP(M28,Edad_Antigüedad!$M$2:$N$36,2) -> 28 | P28: SECUNDARIA | Q28: 0 | R28: 0 | S28: 0 | T28: 0 | U28: 0 | V28: 0 | W28: 0 | X28: 0 | Y28: 0 | Z28: 0 | AA28: 0
A29: CUARTOS FRIOS | B29: VACIADOR DE GOBIERNO | C29: AM | D29: 32111307 | E29: FRANCISCO JAVIER VARELA RODRIGUEZ | F29: 32044049 | G29: RAUL DAVID CORTES ALANIZ | H29: BRAVOS DEL FRIO | I29: Vaciador de gobierno | J29: 1 | K29: 41092 | L29: 33262 | M29: =ROUND((($K$2-K29)/365),0) -> 14 | N29: =($K$2-L29)/365 -> 35.457534 | O29: =VLOOKUP(M29,Edad_Antigüedad!$M$2:$N$36,2) -> 24 | P29: PREPARATORIA | Q29: 0 | R29: 0 | S29: 0 | T29: 0 | U29: 0 | V29: 0 | W29: 1 | X29: 1 | Y29: 0 | Z29: 0 | AA29: 0
A30: CUARTOS FRIOS | B30: MANEJO DE TIERRAS FILTRANTES | C30: AM | D30: 32142953 | E30: GERMAN RUEDAS SANCHEZ | F30: 32044049 | G30: RAUL DAVID CORTES ALANIZ | H30: BRAVOS DEL FRIO | I30: Manejo de tierras filtrantes | J30: 1 | K30: 42303 | L30: 31740 | M30: =ROUND((($K$2-K30)/365),0) -> 11 | N30: =($K$2-L30)/365 -> 39.627397 | O30: =VLOOKUP(M30,Edad_Antigüedad!$M$2:$N$36,2) -> 24 | P30: SECUNDARIA | Q30: 0 | R30: 0 | S30: 0 | T30: 0 | U30: 0 | V30: 0 | W30: 1 | X30: 1 | Y30: 0 | Z30: 0 | AA30: 0
A31: CUARTOS FRIOS | B31: TECNICO DE ELABORACION | C31: 9 | D31: 32146003 | E31: LUIS FERNANDO ZAPATA CARDONA | F31: 32044049 | G31: RAUL DAVID CORTES ALANIZ | H31: BRAVOS DEL FRIO | I31: Técnico de elaboración | J31: 2 | K31: 42402 | L31: 35454 | M31: =ROUND((($K$2-K31)/365),0) -> 10 | N31: =($K$2-L31)/365 -> 29.452055 | O31: =VLOOKUP(M31,Edad_Antigüedad!$M$2:$N$36,2) -> 22 | P31: LICENCIATURA | Q31: 0 | R31: 0 | S31: 0 | T31: 0 | U31: 1 | V31: 1 | W31: 1 | X31: 1 | Y31: 0 | Z31: 0 | AA31: 0 | AB31: 0 | AC31: 0 | AD31: 0 | AE31: 0 | AF31: 0 | AG31: 0 | AH31: 0
A32: CUARTOS FRIOS | B32: TECNICO DE ELABORACION | C32: 9 | D32: 32224377 | E32: CARLOS EDUARDO ORNEDO ESQUEDA | F32: 32044049 | G32: RAUL DAVID CORTES ALANIZ | H32: BRAVOS DEL FRIO | I32: Técnico de elaboración | J32: 2 | K32: 45231 | L32: 36134 | M32: =ROUND((($K$2-K32)/365),0) -> 3 | N32: =($K$2-L32)/365 -> 27.589041 | O32: =VLOOKUP(M32,Edad_Antigüedad!$M$2:$N$36,2) -> 16 | P32: LICENCIATURA | Q32: 0 | R32: 0 | S32: 0 | T32: 0 | U32: 0 | V32: 0 | W32: 0 | X32: 1 | Y32: 0 | Z32: 0 | AA32: 0 | AB32: 0 | AC32: 0 | AD32: 0 | AE32: 0 | AF32: 0 | AG32: 0 | AH32: 0
A33: CUARTOS FRIOS | B33: MANEJO DE TIERRAS FILTRANTES | C33: AM | D33: 32197833 | E33: JORGE LUIS RODRIGUEZ BERMUDEZ | F33: 32044049 | G33: RAUL DAVID CORTES ALANIZ | H33: BRAVOS DEL FRIO | I33: Bombero de cerveza | J33: 1 | K33: 44428 | L33: 35543 | M33: =ROUND((($K$2-K33)/365),0) -> 5 | N33: =($K$2-L33)/365 -> 29.208219 | O33: =VLOOKUP(M33,Edad_Antigüedad!$M$2:$N$36,2) -> 20 | P33: PREPARATORIA | Q33: 0 | R33: 0 | S33: 0 | T33: 0 | U33: 0 | V33: 0 | W33: 1 | X33: 0 | Y33: 0 | Z33: 0 | AA33: 0
A34: CUARTOS FRIOS | B34: MANEJO DE TIERRAS FILTRANTES | C34: AM | D34: 32209921 | E34: OSCAR EDUARDO VALDEZ MUÑOZ | F34: 32044049 | G34: RAUL DAVID CORTES ALANIZ | H34: BRAVOS DEL FRIO | I34: Platos | J34: 1 | K34: 44687 | L34: 36501 | M34: =ROUND((($K$2-K34)/365),0) -> 4 | N34: =($K$2-L34)/365 -> 26.583562 | O34: =VLOOKUP(M34,Edad_Antigüedad!$M$2:$N$36,2) -> 18 | P34: PREPARATORIA | Q34: 0 | R34: 0 | S34: 0 | T34: 0 | U34: 0 | V34: 0 | W34: 1 | X34: 0 | Y34: 0 | Z34: 0 | AA34: 0
A35: CUARTOS FRIOS | B35: TECNICO DE ELABORACION | C35: 9 | D35: 32233327 | E35: ISAÍ SOLOZANO HUARACHA | F35: 32044049 | G35: RAUL DAVID CORTES ALANIZ | H35: BRAVOS DEL FRIO | I35: Técnico de elaboración | J35: 1 | K35: 45705 | L35: 36793 | M35: =ROUND((($K$2-K35)/365),0) -> 1 | N35: =($K$2-L35)/365 -> 25.783562 | O35: =VLOOKUP(M35,Edad_Antigüedad!$M$2:$N$36,2) -> 12 | P35: LICENCIATURA | Q35: 0 | R35: 0 | S35: 0 | T35: 0 | U35: 0 | V35: 1 | W35: 0 | X35: 0 | Y35: 0 | Z35: 0 | AA35: 0
A36: COCIMIENTOS | B36: SUPERVISOR DE COCIMIENTOS | C36: 7 | D36: 32045014 | E36: J JESUS ALVARADO TENORIO | F36: 32132858 | G36: CLAUDIA ALEXANDRA ALVAREZ BARBA | H36: BREWMAN | I36: RELEVO DE VACACIONES | J36: 1 | K36: 36706 | L36: 27693 | M36: =ROUND((($K$2-K36)/365),0) -> 26 | N36: =($K$2-L36)/365 -> 50.715068 | O36: =VLOOKUP(M36,Edad_Antigüedad!$M$2:$N$36,2) -> 30 | P36: LICENCIATURA | R36: 1 | S36: 1 | T36: 1 | U36: 1 | V36: 0 | W36: 0 | X36: 0 | Y36: 0 | Z36: 0 | AA36: 0 | AB36: 0 | AC36: 0 | AD36: 0 | AE36: 0 | AF36: 0 | AG36: 0 | AH36: 0 | AI36: 0 | AJ36: 0 | AK36: 0 | AL36: 0 | AM36: 0 | AN36: 0 | AO36: 0
A37: CUARTOS FRIOS | B37: SUPERVISOR DE CUARTOS FRIOS | C37: 7 | D37: 32046063 | E37: TOPILTZIN TONATIUH I CURIEL CABRAL | F37: 32045961 | G37: JAIME ALEJANDRO LAGUNAS CARRERA | H37: BREWMAN | I37: RELEVO DE VACACIONES | J37: 1 | K37: 38201 | L37: 29670 | M37: =ROUND((($K$2-K37)/365),0) -> 22 | N37: =($K$2-L37)/365 -> 45.29863 | O37: =VLOOKUP(M37,Edad_Antigüedad!$M$2:$N$36,2) -> 28 | P37: LICENCIATURA | Q37: 1 | R37: 0 | S37: 0 | T37: 0 | U37: 1 | V37: 1 | W37: 1 | X37: 1 | Y37: 1 | Z37: 0 | AA37: 1 | AB37: 0 | AC37: 0 | AD37: 0 | AE37: 0 | AF37: 0 | AG37: 0 | AH37: 0
A38: CUARTOS FRIOS | B38: SUPERVISOR DE CUARTOS FRIOS | C38: 7 | D38: 32052750 | E38: OSCAR GUILLERMO MEJIA GARCIA | F38: 32132858 | G38: CLAUDIA ALEXANDRA ALVAREZ BARBA | H38: BREWMAN | I38: SUPERVISOR PROPAGACION | J38: 2 | K38: 38903 | L38: 28306 | M38: =ROUND((($K$2-K38)/365),0) -> 20 | N38: =($K$2-L38)/365 -> 49.035616 | O38: =VLOOKUP(M38,Edad_Antigüedad!$M$2:$N$36,2) -> 26 | P38: LICENCIATURA | Q38: 0 | R38: 0 | S38: 0 | T38: 0 | U38: 1 | V38: 1 | W38: 0 | X38: 0 | Y38: 0 | Z38: 0 | AA38: 0 | AB38: 0 | AC38: 0 | AD38: 0 | AE38: 0 | AF38: 0 | AG38: 0 | AH38: 0
A39: CUARTOS FRIOS | B39: INGENIERO EN PROCESOS | C39: 7 | D39: 32146683 | E39: OSCAR MANUEL GONZALEZ BOTELLO | F39: 32045961 | G39: AXEL GUILLEN RAMÍREZ | H39: BREWMAN | I39: INGENIERO EN PROCESO | J39: 2 | K39: 43907 | L39: 35312 | M39: =ROUND((($K$2-K39)/365),0) -> 6 | N39: =($K$2-L39)/365 -> 29.841096 | O39: =VLOOKUP(M39,Edad_Antigüedad!$M$2:$N$36,2) -> 22 | P39: LICENCIATURA | Q39: 0 | R39: 0 | S39: 0 | T39: 0 | U39: 0 | V39: 0 | W39: 0 | X39: 0 | Y39: 0 | Z39: 0 | AA39: 0 | AB39: 0 | AC39: 0 | AD39: 1 | AE39: 1 | AF39: 0 | AG39: 0 | AH39: 0
A40: COCIMIENTOS | B40: INGENIERO EN PROCESOS | C40: 7 | D40: 32044914 | E40: ADRIAN DIAZ MARRUFO | F40: 32052556 | G40: AXEL GUILLEN RAMÍREZ | H40: BREWMAN | I40: INGENIERO EN PROCESO | J40: 2 | K40: 36743 | L40: 26853 | M40: =ROUND((($K$2-K40)/365),0) -> 26 | N40: =($K$2-L40)/365 -> 53.016438 | O40: =VLOOKUP(M40,Edad_Antigüedad!$M$2:$N$36,2) -> 30 | P40: INGENIERIA | Q40: SIEBEL | R40: 0 | S40: 0 | T40: 0 | U40: 0 | V40: 0 | W40: 0 | X40: 0 | Y40: 0 | Z40: 0 | AA40: 0 | AB40: 0 | AC40: 0 | AD40: 0 | AE40: 0 | AF40: 0 | AG40: 0 | AH40: 0 | AI40: 0 | AJ40: 0 | AK40: 0 | AL40: 0 | AM40: 0 | AN40: 0 | AO40: 0
A41: ELABORACION | B41: GERENTE CFR | C41: 5 | D41: 32045961 | E41: JAIME ALEJANDRO LAGUNAS CARRERA | F41: 32052556 | G41: AXEL GUILLEN RAMÍREZ | H41: BREWMAN | I41: GERENTE DE AREA | J41: 2 | K41: 37803 | L41: 29325 | M41: =ROUND((($K$2-K41)/365),0) -> 23 | N41: =($K$2-L41)/365 -> 46.243836 | O41: =VLOOKUP(M41,Edad_Antigüedad!$M$2:$N$36,2) -> 28 | P41: LICENCIATURA
A42: ELABORACION | B42: STAFF PRODUCTIVIDAD CERV MANTENIMIENTO | C42: 6 | D42: 32044762 | E42: RUBEN EDGARDO OLIVA ESPINOSA | F42: 32052556 | G42: AXEL GUILLEN RAMÍREZ | H42: BREWMAN | I42: GERENTE DE AREA | J42: 2 | K42: 36354 | L42: 27976 | M42: =ROUND((($K$2-K42)/365),0) -> 27 | N42: =($K$2-L42)/365 -> 49.939726 | O42: =VLOOKUP(M42,Edad_Antigüedad!$M$2:$N$36,2) -> 30 | R42: 0 | S42: 0 | T42: 0 | U42: 0 | V42: 0 | W42: 0 | X42: 0 | Y42: 0 | Z42: 0 | AA42: 0 | AB42: 0 | AC42: 0 | AD42: 0 | AE42: 0 | AF42: 0 | AG42: 0 | AH42: 0 | AI42: 0 | AJ42: 0 | AK42: 0 | AL42: 0 | AM42: 1 | AN42: 0 | AO42: 0
A43: ELABORACION | B43: GERENTE DE COCIMIENTOS | C43: 5 | D43: 32132858 | E43: CLAUDIA ALEXANDRA ALVAREZ BARBA | F43: 32052556 | G43: AXEL GUILLEN RAMÍREZ | H43: BREWMAN | I43: GERENTE DE AREA | J43: 2 | K43: 41821 | L43: 32898 | M43: =ROUND((($K$2-K43)/365),0) -> 12 | N43: =($K$2-L43)/365 -> 36.454795 | O43: =VLOOKUP(M43,Edad_Antigüedad!$M$2:$N$36,2) -> 24 | R43: 0 | S43: 0 | T43: 0 | U43: 0 | V43: 0 | W43: 0 | X43: 0 | Y43: 0 | Z43: 0 | AA43: 0 | AB43: 0 | AC43: 0 | AD43: 0 | AE43: 0 | AF43: 0 | AG43: 0 | AH43: 0 | AI43: 0 | AJ43: 0 | AK43: 0 | AL43: 0 | AM43: 0 | AN43: 0 | AO43: 0
A44: ELABORACION | B44: GERENTE DE ELABORACION | C44: 4 | D44: 32052556 | E44: AXEL GUILLEN RAMIREZ | F44: 1 | G44: ERNESTO ANGEL RANGEL | H44: BREWMAN | I44: GERENTE DE AREA | J44: 2 | K44: 38896 | L44: 30621 | M44: =ROUND((($K$2-K44)/365),0) -> 20 | N44: =($K$2-L44)/365 -> 42.693151 | O44: =VLOOKUP(M44,Edad_Antigüedad!$M$2:$N$36,2) -> 26 | P44: Ingeniero Mecatronico | Q44: 0 | R44: 0 | S44: 0 | T44: 0 | U44: 0 | V44: 0 | W44: 0 | X44: 0 | Y44: 0 | Z44: 0 | AA44: 0 | AB44: 0 | AC44: 0 | AD44: 0 | AE44: 0 | AF44: 0 | AG44: 0 | AH44: 0 | AI44: 0 | AJ44: 0 | AK44: 0 | AL44: 1 | AM44: 0 | AN44: 0 | AO44: 0
A45: MANTENIMIENTO | B45: SUPERVISOR DE MANTENIMIENTO | C45: 7 | D45: 32043783 | E45: PEDRO RODRIGUEZ GUERRERO | F45: 32044762 | G45: RUBEN EDGARDO OLIVA ESPINOSA | H45: BREWMAN | I45: SUPERVISOR DE CONTROL & AUTOMATIZACION | J45: 2 | K45: 35096 | L45: 26863 | M45: =ROUND((($K$2-K45)/365),0) -> 30 | N45: =($K$2-L45)/365 -> 52.989041 | O45: =VLOOKUP(M45,Edad_Antigüedad!$M$2:$N$36,2) -> 30 | P45: Ingenieria | Q45: 0 | R45: 0 | S45: 0 | T45: 0 | U45: 0 | V45: 0 | W45: 0 | X45: 0 | Y45: 0 | Z45: 0 | AA45: 0 | AB45: 0 | AC45: 0 | AD45: 0 | AE45: 0 | AF45: 0 | AG45: 0 | AH45: 0 | AI45: 0 | AJ45: 0 | AK45: 0 | AL45: 0 | AM45: 0 | AN45: 1 | AO45: 1
A46: MANTENIMIENTO | B46: PLANEADOR | C46: 7 | D46: 32045472 | E46: JOSE BENJAMIN RAMIREZ RAMIREZ | F46: 32044762 | G46: RUBEN EDGARDO OLIVA ESPINOSA | H46: BREWMAN | I46: PLANEADOR | J46: 2 | K46: 37104 | L46: 27030 | M46: =ROUND((($K$2-K46)/365),0) -> 25 | N46: =($K$2-L46)/365 -> 52.531507 | O46: =VLOOKUP(M46,Edad_Antigüedad!$M$2:$N$36,2) -> 28 | P46: Ingeniero Electromecanico | R46: 0 | S46: 0 | T46: 0 | U46: 0 | V46: 0 | W46: 0 | X46: 0 | Y46: 0 | Z46: 0 | AA46: 1 | AB46: 0 | AC46: 0 | AD46: 0 | AE46: 0 | AF46: 0 | AG46: 0 | AH46: 0 | AI46: 0 | AJ46: 0 | AK46: 0 | AL46: 1 | AM46: 0 | AN46: 1 | AO46: 0
A47: MANTENIMIENTO | B47: PLANEADOR | C47: 7 | D47: 32063998 | E47: JUAN CARLOS CEBALLOS | F47: 32044762 | G47: RUBEN EDGARDO OLIVA ESPINOSA | H47: BREWMAN | I47: PLANEADOR | J47: 2 | K47: 39286 | L47: 30624 | M47: =ROUND((($K$2-K47)/365),0) -> 19 | N47: =($K$2-L47)/365 -> 42.684932 | O47: =VLOOKUP(M47,Edad_Antigüedad!$M$2:$N$36,2) -> 26 | P47: Ingeniero Mecanico | R47: 0 | S47: 0 | T47: 0 | U47: 0 | V47: 0 | W47: 0 | X47: 0 | Y47: 0 | Z47: 0 | AA47: 0 | AB47: 0 | AC47: 1 | AD47: 0 | AE47: 0 | AF47: 0 | AG47: 0 | AH47: 0 | AI47: 0 | AJ47: 0 | AK47: 0 | AL47: 0 | AM47: 0 | AN47: 1 | AO47: 1
A48: COCIMIENTOS | B48: SUPERVISOR DE COCIMIENTOS | C48: 7 | D48: 32045531 | E48: JUAN SALAZAR BANDA | F48: 32132858 | G48: CLAUDIA ALEXANDRA ALVAREZ BARBA | H48: CUCHILLAS | I48: LIDER DE TURNO | J48: 1 | K48: 37151 | L48: 28428 | M48: =ROUND((($K$2-K48)/365),0) -> 25 | N48: =($K$2-L48)/365 -> 48.70137 | O48: =VLOOKUP(M48,Edad_Antigüedad!$M$2:$N$36,2) -> 28 | P48: INGENIERIA | R48: 1 | S48: 1 | T48: 1 | U48: 1 | V48: 0 | W48: 0 | X48: 0 | Y48: 0 | Z48: 0 | AA48: 0 | AB48: 0 | AC48: 0 | AD48: 0 | AE48: 0 | AF48: 0 | AG48: 0 | AH48: 0 | AI48: 0 | AJ48: 0 | AK48: 0 | AL48: 0 | AM48: 0 | AN48: 0 | AO48: 0
A49: COCIMIENTOS | B49: TECNICO MANTENIMIENTO | C49: 9 | D49: 32044502 | E49: ABEL GUILLERMO MAZATAN PAREDES | F49: 32045531 | G49: JUAN SALAZAR BANDA | H49: CUCHILLAS | I49: TECNICO MANTENIMIENTO | J49: 1 | K49: 36123 | L49: 28915 | M49: =ROUND((($K$2-K49)/365),0) -> 28 | N49: =($K$2-L49)/365 -> 47.367123 | O49: =VLOOKUP(M49,Edad_Antigüedad!$M$2:$N$36,2) -> 30 | P49: BACHILLERATO | R49: 1 | S49: 1 | T49: 1 | U49: 0 | V49: 0 | W49: 0 | X49: 0 | Y49: 0 | Z49: 0 | AA49: 0 | AB49: 0 | AC49: 0 | AD49: 0 | AE49: 0 | AF49: 0 | AG49: 0 | AH49: 0 | AI49: 0 | AJ49: 0 | AK49: 0 | AL49: 0 | AM49: 0 | AN49: 0 | AO49: 0
A50: COCIMIENTOS | B50: OPERADOR DE MONTACARGAS | C50: AM | D50: 32102191 | E50: MARIO ALBERTO ZAMARRIPA LLANAS | F50: 32045531 | G50: JUAN SALAZAR BANDA | H50: CUCHILLAS | I50: OPERADOR DE MONTACARGAS | J50: 1 | K50: 40739 | L50: 33704 | M50: =ROUND((($K$2-K50)/365),0) -> 15 | N50: =($K$2-L50)/365 -> 34.246575 | O50: =VLOOKUP(M50,Edad_Antigüedad!$M$2:$N$36,2) -> 24 | P50: SECUNDARIA | R50: 1 | S50: 1 | T50: 1 | U50: 0 | V50: 0 | W50: 0 | X50: 0 | Y50: 0 | Z50: 0 | AA50: 0 | AB50: 0 | AC50: 0 | AD50: 0 | AE50: 0 | AF50: 0 | AG50: 0 | AH50: 0 | AI50: 0 | AJ50: 0 | AK50: 0 | AL50: 0 | AM50: 0 | AN50: 0 | AO50: 0
A51: COCIMIENTOS | B51: OPERADOR PREPARADOR | C51: B | D51: 32209454 | E51: JOSÉ LUIS MALDONADO | F51: 32045531 | G51: JUAN SALAZAR BANDA | H51: CUCHILLAS | I51: OPERADOR PREPARADOR | J51: 1 | K51: 44673 | L51: 33366 | M51: =ROUND((($K$2-K51)/365),0) -> 4 | N51: =($K$2-L51)/365 -> 35.172603 | O51: =VLOOKUP(M51,Edad_Antigüedad!$M$2:$N$36,2) -> 18 | P51: BACHILLERATO | R51: 1 | S51: 1 | T51: 1 | U51: 0 | V51: 0 | W51: 0 | X51: 0 | Y51: 0 | Z51: 0 | AA51: 0 | AB51: 0 | AC51: 0 | AD51: 0 | AE51: 0 | AF51: 0 | AH51: 0 | AI51: 0 | AJ51: 0 | AK51: 0 | AL51: 0 | AM51: 0 | AN51: 0 | AO51: 0
A52: COCIMIENTOS | B52: OPERADOR RECIBO DE QUÍMICOS | C52: BM | D52: 32204264 | E52: ADRIAN HERNANDEZ DE AVILA | F52: 32045531 | G52: JUAN SALAZAR BANDA | H52: CUCHILLAS | I52: OPERADOR PREPARADOR | J52: 1 | K52: 44867 | L52: 37450 | M52: =ROUND((($K$2-K52)/365),0) -> 4 | N52: =($K$2-L52)/365 -> 23.983562 | O52: =VLOOKUP(M52,Edad_Antigüedad!$M$2:$N$36,2) -> 18 | P52: BACHILLERATO | R52: 1 | S52: 1 | T52: 1 | U52: 0 | V52: 0 | W52: 0 | X52: 0 | Y52: 0 | Z52: 0 | AA52: 0 | AB52: 0 | AC52: 0 | AD52: 0 | AE52: 0 | AF52: 0 | AG52: 0 | AH52: 0 | AI52: 0 | AJ52: 0 | AK52: 0 | AL52: 0 | AM52: 0 | AN52: 0 | AO52: 0
A53: COCIMIENTOS | B53: OPERADOR RELEVO Y QUAS | C53: BM | D53: 32222225 | E53: MANUEL DE JESUS DEL REAL ESQUIVEL | F53: 32045531 | G53: JUAN SALAZAR BANDA | H53: CUCHILLAS | I53: OPERADOR RELEVO Y QUAS | J53: 1 | K53: 45093 | L53: 37808 | M53: =ROUND((($K$2-K53)/365),0) -> 3 | N53: =($K$2-L53)/365 -> 23.00274 | O53: =VLOOKUP(M53,Edad_Antigüedad!$M$2:$N$36,2) -> 16 | P53: BACHILLERATO | R53: 1 | S53: 1 | T53: 1 | U53: 1 | V53: 0 | W53: 0 | X53: 0 | Y53: 0 | Z53: 0 | AA53: 0 | AB53: 0 | AC53: 0 | AD53: 0 | AE53: 0 | AF53: 0 | AG53: 0 | AH53: 0 | AI53: 0 | AJ53: 0 | AK53: 0 | AL53: 0 | AM53: 0 | AN53: 0 | AO53: 0
A54: COCIMIENTOS | B54: OPERADOR DE MATERIAS PRIMAS | C54: C | D54: 32198258 | E54: VALERIA NATALY CASTAÑON RAMIREZ | F54: 32045531 | G54: JUAN SALAZAR BANDA | H54: CUCHILLAS | I54: OPERADOR DE MATERIAS PRIMAS | J54: 1 | K54: 44205 | L54: 34613 | M54: =ROUND((($K$2-K54)/365),0) -> 5 | N54: =($K$2-L54)/365 -> 31.756164 | O54: =VLOOKUP(M54,Edad_Antigüedad!$M$2:$N$36,2) -> 20 | P54: BACHILLERATO | R54: 1 | S54: 1 | T54: 1 | U54: 0 | V54: 0 | W54: 0 | X54: 0 | Y54: 0 | Z54: 0 | AA54: 0 | AB54: 0 | AC54: 0 | AD54: 0 | AE54: 0 | AF54: 0 | AG54: 0 | AH54: 0 | AJ54: 0
A55: COCIMIENTOS | B55: TECNICO DE ELABORACION | C55: 9 | D55: 32231912 | E55: BETSAIDA GUERRERO SILVA | F55: 32045531 | G55: JUAN SALAZAR BANDA | H55: CUCHILLAS | I55: TECNICO DE ELABORACION | J55: 1 | K55: 45583 | L55: 36989 | M55: =ROUND((($K$2-K55)/365),0) -> 2 | N55: =($K$2-L55)/365 -> 25.246575 | O55: =VLOOKUP(M55,Edad_Antigüedad!$M$2:$N$36,2) -> 14 | P55: INGENIERIA
A56: COCIMIENTOS | B56: OPERADOR DE MATERIAS PRIMAS | C56: BASE | D56: 32237827 | E56: CONCEPCIÓN REYES MONTERO | F56: 32045531 | G56: JUAN SALAZAR BANDA | H56: CUCHILLAS | I56: OPERADOR DE MATERIAS PRIMAS | J56: 1 | K56: 45933 | L56: 35977 | M56: =ROUND((($K$2-K56)/365),0) -> 1 | N56: =($K$2-L56)/365 -> 28.019178 | O56: 12 | P56: PREPARATORIA
A57: CUARTOS FRIOS | B57: LLENADOR DE GOBIERNO | C57: AM | D57: 32043902 | E57: ARTURO SAUCEDO CABRERA | F57: 32045174 | G57: MIGUEL ANGEL RIVERA MUÑOZ | H57: LOS BRONCOS | I57: Llenador de gobierno | J57: 1 | K57: 35373 | L57: 25118 | M57: =ROUND((($K$2-K57)/365),0) -> 30 | N57: =($K$2-L57)/365 -> 57.769863 | O57: =VLOOKUP(M57,Edad_Antigüedad!$M$2:$N$36,2) -> 30 | P57: SECUNDARIA | Q57: 0 | R57: 0 | S57: 0 | T57: 0 | U57: 0 | V57: 0 | W57: 0 | X57: 0 | Y57: 0 | Z57: 0 | AA57: 0
A58: CUARTOS FRIOS | B58: TECNICO DE ELABORACION | C58: 9 | D58: 32044246 | E58: MIGUEL ANGEL SANCHEZ FLORES | F58: 32045174 | G58: MIGUEL ANGEL RIVERA MUÑOZ | H58: LOS BRONCOS | I58: Técnico de elaboración | J58: 1 | K58: 35779 | L58: 27062 | M58: =ROUND((($K$2-K58)/365),0) -> 29 | N58: =($K$2-L58)/365 -> 52.443836 | O58: =VLOOKUP(M58,Edad_Antigüedad!$M$2:$N$36,2) -> 30 | P58: LICENCIATURA | Q58: 0 | R58: 0 | S58: 0 | T58: 0 | U58: 0 | V58: 0 | W58: 1 | X58: 1 | Y58: 0 | Z58: 0 | AA58: 0 | AB58: 0 | AC58: 0 | AD58: 0 | AE58: 0 | AF58: 0 | AG58: 0 | AH58: 0
A59: CUARTOS FRIOS | B59: LLENADOR DE MOSTOS | C59: AM | D59: 32044513 | E59: HUMBERTO RODARTE MARTINEZ | F59: 32045174 | G59: MIGUEL ANGEL RIVERA MUÑOZ | H59: LOS BRONCOS | I59: Llenador de mosto | J59: 1 | K59: 36136 | L59: 26469 | M59: =ROUND((($K$2-K59)/365),0) -> 28 | N59: =($K$2-L59)/365 -> 54.068493 | O59: =VLOOKUP(M59,Edad_Antigüedad!$M$2:$N$36,2) -> 30 | P59: SECUNDARIA | Q59: 0 | R59: 0 | S59: 0 | T59: 0 | U59: 0 | V59: 1 | W59: 0 | X59: 0 | Y59: 0 | Z59: 0 | AA59: 0
A60: CUARTOS FRIOS | B60: LLENADOR DE GOBIERNO | C60: AM | D60: 32045076 | E60: ERON GUARDADO ROBLES | F60: 32045174 | G60: MIGUEL ANGEL RIVERA MUÑOZ | H60: LOS BRONCOS | I60: Llenador de gobierno | J60: 1 | K60: 36766 | L60: 28671 | M60: =ROUND((($K$2-K60)/365),0) -> 26 | N60: =($K$2-L60)/365 -> 48.035616 | O60: =VLOOKUP(M60,Edad_Antigüedad!$M$2:$N$36,2) -> 30 | P60: SECUNDARIA | Q60: 0 | R60: 0 | S60: 0 | T60: 0 | U60: 0 | V60: 0 | W60: 0 | X60: 0 | Y60: 0 | Z60: 0 | AA60: 0
A61: CUARTOS FRIOS | B61: BOMBERO DE LEVADURA | C61: AM | D61: 32045149 | E61: ENRIQUE MEDINA GARCIA | F61: 32045174 | G61: MIGUEL ANGEL RIVERA MUÑOZ | H61: LOS BRONCOS | I61: Bombero de levadura | J61: 1 | K61: 36824 | L61: 30025 | M61: =ROUND((($K$2-K61)/365),0) -> 26 | N61: =($K$2-L61)/365 -> 44.326027 | O61: =VLOOKUP(M61,Edad_Antigüedad!$M$2:$N$36,2) -> 30 | P61: SECUNDARIA | Q61: 0 | R61: 0 | S61: 0 | T61: 0 | U61: 0 | V61: 1 | W61: 0 | X61: 0 | Y61: 0 | Z61: 0 | AA61: 0
A62: CUARTOS FRIOS | B62: SUPERVISOR DE CUARTOS FRIOS | C62: 7 | D62: 32045174 | E62: MIGUEL ANGEL RIVERA MUÑOZ | F62: 32045961 | G62: JAIME ALEJANDRO LAGUNAS CARRERA | H62: LOS BRONCOS | I62: LIDER DE TURNO | J62: 1 | K62: 36846 | L62: 26857 | M62: =ROUND((($K$2-K62)/365),0) -> 26 | N62: =($K$2-L62)/365 -> 53.005479 | O62: =VLOOKUP(M62,Edad_Antigüedad!$M$2:$N$36,2) -> 30 | P62: LICENCIATURA | Q62: 0 | R62: 0 | S62: 0 | T62: 0 | U62: 0 | V62: 0 | W62: 1 | X62: 1 | Y62: 0 | Z62: 0 | AA62: 0 | AB62: 0 | AC62: 0 | AD62: 0 | AE62: 1 | AF62: 0 | AG62: 0 | AH62: 0
A63: CUARTOS FRIOS | B63: BOMBERO DE CERVEZA | C63: AM | D63: 32045357 | E63: GUSTAVO MELENCIANO MARTINEZ | F63: 32045174 | G63: MIGUEL ANGEL RIVERA MUÑOZ | H63: LOS BRONCOS | I63: Bombero de cerveza | J63: 1 | K63: 37023 | L63: 26237 | M63: =ROUND((($K$2-K63)/365),0) -> 25 | N63: =($K$2-L63)/365 -> 54.70411 | O63: =VLOOKUP(M63,Edad_Antigüedad!$M$2:$N$36,2) -> 28 | P63: SECUNDARIA | Q63: 0 | R63: 0 | S63: 0 | T63: 0 | U63: 0 | V63: 1 | W63: 0 | X63: 0 | Y63: 0 | Z63: 0 | AA63: 0
A64: CUARTOS FRIOS | B64: VACIADOR DE GOBIERNO | C64: AM | D64: 32045396 | E64: JUAN GABRIEL HERNANDEZ GUARDADO | F64: 32045174 | G64: MIGUEL ANGEL RIVERA MUÑOZ | H64: LOS BRONCOS | I64: Vaciador de gobierno | J64: 1 | K64: 37055 | L64: 26745 | M64: =ROUND((($K$2-K64)/365),0) -> 25 | N64: =($K$2-L64)/365 -> 53.312329 | O64: =VLOOKUP(M64,Edad_Antigüedad!$M$2:$N$36,2) -> 28 | P64: SECUNDARIA | Q64: 0 | R64: 0 | S64: 0 | T64: 0 | U64: 0 | V64: 0 | W64: 1 | X64: 1 | Y64: 0 | Z64: 0 | AA64: 0
A65: CUARTOS FRIOS | B65: MANEJO DE TIERRAS FILTRANTES | C65: AM | D65: 32149238 | E65: OSWALDO DELGADILLO GONZALEZ | F65: 32045174 | G65: MIGUEL ANGEL RIVERA MUÑOZ | H65: LOS BRONCOS | I65: Llenador de mosto | J65: 1 | K65: 42520 | L65: 34969 | M65: =ROUND((($K$2-K65)/365),0) -> 10 | N65: =($K$2-L65)/365 -> 30.780822 | O65: =VLOOKUP(M65,Edad_Antigüedad!$M$2:$N$36,2) -> 22 | P65: PREPARATORIA | Q65: 0 | R65: 0 | S65: 0 | T65: 0 | U65: 0 | V65: 0 | W65: 1 | X65: 0 | Y65: 0 | Z65: 0 | AA65: 0
A66: CUARTOS FRIOS | B66: TECNICO DE ELABORACION | C66: 9 | D66: 32154634 | E66: EDGAR RENE DIAZ SANCHEZ | F66: 32045174 | G66: MIGUEL ANGEL RIVERA MUÑOZ | H66: LOS BRONCOS | I66: Técnico de elaboración | J66: 2 | K66: 42690 | L66: 33920 | M66: =ROUND((($K$2-K66)/365),0) -> 10 | N66: =($K$2-L66)/365 -> 33.654795 | O66: =VLOOKUP(M66,Edad_Antigüedad!$M$2:$N$36,2) -> 22 | P66: LICENCIATURA | Q66: 0 | R66: 0 | S66: 0 | T66: 0 | U66: 0 | V66: 0 | W66: 1 | X66: 1 | Y66: 0 | Z66: 0 | AA66: 0 | AB66: 0 | AC66: 0 | AD66: 0 | AE66: 0 | AF66: 0 | AG66: 0 | AH66: 0
A67: CUARTOS FRIOS | B67: QUAS | C67: A | D67: 32188009 | E67: ALDO ERNESTO SILVA VARELA | F67: 32045174 | G67: MIGUEL ANGEL RIVERA MUÑOZ | H67: LOS BRONCOS | I67: QUAs | J67: 1 | K67: 44379 | L67: 36082 | M67: =ROUND((($K$2-K67)/365),0) -> 5 | N67: =($K$2-L67)/365 -> 27.731507 | O67: =VLOOKUP(M67,Edad_Antigüedad!$M$2:$N$36,2) -> 20 | P67: PREPARATORIA | Q67: 0 | R67: 0 | S67: 0 | T67: 0 | U67: 0 | V67: 0 | W67: 0 | X67: 0 | Y67: 0 | Z67: 0 | AA67: 0
A68: CUARTOS FRIOS | B68: TECNICO DE ELABORACION | C68: 9 | D68: 32188513 | E68: GUILLERMO GERARDO GONZALEZ ULLOA | F68: 32045174 | G68: MIGUEL ANGEL RIVERA MUÑOZ | H68: LOS BRONCOS | I68: Técnico de elaboración | J68: 1 | K68: 44075 | L68: 34946 | M68: =ROUND((($K$2-K68)/365),0) -> 6 | N68: =($K$2-L68)/365 -> 30.843836 | O68: =VLOOKUP(M68,Edad_Antigüedad!$M$2:$N$36,2) -> 22 | P68: LICENCIATURA | Q68: 0 | R68: 0 | S68: 0 | T68: 0 | U68: 1 | V68: 1 | W68: 0 | X68: 0 | Y68: 0 | Z68: 0 | AA68: 0
A69: CUARTOS FRIOS | B69: MANEJO DE TIERRAS FILTRANTES | C69: AM | D69: 32197835 | E69: MARIO ALBERTO REYES HERNANDEZ | F69: 32045174 | G69: MIGUEL ANGEL RIVERA MUÑOZ | H69: LOS BRONCOS | I69: Bombero de cerveza | J69: 1 | K69: 44428 | L69: 34746 | M69: =ROUND((($K$2-K69)/365),0) -> 5 | N69: =($K$2-L69)/365 -> 31.391781 | O69: =VLOOKUP(M69,Edad_Antigüedad!$M$2:$N$36,2) -> 20 | P69: LICENCIATURA | Q69: 0 | R69: 0 | S69: 0 | T69: 0 | U69: 0 | V69: 0 | W69: 1 | X69: 0 | Y69: 0 | Z69: 0 | AA69: 0
A70: CUARTOS FRIOS | B70: MANEJO DE TIERRAS FILTRANTES | C70: AM | D70: 32201712 | E70: JUAN CARLOS MORALES ORTIZ | F70: 32045174 | G70: MIGUEL ANGEL RIVERA MUÑOZ | H70: LOS BRONCOS | I70: Vaciador de gobierno | J70: 1 | K70: 44498 | L70: 31590 | M70: =ROUND((($K$2-K70)/365),0) -> 5 | N70: =($K$2-L70)/365 -> 40.038356 | O70: =VLOOKUP(M70,Edad_Antigüedad!$M$2:$N$36,2) -> 20 | P70: CURSANDO LIC. | Q70: 0 | R70: 0 | S70: 0 | T70: 0 | U70: 0 | V70: 1 | W70: 1 | X70: 1 | Y70: 0 | Z70: 0 | AA70: 0
A71: CUARTOS FRIOS | B71: OPERADOR DE PLATOS | C71: AM | D71: 32213345 | E71: MANUEL DE JESUS FALCON ARROYO | F71: 32045174 | G71: MIGUEL ANGEL RIVERA MUÑOZ | H71: LOS BRONCOS | I71: Platos | J71: 1 | K71: 44757 | L71: 35095 | M71: =ROUND((($K$2-K71)/365),0) -> 4 | N71: =($K$2-L71)/365 -> 30.435616 | O71: =VLOOKUP(M71,Edad_Antigüedad!$M$2:$N$36,2) -> 18 | P71: LICENCIATURA | Q71: 0 | R71: 0 | S71: 0 | T71: 0 | U71: 1 | V71: 0 | W71: 0 | X71: 0 | Y71: 0 | Z71: 0 | AA71: 0
A72: CUARTOS FRIOS | B72: MANEJO DE TIERRAS FILTRANTES | C72: C | D72: 32222224 | E72: RICARDO ESTEBAN JARAMILLO ROBLES | F72: 32045174 | G72: MIGUEL ANGEL RIVERA MUÑOZ | H72: LOS BRONCOS | I72: Manejo de tierras filtrantes | J72: 1 | K72: 45093 | L72: 37958 | M72: =ROUND((($K$2-K72)/365),0) -> 3 | N72: =($K$2-L72)/365 -> 22.591781 | O72: =VLOOKUP(M72,Edad_Antigüedad!$M$2:$N$36,2) -> 16 | P72: CURSANDO LIC. | Q72: 0 | R72: 0 | S72: 0 | T72: 0 | U72: 0 | V72: 0 | W72: 1 | X72: 0 | Y72: 0 | Z72: 0 | AA72: 0
A73: CUARTOS FRIOS | B73: TECNICO DE ELABORACION | C73: 9 | D73: 32231910 | E73: ARIADNNE MAGDALENA TORRES RODRIGUEZ | F73: 32045174 | G73: MIGUEL ANGEL RIVERA MUÑOZ | H73: LOS BRONCOS | I73: Técnico de elaboración | J73: 1 | K73: 45583 | L73: 36997 | M73: =ROUND((($K$2-K73)/365),0) -> 2 | N73: =($K$2-L73)/365 -> 25.224658 | O73: =VLOOKUP(M73,Edad_Antigüedad!$M$2:$N$36,2) -> 14 | P73: LICENCIATURA | Q73: 0 | R73: 0 | S73: 0 | T73: 0 | U73: 0 | V73: 0 | W73: 1 | X73: 0 | Y73: 0 | Z73: 0 | AA73: 0
A74: COCIMIENTOS | B74: SUPERVISOR DE COCIMIENTOS | C74: 7 | D74: 32174889 | E74: FÁTIMA NEDITH GOMEZ MIRELES | F74: 32132858 | G74: CLAUDIA ALEXANDRA ALVAREZ BARBA | H74: LOS CAZADORES DEL AMARGOR | I74: LIDER DE TURNO | J74: 1 | K74: 43514 | L74: 35340 | M74: =ROUND((($K$2-K74)/365),0) -> 7 | N74: =($K$2-L74)/365 -> 29.764384 | O74: =VLOOKUP(M74,Edad_Antigüedad!$M$2:$N$36,2) -> 22 | P74: INGENIERIA | Q74: CERVECERO | R74: 1 | S74: 1 | T74: 1 | U74: 0 | V74: 0 | W74: 0 | X74: 0 | Y74: 0 | Z74: 0 | AA74: 0 | AB74: 0 | AC74: 0 | AD74: 0 | AE74: 0 | AF74: 0 | AG74: 0 | AH74: 0 | AI74: 0 | AJ74: 0 | AK74: 0 | AL74: 0 | AM74: 0 | AN74: 0 | AO74: 0
A75: COCIMIENTOS | B75: SUPERVISOR DE COCIMIENTOS | C75: 7 | D75: 32044788 | E75: OSCAR NUÑEZ CALZADA | F75: 32132858 | G75: CLAUDIA ALEXANDRA ALVAREZ BARBA | H75: LOS CAZADORES DEL AMARGOR | I75: LIDER SECUNDARIO | J75: 1 | K75: 36412 | L75: 27877 | M75: =ROUND((($K$2-K75)/365),0) -> 27 | N75: =($K$2-L75)/365 -> 50.210959 | O75: =VLOOKUP(M75,Edad_Antigüedad!$M$2:$N$36,2) -> 30 | P75: INGENIERIA | Q75: SIEBEL | R75: 1 | S75: 1 | T75: 1 | U75: 1 | V75: 0 | W75: 0 | X75: 0 | Y75: 0 | Z75: 0 | AA75: 0 | AB75: 0 | AC75: 0 | AD75: 0 | AE75: 0 | AF75: 0 | AG75: 0 | AH75: 0 | AI75: 0 | AJ75: 0 | AK75: 0 | AL75: 0 | AM75: 0 | AN75: 0 | AO75: 0
A76: COCIMIENTOS | B76: OPERADOR DE MONTACARGAS | C76: AM | D76: 32043796 | E76: JUAN RAMON JIMENEZ DELGADO | F76: 32174889 | G76: FÁTIMA NEDITH GOMEZ MIRELES | H76: LOS CAZADORES DEL AMARGOR | I76: OPERADOR DE MONTACARGAS | J76: 1 | K76: 35121 | L76: 26411 | M76: =ROUND((($K$2-K76)/365),0) -> 30 | N76: =($K$2-L76)/365 -> 54.227397 | O76: =VLOOKUP(M76,Edad_Antigüedad!$M$2:$N$36,2) -> 30 | P76: SECUNDARIA | R76: 1 | S76: 1 | T76: 1 | U76: 0 | V76: 0 | W76: 0 | X76: 0 | Y76: 0 | Z76: 0 | AA76: 0 | AB76: 0 | AC76: 0 | AD76: 0 | AE76: 0 | AF76: 0 | AG76: 0 | AH76: 0 | AI76: 0 | AJ76: 0 | AK76: 0 | AL76: 0 | AM76: 0 | AN76: 0 | AO76: 0
A77: COCIMIENTOS | B77: OPERADOR DE MONTACARGAS | C77: AM | D77: 32044838 | E77: J MARIO TRUJILLO MEZA | F77: 32174889 | G77: FÁTIMA NEDITH GOMEZ MIRELES | H77: LOS CAZADORES DEL AMARGOR | I77: OPERADOR DE MONTACARGAS | J77: 1 | K77: 36549 | L77: 28560 | M77: =ROUND((($K$2-K77)/365),0) -> 26 | N77: =($K$2-L77)/365 -> 48.339726 | O77: =VLOOKUP(M77,Edad_Antigüedad!$M$2:$N$36,2) -> 30 | P77: SECUNDARIA | R77: 0 | S77: 0 | T77: 0 | U77: 0 | V77: 0 | W77: 0 | X77: 0 | Y77: 0 | Z77: 0 | AA77: 0 | AB77: 0 | AC77: 0 | AD77: 0 | AE77: 0 | AF77: 0 | AG77: 0 | AH77: 0 | AI77: 0 | AJ77: 0 | AK77: 0 | AL77: 0 | AM77: 0 | AN77: 0 | AO77: 0
A78: COCIMIENTOS | B78: OPERADOR DE MONTACARGAS | C78: AM | D78: 32148922 | E78: JUAN ANTONIO VALDEZ LICERIO | F78: 32174889 | G78: FÁTIMA NEDITH GOMEZ MIRELES | H78: LOS CAZADORES DEL AMARGOR | I78: OPERADOR DE MONTACARGAS | J78: 1 | K78: 42506 | L78: 33893 | M78: =ROUND((($K$2-K78)/365),0) -> 10 | N78: =($K$2-L78)/365 -> 33.728767 | O78: =VLOOKUP(M78,Edad_Antigüedad!$M$2:$N$36,2) -> 22 | P78: BACCHILLERATO | R78: 1 | S78: 1 | T78: 1 | U78: 0 | V78: 0 | W78: 0 | X78: 0 | Y78: 0 | Z78: 0 | AA78: 0 | AB78: 0 | AC78: 0 | AD78: 0 | AE78: 0 | AF78: 0 | AG78: 0 | AH78: 0 | AI78: 0 | AJ78: 0 | AK78: 0 | AL78: 0 | AM78: 0 | AN78: 0 | AO78: 0
A79: COCIMIENTOS | B79: OPERADOR ADICIONADOR | C79: BM | D79: 32197423 | E79: URIEL ESCOBEDO MURO | F79: 32174889 | G79: FÁTIMA NEDITH GOMEZ MIRELES | H79: LOS CAZADORES DEL AMARGOR | I79: OPERADOR ADICIONADOR | J79: 1 | K79: 44414 | L79: 35997 | M79: =ROUND((($K$2-K79)/365),0) -> 5 | N79: =($K$2-L79)/365 -> 27.964384 | O79: =VLOOKUP(M79,Edad_Antigüedad!$M$2:$N$36,2) -> 20 | P79: BACHILLERATO | Q79: EXCEL | R79: 0 | S79: 0 | T79: 0 | U79: 0 | V79: 0 | W79: 0 | X79: 0 | Y79: 0 | Z79: 0 | AA79: 0 | AB79: 0 | AC79: 0 | AD79: 0 | AE79: 0 | AF79: 0 | AG79: 0 | AH79: 0 | AI79: 0 | AJ79: 0 | AK79: 0 | AL79: 0 | AM79: 0 | AN79: 0 | AO79: 0
A80: COCIMIENTOS | B80: OPERADOR ADICIONADOR | C80: C | D80: 32202297 | E80: OMAR ALBERTO ROBLES SOSA | F80: 32174889 | G80: FÁTIMA NEDITH GOMEZ MIRELES | H80: LOS CAZADORES DEL AMARGOR | I80: OPERADOR ADICIONADOR | J80: 1 | K80: 44508 | L80: 36961 | M80: =ROUND((($K$2-K80)/365),0) -> 5 | N80: =($K$2-L80)/365 -> 25.323288 | O80: =VLOOKUP(M80,Edad_Antigüedad!$M$2:$N$36,2) -> 20 | P80: BACHILLERATO | R80: 0 | S80: 0 | T80: 0 | U80: 0 | V80: 0 | W80: 0 | X80: 0 | Y80: 0 | Z80: 0 | AA80: 0 | AB80: 0 | AC80: 0 | AD80: 0 | AE80: 0 | AF80: 0 | AG80: 0 | AH80: 0 | AI80: 0 | AJ80: 0 | AK80: 0 | AL80: 0 | AM80: 0 | AN80: 0 | AO80: 0
A81: COCIMIENTOS | B81: OPERADOR AYUDANTE DE DISOLUCIÓN | C81: C | D81: 32218817 | E81: MARCO AURELIO CUAUCOATL RAMIREZ REVELES | F81: 32174889 | G81: FÁTIMA NEDITH GOMEZ MIRELES | H81: LOS CAZADORES DEL AMARGOR | I81: OPERADOR AYUDANTE DE DISOLUCIÓN | J81: 1 | K81: 44883 | L81: 35935 | M81: =ROUND((($K$2-K81)/365),0) -> 4 | N81: =($K$2-L81)/365 -> 28.134247 | O81: =VLOOKUP(M81,Edad_Antigüedad!$M$2:$N$36,2) -> 18 | P81: BACHILLERATO | R81: 0 | S81: 0 | T81: 0 | U81: 0 | V81: 0 | W81: 0 | X81: 0 | Y81: 0 | Z81: 0 | AA81: 0 | AC81: 0 | AD81: 0 | AF81: 0 | AG81: 0 | AH81: 0 | AI81: 0 | AJ81: 0 | AK81: 0 | AL81: 0 | AM81: 0 | AN81: 0 | AO81: 0
A82: COCIMIENTOS | B82: TECNICO DE ELABORACION | C82: 9 | D82: 32233326 | E82: RAFAEL VERA ORTEGA | F82: 32174889 | G82: FÁTIMA NEDITH GOMEZ MIRELES | H82: LOS CAZADORES DEL AMARGOR | I82: TECNICO DE ELABORACION | J82: 1 | K82: 45705 | L82: 37553 | M82: =ROUND((($K$2-K82)/365),0) -> 1 | N82: =($K$2-L82)/365 -> 23.70137 | O82: =VLOOKUP(M82,Edad_Antigüedad!$M$2:$N$36,2) -> 12 | P82: INGENIERIA | Q82: 0 | S82: 0 | T82: 0 | U82: 0 | V82: 0 | W82: 0 | X82: 0 | Y82: 0 | Z82: 0 | AA82: 0 | AB82: 0 | AC82: 0 | AD82: 0 | AE82: 0 | AF82: 0 | AG82: 0 | AH82: 0 | AI82: 0 | AJ82: 0 | AK82: 0 | AL82: 0 | AM82: 0 | AN82: 0 | AO82: 0 | AX82: MASH-RAINBOW
A83: COCIMIENTOS | B83: OPERADOR DE MATERIAS PRIMAS | C83: BASE | D83: 32237830 | E83: ERIKA IVONE IBARRA NAVA | F83: 32174889 | G83: FÁTIMA NEDITH GOMEZ MIRELES | H83: LOS CAZADORES DEL AMARGOR | I83: OPERADOR DE MATERIAS PRIMAS | J83: 1 | K83: 45933 | L83: 35792 | M83: =ROUND((($K$2-K83)/365),0) -> 1 | N83: =($K$2-L83)/365 -> 28.526027 | O83: 12 | P83: LICENCIATURA | AX83: MASH-RAINBOW
A84: CUARTOS FRIOS | B84: QUAS | C84: BASE | D84: 32244174 | E84: ALEXIS BERLIN ALVAREZ CORONA | F84: 32146677 | G84: IVAN ALEJANDRO ROJERO MALDONADO | H84: LOS FUERTES DEL FRIO | I84: Bombero de cerveza | J84: 1
A85: CUARTOS FRIOS | B85: LLENADOR DE MOSTOS | C85: AM | D85: 32044776 | E85: BENITO VALLE VELAZQUEZ | F85: 32146677 | G85: IVAN ALEJANDRO ROJERO MALDONADO | H85: LOS FUERTES DEL FRIO | I85: Llenador de mosto | J85: 1 | K85: 36381 | L85: 25283 | M85: =ROUND((($K$2-K85)/365),0) -> 27 | N85: =($K$2-L85)/365 -> 57.317808 | O85: =VLOOKUP(M85,Edad_Antigüedad!$M$2:$N$36,2) -> 30 | P85: SECUNDARIA | Q85: 0 | R85: 0 | S85: 0 | T85: 0 | U85: 0 | V85: 1 | W85: 0 | X85: 0 | Y85: 0 | Z85: 0 | AA85: 0
A86: CUARTOS FRIOS | B86: LLENADOR DE GOBIERNO | C86: AM | D86: 32045128 | E86: JESUS CALDERON ALFARO | F86: 32146677 | G86: IVAN ALEJANDRO ROJERO MALDONADO | H86: LOS FUERTES DEL FRIO | I86: Llenador de gobierno | J86: 1 | K86: 36806 | L86: 29178 | M86: =ROUND((($K$2-K86)/365),0) -> 26 | N86: =($K$2-L86)/365 -> 46.646575 | O86: =VLOOKUP(M86,Edad_Antigüedad!$M$2:$N$36,2) -> 30 | P86: PREPARATORIA | Q86: 0 | R86: 0 | S86: 0 | T86: 0 | U86: 0 | V86: 0 | W86: 0 | X86: 0 | Y86: 0 | Z86: 0 | AA86: 0
A87: CUARTOS FRIOS | B87: VACIADOR DE GOBIERNO | C87: AM | D87: 32045410 | E87: RODOLFO CABRERA CASTRO | F87: 32146677 | G87: IVAN ALEJANDRO ROJERO MALDONADO | H87: LOS FUERTES DEL FRIO | I87: Vaciador de gobierno | J87: 1 | K87: 37062 | L87: 29441 | M87: =ROUND((($K$2-K87)/365),0) -> 25 | N87: =($K$2-L87)/365 -> 45.926027 | O87: =VLOOKUP(M87,Edad_Antigüedad!$M$2:$N$36,2) -> 28 | P87: PREPARATORIA | Q87: 0 | R87: 0 | S87: 0 | T87: 0 | U87: 0 | V87: 0 | W87: 1 | X87: 1 | Y87: 0 | Z87: 0 | AA87: 0
A88: CUARTOS FRIOS | B88: BOMBERO DE CERVEZA | C88: AM | D88: 32144776 | E88: WILMAR YOEL GONZALEZ LARA | F88: 32146677 | G88: IVAN ALEJANDRO ROJERO MALDONADO | H88: LOS FUERTES DEL FRIO | I88: Bombero de cerveza | J88: 1 | K88: 42359 | L88: 35628 | M88: =ROUND((($K$2-K88)/365),0) -> 11 | N88: =($K$2-L88)/365 -> 28.975342 | O88: =VLOOKUP(M88,Edad_Antigüedad!$M$2:$N$36,2) -> 24 | P88: PREPARATORIA | Q88: 0 | R88: 0 | S88: 0 | T88: 0 | U88: 0 | V88: 1 | W88: 1 | X88: 0 | Y88: 0 | Z88: 0 | AA88: 0
A89: CUARTOS FRIOS | B89: LLENADOR DE MOSTOS | C89: AM | D89: 32144778 | E89: JUAN FRANCISCO GARCIA CARRILLO | F89: 32146677 | G89: IVAN ALEJANDRO ROJERO MALDONADO | H89: LOS FUERTES DEL FRIO | I89: Llenador de mosto | J89: 1 | K89: 42359 | L89: 33785 | M89: =ROUND((($K$2-K89)/365),0) -> 11 | N89: =($K$2-L89)/365 -> 34.024658 | O89: =VLOOKUP(M89,Edad_Antigüedad!$M$2:$N$36,2) -> 24 | P89: SECUNDARIA | Q89: 0 | R89: 0 | S89: 0 | T89: 0 | U89: 0 | V89: 1 | W89: 0 | X89: 0 | Y89: 0 | Z89: 0 | AA89: 0
A90: CUARTOS FRIOS | B90: SUPERVISOR DE CUARTOS FRIOS | C90: 7 | D90: 32146677 | E90: IVAN ALEJANDRO ROJERO MALDONADO | F90: 32052556 | G90: JAIME ALEJANDRO LAGUNAS CARRERA | H90: LOS FUERTES DEL FRIO | I90: LIDER DE TURNO | J90: 2 | K90: 42430 | L90: 32609 | M90: =ROUND((($K$2-K90)/365),0) -> 10 | N90: =($K$2-L90)/365 -> 37.246575 | O90: =VLOOKUP(M90,Edad_Antigüedad!$M$2:$N$36,2) -> 22 | P90: LICENCIATURA
A91: CUARTOS FRIOS | B91: VACIADOR DE GOBIERNO | C91: AM | D91: 32149605 | E91: JUAN MANUEL RODARTE MARTINEZ | F91: 32146677 | G91: IVAN ALEJANDRO ROJERO MALDONADO | H91: LOS FUERTES DEL FRIO | I91: Vaciador de gobierno | J91: 1 | K91: 42527 | L91: 34130 | M91: =ROUND((($K$2-K91)/365),0) -> 10 | N91: =($K$2-L91)/365 -> 33.079452 | O91: =VLOOKUP(M91,Edad_Antigüedad!$M$2:$N$36,2) -> 22 | P91: SECUNDARIA | Q91: 0 | R91: 0 | S91: 0 | T91: 0 | U91: 0 | V91: 0 | W91: 1 | X91: 1 | Y91: 0 | Z91: 0 | AA91: 0
A92: CUARTOS FRIOS | B92: OPERADOR DE PLATOS | C92: AM | D92: 32196366 | E92: VICTOR HUGO ASCENCIO LEYVA | F92: 32146677 | G92: IVAN ALEJANDRO ROJERO MALDONADO | H92: LOS FUERTES DEL FRIO | I92: Bombero de cerveza | J92: 1 | K92: 44379 | L92: 33559 | M92: =ROUND((($K$2-K92)/365),0) -> 5 | N92: =($K$2-L92)/365 -> 34.643836 | O92: =VLOOKUP(M92,Edad_Antigüedad!$M$2:$N$36,2) -> 20 | P92: CURSANDO LIC. | Q92: 0 | R92: 0 | S92: 0 | T92: 0 | U92: 1 | V92: 0 | W92: 0 | X92: 0 | Y92: 0 | Z92: 0 | AA92: 0
A93: CUARTOS FRIOS | B93: TECNICO DE ELABORACION | C93: 9 | D93: 32196674 | E93: OSCAR RODRIGUEZ CODALLOS | F93: 32146677 | G93: IVAN ALEJANDRO ROJERO MALDONADO | H93: LOS FUERTES DEL FRIO | I93: Técnico de elaboración | J93: 2 | K93: 44393 | L93: 29991 | M93: =ROUND((($K$2-K93)/365),0) -> 5 | N93: =($K$2-L93)/365 -> 44.419178 | O93: =VLOOKUP(M93,Edad_Antigüedad!$M$2:$N$36,2) -> 20 | P93: LICENCIATURA | Q93: 0 | R93: 0 | S93: 0 | T93: 0 | U93: 0 | V93: 0 | W93: 0 | X93: 0 | Y93: 0 | Z93: 1 | AA93: 1 | AB93: 0 | AC93: 0 | AD93: 0 | AE93: 0 | AF93: 0 | AG93: 0 | AH93: 0
A94: CUARTOS FRIOS | B94: QUAS | C94: AM | D94: 32201713 | E94: RODOLFO ESPARZA GONZALEZ | F94: 32146677 | G94: IVAN ALEJANDRO ROJERO MALDONADO | H94: LOS FUERTES DEL FRIO | I94: QUAs | J94: 1 | K94: 44498 | L94: 37611 | M94: =ROUND((($K$2-K94)/365),0) -> 5 | N94: =($K$2-L94)/365 -> 23.542466 | O94: =VLOOKUP(M94,Edad_Antigüedad!$M$2:$N$36,2) -> 20 | P94: PREPARATORIA | Q94: 0 | R94: 0 | S94: 0 | T94: 0 | U94: 0 | V94: 0 | W94: 0 | X94: 0 | Y94: 0 | Z94: 0 | AA94: 0
A95: CUARTOS FRIOS | B95: LLENADOR DE GOBIERNO | C95: AM | D95: 32209922 | E95: Jose Guadalupe Valle Acuña | F95: 32146677 | G95: IVAN ALEJANDRO ROJERO MALDONADO | H95: LOS FUERTES DEL FRIO | I95: Llenador de gobierno | J95: 1 | K95: 44687 | L95: 35060 | M95: =ROUND((($K$2-K95)/365),0) -> 4 | N95: =($K$2-L95)/365 -> 30.531507 | O95: =VLOOKUP(M95,Edad_Antigüedad!$M$2:$N$36,2) -> 18 | P95: PREPARATORIA | Q95: 0 | R95: 0 | S95: 0 | T95: 0 | U95: 0 | V95: 1 | W95: 1 | X95: 1 | Y95: 0 | Z95: 0 | AA95: 0
A96: CUARTOS FRIOS | B96: QUAS | C96: B | D96: 32222222 | E96: EFREN GONZALEZ CONTRERAS | F96: 32146677 | G96: IVAN ALEJANDRO ROJERO MALDONADO | H96: LOS FUERTES DEL FRIO | I96: Bombero de levadura | J96: 1 | K96: 45093 | L96: 31967 | M96: =ROUND((($K$2-K96)/365),0) -> 3 | N96: =($K$2-L96)/365 -> 39.005479 | O96: =VLOOKUP(M96,Edad_Antigüedad!$M$2:$N$36,2) -> 16 | P96: PREPARATORIA | Q96: 0 | R96: 0 | S96: 0 | T96: 0 | U96: 0 | V96: 0 | W96: 0 | X96: 0 | Y96: 0 | Z96: 0 | AA96: 0
A97: CUARTOS FRIOS | B97: GOBIERNO | C97: 7 | D97: 32231307 | E97: RODRIGO REGALADO PALOMEQUE | G97: CLAUDIA ALEXANDRA ALVAREZ BARBA | H97: REYES DE LA MEZCLA | I97: Supervisor Elaboraión
A98: CUARTOS FRIOS | B98: MANEJO DE TIERRAS FILTRANTES | C98: B | D98: 32222223 | E98: HECTOR MANUEL DE LA ROSA AGUERO | F98: 32146677 | G98: IVAN ALEJANDRO ROJERO MALDONADO | H98: LOS FUERTES DEL FRIO | I98: Manejo de tierras filtrantes | J98: 1 | K98: 45093 | L98: 36243 | M98: =ROUND((($K$2-K98)/365),0) -> 3 | N98: =($K$2-L98)/365 -> 27.290411 | O98: =VLOOKUP(M98,Edad_Antigüedad!$M$2:$N$36,2) -> 16 | P98: CURSANDO LIC. | Q98: 0 | R98: 0 | S98: 0 | T98: 0 | U98: 0 | V98: 1 | W98: 1 | X98: 1 | Y98: 0 | Z98: 0 | AA98: 0
A99: CUARTOS FRIOS | B99: TECNICO DE ELABORACION | C99: 9 | D99: 32224001 | E99: SHERLYN GARCIA PEREZ | F99: 32146677 | G99: IVAN ALEJANDRO ROJERO MALDONADO | H99: LOS FUERTES DEL FRIO | I99: Técnico de elaboración | J99: 3 | K99: 45215 | L99: 36698 | M99: =ROUND((($K$2-K99)/365),0) -> 3 | N99: =($K$2-L99)/365 -> 26.043836 | O99: =VLOOKUP(M99,Edad_Antigüedad!$M$2:$N$36,2) -> 16 | P99: LICENCIATURA | Q99: 0 | R99: 0 | S99: 0 | T99: 0 | U99: 0 | V99: 0 | W99: 0 | X99: 1 | Y99: 0 | Z99: 0 | AA99: 0 | AB99: 0 | AC99: 0 | AD99: 0 | AE99: 0 | AF99: 0 | AG99: 0 | AH99: 0
A100: CUARTOS FRIOS | B100: TECNICO DE ELABORACION | C100: 9 | D100: 32231911 | E100: ANA PAOLA PERERA MARIN | F100: 32146677 | G100: IVAN ALEJANDRO ROJERO MALDONADO | H100: LOS FUERTES DEL FRIO | I100: Técnico de elaboración | J100: 1 | K100: 45583 | L100: 35877 | M100: =ROUND((($K$2-K100)/365),0) -> 2 | N100: =($K$2-L100)/365 -> 28.293151 | O100: =VLOOKUP(M100,Edad_Antigüedad!$M$2:$N$36,2) -> 14 | P100: LICENCIATURA | Q100: 0 | R100: 0 | S100: 0 | T100: 0 | U100: 0 | V100: 1 | W100: 0 | X100: 0 | Y100: 0 | Z100: 0 | AA100: 0
...
